occurrenceID,materialEntityID,basisOfRecord,datasetName,institutionCode,catalogNumber,materialEntityCategory,materialEntityType,taxonID,scientificName,scientificNameAuthorship,originalNameUsage,higherClassification,locationID,locality,island,islandGroup,country,countryCode,decimalLatitude,decimalLongitude,earliestEpochOrLowestSeries,latestEpochOrHighestSeries,associatedReferences,materialEntityRemarks,occurrenceRemarks,taxonRemarks,locationRemarks,dynamicProperties
MAS-SP-0001,MAS-SP-0001,FossilSpecimen,Mascarene Paleo Framework,NHMUK,PV A 3224,fossil,"Long bone diaphysis, probably tibia or femur.",MAS-TAX-0001,Raphus cucullatus,"(Linnaeus, 1758)",Raphus cucullatus,,MAS-LOC-0001,Petite Riviere,Mauritius,Mascarene Islands,Mauritius,MU,,,,,https://data.nhm.ac.uk/ | https://data.nhm.ac.uk/object/0729504b-1b72-40fe-bcf9-7455ea088784/1789031152519,checked and verified,"Raphus cucullatus. Nearest Named Place: Petite Riviere, Mauritius. Presented, Dr Philip B. Ayres; b.12/12/1813; d.30/04/1863; Ayres, 1861",Imported from NHMUK taxon-ID mapping; accepted taxonomy should be independently verified. Duplicate taxon record MAS-TAX-0013 was merged during database cleanup.,"Imported from NHMUK locality-ID mapping; precise locality, coordinates, stratigraphy and age require verification.","{""evidenceConfidence"":""A"",""photographAvailable"":""No"",""recordProvenanceClass"":""Direct museum record"",""sourceIDs"":[""MAS-SRC-0010""]}"
MAS-SP-0002,MAS-SP-0002,FossilSpecimen,Mascarene Paleo Framework,NHMUK,PV A 1387,fossil,Musket ball on carpometacarpus (CMC) of a male bird. Thin sectioned by Tony Wighton.,MAS-TAX-0002,Pezophaps solitaria,,Pezophaps solitaria,,MAS-LOC-0002,Cavern,Rodrigues,Mascarene Islands,Mauritius,MU,,,,,https://data.nhm.ac.uk/ | https://www.researchgate.net/publication/263144413_Fight_club_a_unique_weapon_in_the_wing_of_the_solitairePezophaps_solitariaAves_Columbidae_an_extinct_flightless_bird_from_Rodrigues_Mascarene_Islands_Solitaire_Wing_Weapon,checked and verified,"Pezophaps solitaria. Quaternary, Pleistocene ?. Rodriguez (Rodrigues), Cavern, Rodriguez (Rodrigues)",Imported from NHMUK taxon-ID mapping; accepted taxonomy should be independently verified.,"Imported from NHMUK locality-ID mapping; precise locality, coordinates, stratigraphy and age require verification.","{""evidenceConfidence"":""A"",""photographAvailable"":""Yes"",""recordProvenanceClass"":""Direct museum record"",""sourceIDs"":[""MAS-SRC-0010""]}"
MAS-SP-0003,MAS-SP-0003,FossilSpecimen,Mascarene Paleo Framework,NHMUK,PV A 3296,fossil,mandibular symphysis,MAS-TAX-0003,Lophopsittacus mauritianus,"Owen, 1866","Lophopsittacus mauritianus Owen, 1866",,MAS-LOC-0003,Mare aux Songes,Mauritius,Mascarene Islands,Mauritius,MU,,,,,https://data.nhm.ac.uk/ | https://data.nhm.ac.uk/object/b23f8cc5-a340-4a0f-9faf-0262655b560f/1789031152519,checked and verified,"Lophopsittacus mauritianus Owen, 1866. Quaternary, Pleistocene. Mare aux Songes, Mauritius",Imported from NHMUK taxon-ID mapping; accepted taxonomy should be independently verified.,"Imported from NHMUK locality-ID mapping; precise locality, coordinates, stratigraphy and age require verification. Name standardized to 'Mare aux Songes'; hyphenated forms are retained in specimen provenance when present.","{""evidenceConfidence"":""A"",""photographAvailable"":""No"",""recordProvenanceClass"":""Direct museum record"",""sourceIDs"":[""MAS-SRC-0010""],""taxonSynonyms"":""Psittacus mauritianus""}"
MAS-SP-0004,MAS-SP-0004,FossilSpecimen,Mascarene Paleo Framework,NHMUK,PV A 9041,fossil,humerus male right.,MAS-TAX-0002,Pezophaps solitaria,,Pezophaps solitaria,,MAS-LOC-0002,Cavern,Rodrigues,Mascarene Islands,Mauritius,MU,,,,,https://data.nhm.ac.uk/ | https://www.researchgate.net/publication/263144413_Fight_club_a_unique_weapon_in_the_wing_of_the_solitairePezophaps_solitariaAves_Columbidae_an_extinct_flightless_bird_from_Rodrigues_Mascarene_Islands_Solitaire_Wing_Weapon,checked and verified,"Pezophaps solitaria. FIGURED. Rodriguez (Rodrigues), Cavern, Rodriguez (Rodrigues)",Imported from NHMUK taxon-ID mapping; accepted taxonomy should be independently verified.,"Imported from NHMUK locality-ID mapping; precise locality, coordinates, stratigraphy and age require verification.","{""evidenceConfidence"":""A"",""photographAvailable"":""Yes"",""recordProvenanceClass"":""Direct museum record"",""sourceIDs"":[""MAS-SRC-0010""]}"
MAS-SP-0005,MAS-SP-0005,FossilSpecimen,Mascarene Paleo Framework,NHMUK,PV A 9042,fossil,coracoid left female,MAS-TAX-0002,Pezophaps solitaria,,Pezophaps solitaria,,MAS-LOC-0002,Cavern,Rodrigues,Mascarene Islands,Mauritius,MU,,,,,https://data.nhm.ac.uk/ | https://www.researchgate.net/publication/263144413_Fight_club_a_unique_weapon_in_the_wing_of_the_solitairePezophaps_solitariaAves_Columbidae_an_extinct_flightless_bird_from_Rodrigues_Mascarene_Islands_Solitaire_Wing_Weapon,checked and verified,"Pezophaps solitaria. FIGURED. Rodriguez (Rodrigues), Cavern, Rodriguez (Rodrigues)",Imported from NHMUK taxon-ID mapping; accepted taxonomy should be independently verified.,"Imported from NHMUK locality-ID mapping; precise locality, coordinates, stratigraphy and age require verification.","{""evidenceConfidence"":""A"",""photographAvailable"":""Yes"",""recordProvenanceClass"":""Direct museum record"",""sourceIDs"":[""MAS-SRC-0010""]}"
MAS-SP-0006,MAS-SP-0006,FossilSpecimen,Mascarene Paleo Framework,NHMUK,PV A 9043,fossil,"ulna male right, pathological.",MAS-TAX-0002,Pezophaps solitaria,,Pezophaps solitaria,,MAS-LOC-0002,Cavern,Rodrigues,Mascarene Islands,Mauritius,MU,,,,,https://data.nhm.ac.uk/ | https://www.researchgate.net/publication/263144413_Fight_club_a_unique_weapon_in_the_wing_of_the_solitairePezophaps_solitariaAves_Columbidae_an_extinct_flightless_bird_from_Rodrigues_Mascarene_Islands_Solitaire_Wing_Weapon,checked and verified,"Pezophaps solitaria. FIGURED. Rodriguez (Rodrigues), Cavern, Rodriguez (Rodrigues)",Imported from NHMUK taxon-ID mapping; accepted taxonomy should be independently verified.,"Imported from NHMUK locality-ID mapping; precise locality, coordinates, stratigraphy and age require verification.","{""evidenceConfidence"":""A"",""photographAvailable"":""Yes"",""recordProvenanceClass"":""Direct museum record"",""sourceIDs"":[""MAS-SRC-0010""]}"
MAS-SP-0007,MAS-SP-0007,FossilSpecimen,Mascarene Paleo Framework,NHMUK,PV A 9044,fossil,Carpometacarpus without carpal knob; male.,MAS-TAX-0002,Pezophaps solitaria,,Pezophaps solitaria,,MAS-LOC-0002,Cavern,Rodrigues,Mascarene Islands,Mauritius,MU,,,,,https://data.nhm.ac.uk/ | https://www.researchgate.net/publication/263144413_Fight_club_a_unique_weapon_in_the_wing_of_the_solitairePezophaps_solitariaAves_Columbidae_an_extinct_flightless_bird_from_Rodrigues_Mascarene_Islands_Solitaire_Wing_Weapon,checked and verified,"Pezophaps solitaria. FIGURED. Rodriguez (Rodrigues), Cavern, Rodriguez (Rodrigues)",Imported from NHMUK taxon-ID mapping; accepted taxonomy should be independently verified.,"Imported from NHMUK locality-ID mapping; precise locality, coordinates, stratigraphy and age require verification.","{""evidenceConfidence"":""A"",""photographAvailable"":""Yes"",""recordProvenanceClass"":""Direct museum record"",""sourceIDs"":[""MAS-SRC-0010""]}"
MAS-SP-0008,MAS-SP-0008,FossilSpecimen,Mascarene Paleo Framework,NHMUK,PV A 9045,fossil,carpometacarpus with carpal knob ('musket ball'); female. Left.,MAS-TAX-0002,Pezophaps solitaria,,Pezophaps solitaria,,MAS-LOC-0002,Cavern,Rodrigues,Mascarene Islands,Mauritius,MU,,,,,https://data.nhm.ac.uk/ | https://www.researchgate.net/publication/263144413_Fight_club_a_unique_weapon_in_the_wing_of_the_solitairePezophaps_solitariaAves_Columbidae_an_extinct_flightless_bird_from_Rodrigues_Mascarene_Islands_Solitaire_Wing_Weapon,checked and verified,"Pezophaps solitaria. FIGURED. Rodriguez (Rodrigues), Cavern, Rodriguez (Rodrigues)",Imported from NHMUK taxon-ID mapping; accepted taxonomy should be independently verified.,"Imported from NHMUK locality-ID mapping; precise locality, coordinates, stratigraphy and age require verification.","{""evidenceConfidence"":""A"",""photographAvailable"":""Yes"",""recordProvenanceClass"":""Direct museum record"",""sourceIDs"":[""MAS-SRC-0010""]}"
MAS-SP-0009,MAS-SP-0009,FossilSpecimen,Mascarene Paleo Framework,NHMUK,PV A 9046,fossil,Carpometacarpus without carpal knob; female. Left.,MAS-TAX-0002,Pezophaps solitaria,,Pezophaps solitaria,,MAS-LOC-0002,Cavern,Rodrigues,Mascarene Islands,Mauritius,MU,,,,,https://data.nhm.ac.uk/ | https://www.researchgate.net/publication/263144413_Fight_club_a_unique_weapon_in_the_wing_of_the_solitairePezophaps_solitariaAves_Columbidae_an_extinct_flightless_bird_from_Rodrigues_Mascarene_Islands_Solitaire_Wing_Weapon,checked and verified,"Pezophaps solitaria. FIGURED. Rodriguez (Rodrigues), Cavern, Rodriguez (Rodrigues)",Imported from NHMUK taxon-ID mapping; accepted taxonomy should be independently verified.,"Imported from NHMUK locality-ID mapping; precise locality, coordinates, stratigraphy and age require verification.","{""evidenceConfidence"":""A"",""photographAvailable"":""Yes"",""recordProvenanceClass"":""Direct museum record"",""sourceIDs"":[""MAS-SRC-0010""]}"
MAS-SP-0010,MAS-SP-0010,FossilSpecimen,Mascarene Paleo Framework,NHMUK,PV A 9047,fossil,Carpometacarpus with large carpal knob; male. Right.,MAS-TAX-0002,Pezophaps solitaria,,Pezophaps solitaria,,MAS-LOC-0002,Cavern,Rodrigues,Mascarene Islands,Mauritius,MU,,,,,https://data.nhm.ac.uk/ | https://www.researchgate.net/publication/263144413_Fight_club_a_unique_weapon_in_the_wing_of_the_solitairePezophaps_solitariaAves_Columbidae_an_extinct_flightless_bird_from_Rodrigues_Mascarene_Islands_Solitaire_Wing_Weapon,checked and verified,"Pezophaps solitaria. FIGURED. Rodriguez (Rodrigues), Cavern, Rodriguez (Rodrigues)",Imported from NHMUK taxon-ID mapping; accepted taxonomy should be independently verified.,"Imported from NHMUK locality-ID mapping; precise locality, coordinates, stratigraphy and age require verification.","{""evidenceConfidence"":""A"",""photographAvailable"":""Yes"",""recordProvenanceClass"":""Direct museum record"",""sourceIDs"":[""MAS-SRC-0010""]}"
MAS-SP-0011A,MAS-SP-0011A,FossilSpecimen,Mascarene Paleo Framework,NHMUK,PV A 1441,fossil,"Batch of many solitaire bones, all pathological (healed fractures).",MAS-TAX-0002,Pezophaps solitaria,,Pezophaps solitaria,,MAS-LOC-0002,Cavern,Rodrigues,Mascarene Islands,Mauritius,MU,,,,,https://data.nhm.ac.uk/ | https://data.nhm.ac.uk/object/a61b99de-4e91-4962-b814-83dae302bd9e/1789031152519,checked and verified; duplicate catalogue record merged during v0.3 cleanup,"Pezophaps solitaria. Quaternary, Pleistocene. Rodriguez (Rodrigues), Cavern, Rodriguez (Rodrigues)",Imported from NHMUK taxon-ID mapping; accepted taxonomy should be independently verified.,"Imported from NHMUK locality-ID mapping; precise locality, coordinates, stratigraphy and age require verification.","{""evidenceConfidence"":""A"",""photographAvailable"":""No"",""recordProvenanceClass"":""Direct museum record"",""sourceIDs"":[""MAS-SRC-0010""]}"
MAS-SP-0011,MAS-SP-0011,FossilSpecimen,Mascarene Paleo Framework,NHMUK,PV A 1441 1,fossil,"humerus male right, pathological (healed fracture).",MAS-TAX-0002,Pezophaps solitaria,,Pezophaps solitaria,,MAS-LOC-0002,Cavern,Rodrigues,Mascarene Islands,Mauritius,MU,,,,,https://data.nhm.ac.uk/ | https://doi.org/10.1111/bij.12087 | https://www.researchgate.net/publication/263144413_Fight_club_a_unique_weapon_in_the_wing_of_the_solitairePezophaps_solitariaAves_Columbidae_an_extinct_flightless_bird_from_Rodrigues_Mascarene_Islands_Solitaire_Wing_Weapon | https://data.nhm.ac.uk/object/9ddd18d2-a0b2-411b-bbde-2e1d593abe5b/1789031152519,checked and verified; literature and NHMUK duplicate records merged during v0.3 cleanup,"Pezophaps solitaria. FIGURED. Quaternary, Pleistocene. Rodriguez (Rodrigues), Cavern, Rodriguez (Rodrigues)",Imported from NHMUK taxon-ID mapping; accepted taxonomy should be independently verified.,"Imported from NHMUK locality-ID mapping; precise locality, coordinates, stratigraphy and age require verification.","{""evidenceConfidence"":""A"",""photographAvailable"":""Yes"",""recordProvenanceClass"":""Direct museum record"",""sourceIDs"":[""MAS-SRC-0010"",""MAS-SRC-0003""]}"
MAS-SP-0012,MAS-SP-0012,FossilSpecimen,Mascarene Paleo Framework,NHMUK,PV A 1441 2,fossil,"Coracoid, female left, pathological (healed fracture)",MAS-TAX-0002,Pezophaps solitaria,,Pezophaps solitaria,,MAS-LOC-0002,Cavern,Rodrigues,Mascarene Islands,Mauritius,MU,,,,,https://data.nhm.ac.uk/ | https://doi.org/10.1111/bij.12087 | https://www.researchgate.net/publication/263144413_Fight_club_a_unique_weapon_in_the_wing_of_the_solitairePezophaps_solitariaAves_Columbidae_an_extinct_flightless_bird_from_Rodrigues_Mascarene_Islands_Solitaire_Wing_Weapon | https://data.nhm.ac.uk/object/da1a3367-35ae-44f1-bb4d-9fd655fdd10f/1789031152519,checked and verified; literature and NHMUK duplicate records merged during v0.3 cleanup,"Pezophaps solitaria. Quaternary, Pleistocene. Rodriguez (Rodrigues), Cavern, Rodriguez (Rodrigues)",Imported from NHMUK taxon-ID mapping; accepted taxonomy should be independently verified.,"Imported from NHMUK locality-ID mapping; precise locality, coordinates, stratigraphy and age require verification.","{""evidenceConfidence"":""A"",""photographAvailable"":""Yes"",""recordProvenanceClass"":""Direct museum record"",""sourceIDs"":[""MAS-SRC-0010"",""MAS-SRC-0003""]}"
MAS-SP-0013,MAS-SP-0013,FossilSpecimen,Mascarene Paleo Framework,NHMUK,PV A 3507/ PV A 3505,fossil,Carpometacarpi with and without carpal knobs; males and females.,MAS-TAX-0002,Pezophaps solitaria,,Pezophaps solitaria,,MAS-LOC-0002,Cavern,Rodrigues,Mascarene Islands,Mauritius,MU,,,,,https://data.nhm.ac.uk/ | https://data.nhm.ac.uk/object/7e99cae4-3a23-4eca-9839-5671d8ef4b9d/1789031152519,checked and verified,"Pezophaps solitaria. Quaternary, Pleistocene. Rodriguez (Rodrigues), Cavern, Rodriguez (Rodrigues)",Imported from NHMUK taxon-ID mapping; accepted taxonomy should be independently verified.,"Imported from NHMUK locality-ID mapping; precise locality, coordinates, stratigraphy and age require verification.","{""evidenceConfidence"":""A"",""photographAvailable"":""No"",""recordProvenanceClass"":""Direct museum record"",""sourceIDs"":[""MAS-SRC-0010""]}"
MAS-SP-0014,MAS-SP-0014,FossilSpecimen,Mascarene Paleo Framework,NHMUK,PV A 1377,fossil,"Sternum, female.",MAS-TAX-0002,Pezophaps solitaria,,Pezophaps solitaria,,MAS-LOC-0002,Cavern,Rodrigues,Mascarene Islands,Mauritius,MU,,,,,https://data.nhm.ac.uk/ | https://www.researchgate.net/publication/263144413_Fight_club_a_unique_weapon_in_the_wing_of_the_solitairePezophaps_solitariaAves_Columbidae_an_extinct_flightless_bird_from_Rodrigues_Mascarene_Islands_Solitaire_Wing_Weapon,checked and verified,"Pezophaps solitaria. Quaternary, Pleistocene. Rodriguez (Rodrigues), Cavern, Rodriguez (Rodrigues)",Imported from NHMUK taxon-ID mapping; accepted taxonomy should be independently verified.,"Imported from NHMUK locality-ID mapping; precise locality, coordinates, stratigraphy and age require verification.","{""evidenceConfidence"":""A"",""photographAvailable"":""Yes"",""recordProvenanceClass"":""Direct museum record"",""sourceIDs"":[""MAS-SRC-0010""]}"
MAS-SP-0015,MAS-SP-0015,FossilSpecimen,Mascarene Paleo Framework,NHMUK,PV A 1382,fossil,"Male ulna, right. Male radius, left and right.",MAS-TAX-0002,Pezophaps solitaria,,Pezophaps solitaria,,MAS-LOC-0002,Cavern,Rodrigues,Mascarene Islands,Mauritius,MU,,,,,https://data.nhm.ac.uk/ | https://www.researchgate.net/publication/263144413_Fight_club_a_unique_weapon_in_the_wing_of_the_solitairePezophaps_solitariaAves_Columbidae_an_extinct_flightless_bird_from_Rodrigues_Mascarene_Islands_Solitaire_Wing_Weapon,checked and verified,"Pezophaps solitaria. Quaternary, Pleistocene. Rodriguez (Rodrigues), Cavern, Rodriguez (Rodrigues)",Imported from NHMUK taxon-ID mapping; accepted taxonomy should be independently verified.,"Imported from NHMUK locality-ID mapping; precise locality, coordinates, stratigraphy and age require verification.","{""evidenceConfidence"":""A"",""photographAvailable"":""Yes"",""recordProvenanceClass"":""Direct museum record"",""sourceIDs"":[""MAS-SRC-0010""]}"
MAS-SP-0016,MAS-SP-0016,FossilSpecimen,Mascarene Paleo Framework,NHMUK,PV A 9050,fossil,Skull,MAS-TAX-0004,Necropsar rodericanus,,Necropsar rodericanus,,MAS-LOC-0002,Cavern,Rodrigues,Mascarene Islands,Mauritius,MU,,,,,https://data.nhm.ac.uk/ | https://data.nhm.ac.uk/object/1b2501ae-571e-4cdc-9e9e-9d45fc33440d/1789031152519,checked and verified,"Necropsar rodericanus. Rodriguez (Rodrigues), Cavern, Rodriguez (Rodrigues)",Imported from NHMUK taxon-ID mapping; accepted taxonomy should be independently verified.,"Imported from NHMUK locality-ID mapping; precise locality, coordinates, stratigraphy and age require verification.","{""evidenceConfidence"":""A"",""photographAvailable"":""No"",""recordProvenanceClass"":""Direct museum record"",""sourceIDs"":[""MAS-SRC-0010""]}"
MAS-SP-0017,MAS-SP-0017,FossilSpecimen,Mascarene Paleo Framework,NHMUK,PV OR 35902,fossil,Quadrate,MAS-TAX-0001,Raphus cucullatus,"(Linnaeus, 1758)",Raphus cucullatus,,MAS-LOC-0001,Petite Riviere,Mauritius,Mascarene Islands,Mauritius,MU,,,,,https://data.nhm.ac.uk/ | https://data.nhm.ac.uk/object/8849c529-99dd-4865-b055-dcff4ee7a3fd/1789031152519,checked and verified,"Raphus cucullatus. Nearest Named Place: Petite Riviere, Mauritius. Presented, Dr Philip B. Ayres; b.12/12/1813; d.30/04/1863; Ayres, 1861",Imported from NHMUK taxon-ID mapping; accepted taxonomy should be independently verified. Duplicate taxon record MAS-TAX-0013 was merged during database cleanup.,"Imported from NHMUK locality-ID mapping; precise locality, coordinates, stratigraphy and age require verification.","{""evidenceConfidence"":""A"",""photographAvailable"":""No"",""recordProvenanceClass"":""Direct museum record"",""sourceIDs"":[""MAS-SRC-0010""]}"
MAS-SP-0018,MAS-SP-0018,FossilSpecimen,Mascarene Paleo Framework,NHMUK,PV OR 35903,fossil,Fragment of radius?,MAS-TAX-0001,Raphus cucullatus,"(Linnaeus, 1758)",Raphus cucullatus,,MAS-LOC-0001,Petite Riviere,Mauritius,Mascarene Islands,Mauritius,MU,,,,,https://data.nhm.ac.uk/ | https://data.nhm.ac.uk/object/51186f23-ace1-4a7c-8f24-86227e59de3f/1789031152519,checked and verified,"Raphus cucullatus. Nearest Named Place: Petite Riviere, Mauritius. Presented, Dr Philip B. Ayres; b.12/12/1813; d.30/04/1863; Ayres, 1861",Imported from NHMUK taxon-ID mapping; accepted taxonomy should be independently verified. Duplicate taxon record MAS-TAX-0013 was merged during database cleanup.,"Imported from NHMUK locality-ID mapping; precise locality, coordinates, stratigraphy and age require verification.","{""evidenceConfidence"":""A"",""photographAvailable"":""No"",""recordProvenanceClass"":""Direct museum record"",""sourceIDs"":[""MAS-SRC-0010""]}"
MAS-SP-0019,MAS-SP-0019,FossilSpecimen,Mascarene Paleo Framework,NHMUK,PV A 1389,fossil,Carpometacarpus without carpal knob; female. Left and right.,MAS-TAX-0002,Pezophaps solitaria,,Pezophaps solitaria,,MAS-LOC-0002,Cavern,Rodrigues,Mascarene Islands,Mauritius,MU,,,,,https://data.nhm.ac.uk/ | https://data.nhm.ac.uk/object/bdd72c78-eaad-47df-9a81-bf96422c6743/1789031152519,checked and verified,"Pezophaps solitaria. Quaternary, Pleistocene. Rodriguez (Rodrigues), Cavern, Rodriguez (Rodrigues)",Imported from NHMUK taxon-ID mapping; accepted taxonomy should be independently verified.,"Imported from NHMUK locality-ID mapping; precise locality, coordinates, stratigraphy and age require verification.","{""evidenceConfidence"":""A"",""photographAvailable"":""No"",""recordProvenanceClass"":""Direct museum record"",""sourceIDs"":[""MAS-SRC-0010""]}"
MAS-SP-0021,MAS-SP-0021,FossilSpecimen,Mascarene Paleo Framework,NHMUK,PV A 3606,fossil,"Sternum, male.",MAS-TAX-0002,Pezophaps solitaria,,Pezophaps solitaria,,MAS-LOC-0002,Cavern,Rodrigues,Mascarene Islands,Mauritius,MU,,,,,https://data.nhm.ac.uk/ | https://data.nhm.ac.uk/object/3b17472f-37b8-4a99-a350-bb1f0a951550/1789031152519,checked and verified,"Pezophaps solitaria. Quaternary, Pleistocene. Rodriguez (Rodrigues), Cavern, Rodriguez (Rodrigues)",Imported from NHMUK taxon-ID mapping; accepted taxonomy should be independently verified.,"Imported from NHMUK locality-ID mapping; precise locality, coordinates, stratigraphy and age require verification.","{""evidenceConfidence"":""A"",""photographAvailable"":""No"",""recordProvenanceClass"":""Direct museum record"",""sourceIDs"":[""MAS-SRC-0010""]}"
MAS-SP-0022,MAS-SP-0022,FossilSpecimen,Mascarene Paleo Framework,NHMUK,PV A 1388,fossil,Carpometacarpus; male. Left and right.,MAS-TAX-0002,Pezophaps solitaria,,Pezophaps solitaria,,MAS-LOC-0002,Cavern,Rodrigues,Mascarene Islands,Mauritius,MU,,,,,https://data.nhm.ac.uk/ | https://data.nhm.ac.uk/object/8be152fb-5872-44a0-810a-2c8b2587492e/1789031152519,checked and verified,"Pezophaps solitaria. Quaternary, Pleistocene. Rodriguez (Rodrigues), Cavern, Rodriguez (Rodrigues)",Imported from NHMUK taxon-ID mapping; accepted taxonomy should be independently verified.,"Imported from NHMUK locality-ID mapping; precise locality, coordinates, stratigraphy and age require verification.","{""evidenceConfidence"":""A"",""photographAvailable"":""No"",""recordProvenanceClass"":""Direct museum record"",""sourceIDs"":[""MAS-SRC-0010""]}"
MAS-SP-0023,MAS-SP-0023,FossilSpecimen,Mascarene Paleo Framework,NHMUK,PV A 153,fossil,Imperfect skull,MAS-TAX-0005,Sula piscator,"(Linnaeus, 1758)","Sula piscator (Linnaeus, 1758)",,MAS-LOC-0004,Rodrigues Island,Rodrigues,Mascarene Islands,Mauritius,MU,,,,,https://data.nhm.ac.uk/ | https://data.nhm.ac.uk/object/fe69267e-eb7a-4851-904b-285842bafe3f/1789031152519,checked and verified,"Sula piscator (Linnaeus, 1758). Quaternary, Holocene. Rodrigues Island, Rodriguez, Mauritius",Imported from NHMUK taxon-ID mapping; accepted taxonomy should be independently verified.,"Imported from NHMUK locality-ID mapping; precise locality, coordinates, stratigraphy and age require verification.","{""evidenceConfidence"":""A"",""photographAvailable"":""No"",""recordProvenanceClass"":""Direct museum record"",""sourceIDs"":[""MAS-SRC-0010""]}"
MAS-SP-0024,MAS-SP-0024,FossilSpecimen,Mascarene Paleo Framework,NHMUK,PV A 360,fossil,Plaster cast of mandible,MAS-TAX-0003,Lophopsittacus mauritianus,"Owen, 1866","Lophopsittacus mauritianus Owen, 1866",,MAS-LOC-0005,Mauritius,Mauritius,Mascarene Islands,Mauritius,MU,,,,,https://data.nhm.ac.uk/ | https://data.nhm.ac.uk/object/7a4b2228-51cf-428d-a954-b6e57b2d8efc/1789031152519,checked and verified,"Lophopsittacus mauritianus Owen, 1866. CAST OF FIGURED SPECIMEN. Quaternary, Pleistocene - Holocene. Mauritius. Exchange, Cambridge Museum of Comparative Anatomy, /11/1893",Imported from NHMUK taxon-ID mapping; accepted taxonomy should be independently verified.,"Imported from NHMUK locality-ID mapping; precise locality, coordinates, stratigraphy and age require verification.","{""evidenceConfidence"":""A"",""photographAvailable"":""No"",""recordProvenanceClass"":""Direct museum record"",""sourceIDs"":[""MAS-SRC-0010""],""taxonSynonyms"":""Psittacus mauritianus""}"
MAS-SP-0025,MAS-SP-0025,FossilSpecimen,Mascarene Paleo Framework,NHMUK,PV A 361,fossil,Cast of anterior end of sternum,MAS-TAX-0003,Lophopsittacus mauritianus,"Owen, 1866","Lophopsittacus mauritianus Owen, 1866",,MAS-LOC-0005,Mauritius,Mauritius,Mascarene Islands,Mauritius,MU,,,,,https://data.nhm.ac.uk/ | https://data.nhm.ac.uk/object/9b318129-8fa3-4fc8-905c-af35e6734ee5/1789031152519,checked and verified,"Lophopsittacus mauritianus Owen, 1866. CAST OF FIGURED SPECIMEN. Quaternary, Pleistocene - Holocene. Mauritius. Exchange, Cambridge Museum of Comparative Anatomy, /11/1893",Imported from NHMUK taxon-ID mapping; accepted taxonomy should be independently verified.,"Imported from NHMUK locality-ID mapping; precise locality, coordinates, stratigraphy and age require verification.","{""evidenceConfidence"":""A"",""photographAvailable"":""No"",""recordProvenanceClass"":""Direct museum record"",""sourceIDs"":[""MAS-SRC-0010""],""taxonSynonyms"":""Psittacus mauritianus""}"
MAS-SP-0026,MAS-SP-0026,FossilSpecimen,Mascarene Paleo Framework,NHMUK,PV A 362,fossil,Cast of left metatarsus,MAS-TAX-0003,Lophopsittacus mauritianus,"Owen, 1866","Lophopsittacus mauritianus Owen, 1866",,MAS-LOC-0005,Mauritius,Mauritius,Mascarene Islands,Mauritius,MU,,,,,https://data.nhm.ac.uk/ | https://data.nhm.ac.uk/object/ad9525bd-a307-4db7-b6a1-6659421b82ca/1789031152519,checked and verified,"Lophopsittacus mauritianus Owen, 1866. CAST OF FIGURED SPECIMEN. Quaternary, Pleistocene - Holocene. Mauritius. Exchange, Cambridge Museum of Comparative Anatomy, /11/1893",Imported from NHMUK taxon-ID mapping; accepted taxonomy should be independently verified.,"Imported from NHMUK locality-ID mapping; precise locality, coordinates, stratigraphy and age require verification.","{""evidenceConfidence"":""A"",""photographAvailable"":""No"",""recordProvenanceClass"":""Direct museum record"",""sourceIDs"":[""MAS-SRC-0010""],""taxonSynonyms"":""Psittacus mauritianus""}"
MAS-SP-0027,MAS-SP-0027,FossilSpecimen,Mascarene Paleo Framework,NHMUK,PV A 363,fossil,Left metacarpal,MAS-TAX-0006,Astur alphonsi,"Newton & Gadow, 1893","Astur alphonsi Newton & Gadow, 1893",,MAS-LOC-0005,Mauritius,Mauritius,Mascarene Islands,Mauritius,MU,,,,,https://data.nhm.ac.uk/ | https://data.nhm.ac.uk/object/6030bcb4-c231-40dc-99e8-3bd463bd118c/1789031152519,checked and verified,"Astur alphonsi Newton & Gadow, 1893. HOLOTYPE. Quaternary, Pleistocene - Holocene. Mauritius. Exchange, Cambridge Museum of Comparative Anatomy, /11/1893",Imported from NHMUK taxon-ID mapping; accepted taxonomy should be independently verified.,"Imported from NHMUK locality-ID mapping; precise locality, coordinates, stratigraphy and age require verification.","{""evidenceConfidence"":""A"",""photographAvailable"":""No"",""recordProvenanceClass"":""Direct museum record"",""sourceIDs"":[""MAS-SRC-0010""]}"
MAS-SP-0028,MAS-SP-0028,FossilSpecimen,Mascarene Paleo Framework,NHMUK,PV A 364,fossil,Cast of pelvis and sacrum,MAS-TAX-0007,Plotus nanus,"Newton & Gadow, 1893","Plotus nanus Newton & Gadow, 1893",,MAS-LOC-0005,Mauritius,Mauritius,Mascarene Islands,Mauritius,MU,,,,,https://data.nhm.ac.uk/ | https://data.nhm.ac.uk/object/13324949-6fc4-419f-8c2a-cc34376c2315/1789031152519,checked and verified,"Plotus nanus Newton & Gadow, 1893. CAST OF HOLOTYPE. Quaternary, Pleistocene - Holocene. Mauritius. Exchange, Cambridge Museum of Comparative Anatomy, /11/1893",Imported from NHMUK taxon-ID mapping; accepted taxonomy should be independently verified.,"Imported from NHMUK locality-ID mapping; precise locality, coordinates, stratigraphy and age require verification.","{""evidenceConfidence"":""A"",""photographAvailable"":""No"",""recordProvenanceClass"":""Direct museum record"",""sourceIDs"":[""MAS-SRC-0010""]}"
MAS-SP-0029,MAS-SP-0029,FossilSpecimen,Mascarene Paleo Framework,NHMUK,PV A 365,fossil,Cast of left humerus,MAS-TAX-0007,Plotus nanus,"Newton & Gadow, 1893","Plotus nanus Newton & Gadow, 1893",,MAS-LOC-0005,Mauritius,Mauritius,Mascarene Islands,Mauritius,MU,,,,,https://data.nhm.ac.uk/ | https://data.nhm.ac.uk/object/84949480-3563-46ee-9cb2-d6d9f186869a/1789031152519,checked and verified,"Plotus nanus Newton & Gadow, 1893. CAST OF HOLOTYPE. Quaternary, Pleistocene - Holocene. Mauritius. Exchange, Cambridge Museum of Comparative Anatomy, /11/1893",Imported from NHMUK taxon-ID mapping; accepted taxonomy should be independently verified.,"Imported from NHMUK locality-ID mapping; precise locality, coordinates, stratigraphy and age require verification.","{""evidenceConfidence"":""A"",""photographAvailable"":""No"",""recordProvenanceClass"":""Direct museum record"",""sourceIDs"":[""MAS-SRC-0010""]}"
MAS-SP-0030,MAS-SP-0030,FossilSpecimen,Mascarene Paleo Framework,NHMUK,PV A 366,fossil,Cast of left coracoid,MAS-TAX-0008,Butorides mauritianus,"Gunther & Newton, 1879","Butorides mauritianus Gunther & Newton, 1879",,MAS-LOC-0005,Mauritius,Mauritius,Mascarene Islands,Mauritius,MU,,,,,https://data.nhm.ac.uk/ | https://data.nhm.ac.uk/object/e1c3e698-caaf-45f3-b8d9-31f6e9d6402f/1789031152519,checked and verified,"Butorides mauritianus Gunther & Newton, 1879. CAST OF HOLOTYPE. Quaternary, Pleistocene - Holocene. Mauritius. Exchange, Cambridge Museum of Comparative Anatomy, /11/1893",Imported from NHMUK taxon-ID mapping; accepted taxonomy should be independently verified.,"Imported from NHMUK locality-ID mapping; precise locality, coordinates, stratigraphy and age require verification.","{""evidenceConfidence"":""A"",""photographAvailable"":""No"",""recordProvenanceClass"":""Direct museum record"",""sourceIDs"":[""MAS-SRC-0010""]}"
MAS-SP-0031,MAS-SP-0031,FossilSpecimen,Mascarene Paleo Framework,NHMUK,PV A 367,fossil,Cast of left metatarsus,MAS-TAX-0008,Butorides mauritianus,"Gunther & Newton, 1879","Butorides mauritianus Gunther & Newton, 1879",,MAS-LOC-0005,Mauritius,Mauritius,Mascarene Islands,Mauritius,MU,,,,,https://data.nhm.ac.uk/ | https://data.nhm.ac.uk/object/0fdfe39b-c0dc-4936-9ffb-b33b9bfc167a/1789031152519,checked and verified,"Butorides mauritianus Gunther & Newton, 1879. CAST OF HOLOTYPE. Quaternary, Pleistocene - Holocene. Mauritius. Exchange, Cambridge Museum of Comparative Anatomy, /11/1893",Imported from NHMUK taxon-ID mapping; accepted taxonomy should be independently verified.,"Imported from NHMUK locality-ID mapping; precise locality, coordinates, stratigraphy and age require verification.","{""evidenceConfidence"":""A"",""photographAvailable"":""No"",""recordProvenanceClass"":""Direct museum record"",""sourceIDs"":[""MAS-SRC-0010""]}"
MAS-SP-0032,MAS-SP-0032,FossilSpecimen,Mascarene Paleo Framework,NHMUK,PV A 368,fossil,"No description in register, but it's a carpometacarpus (fig 9-10, pl XXXIV, Newton & Gadow, 1893)",MAS-TAX-0009,Sarcidiornis mauritianus,"Newton & Gadow, 1893","Sarcidiornis mauritianus Newton & Gadow, 1893",,MAS-LOC-0005,Mauritius,Mauritius,Mascarene Islands,Mauritius,MU,,,,,https://data.nhm.ac.uk/ | https://www.biologicaldiversity.org/campaigns/global_owl_project/descriptions/Fossil_owls/Newton%20&%20Gadow%201893.pdf,checked and verified,"Sarcidiornis mauritianus Newton & Gadow, 1893. HOLOTYPE. Quaternary, Pleistocene - Holocene. Mauritius. Exchange, Cambridge Museum of Comparative Anatomy, /11/1893",Imported from NHMUK taxon-ID mapping; accepted taxonomy should be independently verified.,"Imported from NHMUK locality-ID mapping; precise locality, coordinates, stratigraphy and age require verification.","{""evidenceConfidence"":""A"",""photographAvailable"":""Yes"",""recordProvenanceClass"":""Direct museum record"",""sourceIDs"":[""MAS-SRC-0010""]}"
MAS-SP-0033,MAS-SP-0033,FossilSpecimen,Mascarene Paleo Framework,NHMUK,PV A 369,fossil,Plaster cast of anterior end of sternum,MAS-TAX-0010,Anas theodori,"Newton & Gadow, 1893","Anas theodori Newton & Gadow, 1893",,MAS-LOC-0005,Mauritius,Mauritius,Mascarene Islands,Mauritius,MU,,,,,https://data.nhm.ac.uk/ | https://data.nhm.ac.uk/object/969e9f41-f524-4f8a-a98a-3833f166e6e3/1789031152519,checked and verified,"Anas theodori Newton & Gadow, 1893. CAST OF HOLOTYPE. Quaternary, Pleistocene - Holocene. Mauritius. Exchange, Cambridge Museum of Comparative Anatomy, /11/1893",Imported from NHMUK taxon-ID mapping; accepted taxonomy should be independently verified.,"Imported from NHMUK locality-ID mapping; precise locality, coordinates, stratigraphy and age require verification.","{""evidenceConfidence"":""A"",""photographAvailable"":""No"",""recordProvenanceClass"":""Direct museum record"",""sourceIDs"":[""MAS-SRC-0010""]}"
MAS-SP-0034,MAS-SP-0034,FossilSpecimen,Mascarene Paleo Framework,NHMUK,PV A 370,fossil,Cast of end of premaxilla,MAS-TAX-0011,Fulica newtonii,"Milne-Edwards, 1867","Fulica newtonii Milne-Edwards, 1867",,MAS-LOC-0005,Mauritius,Mauritius,Mascarene Islands,Mauritius,MU,,,,,https://data.nhm.ac.uk/ | https://data.nhm.ac.uk/object/97e00b7e-9228-4d2b-a9a2-b699e65dd34e/1789031152519,checked and verified,"Fulica newtonii Milne-Edwards, 1867. CAST OF FIGURED SPECIMEN. Quaternary, Pleistocene - Holocene. Mauritius. Exchange, Cambridge Museum of Comparative Anatomy, /11/1893",Imported from NHMUK taxon-ID mapping; accepted taxonomy should be independently verified.,"Imported from NHMUK locality-ID mapping; precise locality, coordinates, stratigraphy and age require verification.","{""evidenceConfidence"":""A"",""photographAvailable"":""No"",""recordProvenanceClass"":""Direct museum record"",""sourceIDs"":[""MAS-SRC-0010""]}"
MAS-SP-0035,MAS-SP-0035,FossilSpecimen,Mascarene Paleo Framework,NHMUK,PV A 371,fossil,Cast of anterior region of sternum,MAS-TAX-0012,Aphanapteryx bonasia,"(Sélys-Longchamps, 1848)","Aphanapteryx broecki Schlegel, 1854",Aves: Gruiformes: Rallidae,MAS-LOC-0005,Mauritius,Mauritius,Mascarene Islands,Mauritius,MU,,,,,https://data.nhm.ac.uk/ | https://data.nhm.ac.uk/object/33429de7-ef95-4938-a945-66d40a7e6a6c/1789031152519,checked and verified,"Aphanapteryx broecki Schlegel, 1854. CAST OF FIGURED SPECIMEN. Quaternary, Pleistocene - Holocene. Mauritius. Exchange, Cambridge Museum of Comparative Anatomy, /11/1893",NHMUK raw identification retained in original_name. Hume (2019) treats historical broeckei/broecki names as synonyms of Aphanapteryx bonasia; current nomenclature should still be checked during taxonomic review.,"Imported from NHMUK locality-ID mapping; precise locality, coordinates, stratigraphy and age require verification.","{""evidenceConfidence"":""A"",""photographAvailable"":""No"",""recordProvenanceClass"":""Direct museum record"",""sourceIDs"":[""MAS-SRC-0010""],""taxonEvidenceConfidence"":""B"",""extinctionStatus"":""Extinct"",""taxonSynonyms"":""Aphanapteryx broecki Schlegel, 1854; Didus broeckei Schlegel, 1854"",""taxonIsland"":""Mauritius""}"
MAS-SP-0036,MAS-SP-0036,FossilSpecimen,Mascarene Paleo Framework,NHMUK,PV A 9064,fossil,left and right tarsometatarsal,MAS-TAX-0002,Pezophaps solitaria,,Pezophaps solitaria,,MAS-LOC-0006,,Rodrigues,Mascarene Islands,Mauritius,MU,,,,,https://data.nhm.ac.uk/ | https://data.nhm.ac.uk/object/57fbda96-4cbb-46f9-a94f-c582a455a60b/1789031152519,checked and verified,"Pezophaps solitaria. Quaternary, Holocene. Indian Ocean",Imported from NHMUK taxon-ID mapping; accepted taxonomy should be independently verified.,NHMUK locality mapping has no named locality; retained for specimen linkage and requires resolution.,"{""evidenceConfidence"":""A"",""photographAvailable"":""No"",""recordProvenanceClass"":""Direct museum record"",""sourceIDs"":[""MAS-SRC-0010""]}"
MAS-SP-0037,MAS-SP-0037,FossilSpecimen,Mascarene Paleo Framework,NHMUK,PV A 3297,fossil,,MAS-TAX-0003,Lophopsittacus mauritianus,"Owen, 1866","Lophopsittacus mauritianus Owen, 1866",,MAS-LOC-0003,Mare aux Songes,Mauritius,Mascarene Islands,Mauritius,MU,,,,,https://data.nhm.ac.uk/,Raw NHMUK database extract supplied by NHM; identification and fields not independently verified. Age retained as reported by NHM.,"Lophopsittacus mauritianus Owen, 1866. Quaternary, Pleistocene. Mare aux Songes, Mauritius",Imported from NHMUK taxon-ID mapping; accepted taxonomy should be independently verified.,"Imported from NHMUK locality-ID mapping; precise locality, coordinates, stratigraphy and age require verification. Name standardized to 'Mare aux Songes'; hyphenated forms are retained in specimen provenance when present.","{""evidenceConfidence"":""B"",""recordProvenanceClass"":""Direct museum record"",""sourceIDs"":[""MAS-SRC-0010""],""taxonSynonyms"":""Psittacus mauritianus""}"
MAS-SP-0038,MAS-SP-0038,FossilSpecimen,Mascarene Paleo Framework,NHMUK,PV A 1350,fossil,,MAS-TAX-0001,Raphus cucullatus,"(Linnaeus, 1758)",Raphus cucullatus,,MAS-LOC-0003,Mare aux Songes,Mauritius,Mascarene Islands,Mauritius,MU,,,,,https://data.nhm.ac.uk/,Raw NHMUK database extract supplied by NHM; identification and fields not independently verified. Age retained as reported by NHM.,"Raphus cucullatus (Linnaeus, 1758). Quaternary, Pleistocene. Mare aux Songes, Mauritius",Imported from NHMUK taxon-ID mapping; accepted taxonomy should be independently verified. Duplicate taxon record MAS-TAX-0013 was merged during database cleanup.,"Imported from NHMUK locality-ID mapping; precise locality, coordinates, stratigraphy and age require verification. Name standardized to 'Mare aux Songes'; hyphenated forms are retained in specimen provenance when present.","{""evidenceConfidence"":""B"",""recordProvenanceClass"":""Direct museum record"",""sourceIDs"":[""MAS-SRC-0010""]}"
MAS-SP-0039,MAS-SP-0039,FossilSpecimen,Mascarene Paleo Framework,NHMUK,PV A 901,fossil,,MAS-TAX-0001,Raphus cucullatus,"(Linnaeus, 1758)",Raphus cucullatus,,MAS-LOC-0003,Mare aux Songes,Mauritius,Mascarene Islands,Mauritius,MU,,,,,https://data.nhm.ac.uk/,Raw NHMUK database extract supplied by NHM; identification and fields not independently verified. Age retained as reported by NHM.,"Raphus cucullatus (Linnaeus, 1758). Quaternary, Pleistocene. Mare aux Songes, Mauritius. Purchase, Miss E E. Clark; Clark, /07/1910",Imported from NHMUK taxon-ID mapping; accepted taxonomy should be independently verified. Duplicate taxon record MAS-TAX-0013 was merged during database cleanup.,"Imported from NHMUK locality-ID mapping; precise locality, coordinates, stratigraphy and age require verification. Name standardized to 'Mare aux Songes'; hyphenated forms are retained in specimen provenance when present.","{""evidenceConfidence"":""B"",""recordProvenanceClass"":""Direct museum record"",""sourceIDs"":[""MAS-SRC-0010""]}"
MAS-SP-0041,MAS-SP-0041,FossilSpecimen,Mascarene Paleo Framework,NHMUK,PV A 435,fossil,,MAS-TAX-0001,Raphus cucullatus,"(Linnaeus, 1758)",Raphus cucullatus,,MAS-LOC-0005,Mauritius,Mauritius,Mascarene Islands,Mauritius,MU,,,,,https://data.nhm.ac.uk/,Raw NHMUK database extract supplied by NHM; identification and fields not independently verified. Age retained as reported by NHM.,"Raphus cucullatus (Linnaeus, 1758). Quaternary, Pleistocene - Holocene. Mauritius. Presented, Sir Charles C. Lees; b.11/03/1837; d.26/07/1898; Lees, /04/1892",Imported from NHMUK taxon-ID mapping; accepted taxonomy should be independently verified. Duplicate taxon record MAS-TAX-0013 was merged during database cleanup.,"Imported from NHMUK locality-ID mapping; precise locality, coordinates, stratigraphy and age require verification.","{""evidenceConfidence"":""B"",""recordProvenanceClass"":""Direct museum record"",""sourceIDs"":[""MAS-SRC-0010""]}"
MAS-SP-0042,MAS-SP-0042,FossilSpecimen,Mascarene Paleo Framework,NHMUK,PV A 372,fossil,,MAS-TAX-0001,Raphus cucullatus,"(Linnaeus, 1758)",Raphus cucullatus,,MAS-LOC-0005,Mauritius,Mauritius,Mascarene Islands,Mauritius,MU,,,,,https://data.nhm.ac.uk/,"Raw NHMUK database extract supplied by NHM; identification and fields not independently verified. NHM record flags: FIGURED, CAST OF FIGURED SPECIMEN. Age retained as reported by NHM. 'FIGURED'/'CAST OF FIGURED SPECIMEN' is not interpreted as current photograph availability.","Raphus cucullatus (Linnaeus, 1758). CAST OF FIGURED SPECIMEN. Quaternary, Pleistocene - Holocene. Mauritius. Exchange, Cambridge Museum of Comparative Anatomy, /11/1893",Imported from NHMUK taxon-ID mapping; accepted taxonomy should be independently verified. Duplicate taxon record MAS-TAX-0013 was merged during database cleanup.,"Imported from NHMUK locality-ID mapping; precise locality, coordinates, stratigraphy and age require verification.","{""evidenceConfidence"":""B"",""recordProvenanceClass"":""Direct museum record"",""sourceIDs"":[""MAS-SRC-0010""]}"
MAS-SP-0043,MAS-SP-0043,FossilSpecimen,Mascarene Paleo Framework,NHMUK,PV A 430,fossil,,MAS-TAX-0001,Raphus cucullatus,"(Linnaeus, 1758)",Raphus cucullatus,,MAS-LOC-0005,Mauritius,Mauritius,Mascarene Islands,Mauritius,MU,,,,,https://data.nhm.ac.uk/,Raw NHMUK database extract supplied by NHM; identification and fields not independently verified. Age retained as reported by NHM.,"Raphus cucullatus (Linnaeus, 1758). Quaternary, Pleistocene - Holocene. Mauritius. Presented, Sir Charles C. Lees; b.11/03/1837; d.26/07/1898; Lees, /04/1892",Imported from NHMUK taxon-ID mapping; accepted taxonomy should be independently verified. Duplicate taxon record MAS-TAX-0013 was merged during database cleanup.,"Imported from NHMUK locality-ID mapping; precise locality, coordinates, stratigraphy and age require verification.","{""evidenceConfidence"":""B"",""recordProvenanceClass"":""Direct museum record"",""sourceIDs"":[""MAS-SRC-0010""]}"
MAS-SP-0044,MAS-SP-0044,FossilSpecimen,Mascarene Paleo Framework,NHMUK,PV A 431,fossil,,MAS-TAX-0001,Raphus cucullatus,"(Linnaeus, 1758)",Raphus cucullatus,,MAS-LOC-0005,Mauritius,Mauritius,Mascarene Islands,Mauritius,MU,,,,,https://data.nhm.ac.uk/,Raw NHMUK database extract supplied by NHM; identification and fields not independently verified. Age retained as reported by NHM.,"Raphus cucullatus (Linnaeus, 1758). Quaternary, Pleistocene - Holocene. Mauritius. Presented, Sir Charles C. Lees; b.11/03/1837; d.26/07/1898; Lees, /04/1892",Imported from NHMUK taxon-ID mapping; accepted taxonomy should be independently verified. Duplicate taxon record MAS-TAX-0013 was merged during database cleanup.,"Imported from NHMUK locality-ID mapping; precise locality, coordinates, stratigraphy and age require verification.","{""evidenceConfidence"":""B"",""recordProvenanceClass"":""Direct museum record"",""sourceIDs"":[""MAS-SRC-0010""]}"
MAS-SP-0045,MAS-SP-0045,FossilSpecimen,Mascarene Paleo Framework,NHMUK,PV A 432,fossil,,MAS-TAX-0001,Raphus cucullatus,"(Linnaeus, 1758)",Raphus cucullatus,,MAS-LOC-0005,Mauritius,Mauritius,Mascarene Islands,Mauritius,MU,,,,,https://data.nhm.ac.uk/,Raw NHMUK database extract supplied by NHM; identification and fields not independently verified. Age retained as reported by NHM.,"Raphus cucullatus (Linnaeus, 1758). Quaternary, Pleistocene - Holocene. Mauritius. Presented, Sir Charles C. Lees; b.11/03/1837; d.26/07/1898; Lees, /04/1892",Imported from NHMUK taxon-ID mapping; accepted taxonomy should be independently verified. Duplicate taxon record MAS-TAX-0013 was merged during database cleanup.,"Imported from NHMUK locality-ID mapping; precise locality, coordinates, stratigraphy and age require verification.","{""evidenceConfidence"":""B"",""recordProvenanceClass"":""Direct museum record"",""sourceIDs"":[""MAS-SRC-0010""]}"
MAS-SP-0046,MAS-SP-0046,FossilSpecimen,Mascarene Paleo Framework,NHMUK,PV A 433,fossil,,MAS-TAX-0001,Raphus cucullatus,"(Linnaeus, 1758)",Raphus cucullatus,,MAS-LOC-0005,Mauritius,Mauritius,Mascarene Islands,Mauritius,MU,,,,,https://data.nhm.ac.uk/,Raw NHMUK database extract supplied by NHM; identification and fields not independently verified. Age retained as reported by NHM.,"Raphus cucullatus (Linnaeus, 1758). Quaternary, Pleistocene - Holocene. Mauritius. Presented, Sir Charles C. Lees; b.11/03/1837; d.26/07/1898; Lees, /04/1892",Imported from NHMUK taxon-ID mapping; accepted taxonomy should be independently verified. Duplicate taxon record MAS-TAX-0013 was merged during database cleanup.,"Imported from NHMUK locality-ID mapping; precise locality, coordinates, stratigraphy and age require verification.","{""evidenceConfidence"":""B"",""recordProvenanceClass"":""Direct museum record"",""sourceIDs"":[""MAS-SRC-0010""]}"
MAS-SP-0047,MAS-SP-0047,FossilSpecimen,Mascarene Paleo Framework,NHMUK,PV A 434,fossil,,MAS-TAX-0001,Raphus cucullatus,"(Linnaeus, 1758)",Raphus cucullatus,,MAS-LOC-0005,Mauritius,Mauritius,Mascarene Islands,Mauritius,MU,,,,,https://data.nhm.ac.uk/,Raw NHMUK database extract supplied by NHM; identification and fields not independently verified. Age retained as reported by NHM.,"Raphus cucullatus (Linnaeus, 1758). Quaternary, Pleistocene - Holocene. Mauritius. Presented, Sir Charles C. Lees; b.11/03/1837; d.26/07/1898; Lees, /04/1892",Imported from NHMUK taxon-ID mapping; accepted taxonomy should be independently verified. Duplicate taxon record MAS-TAX-0013 was merged during database cleanup.,"Imported from NHMUK locality-ID mapping; precise locality, coordinates, stratigraphy and age require verification.","{""evidenceConfidence"":""B"",""recordProvenanceClass"":""Direct museum record"",""sourceIDs"":[""MAS-SRC-0010""]}"
MAS-SP-0048,MAS-SP-0048,FossilSpecimen,Mascarene Paleo Framework,NHMUK,PV A 436,fossil,,MAS-TAX-0001,Raphus cucullatus,"(Linnaeus, 1758)",Raphus cucullatus,,MAS-LOC-0005,Mauritius,Mauritius,Mascarene Islands,Mauritius,MU,,,,,https://data.nhm.ac.uk/,Raw NHMUK database extract supplied by NHM; identification and fields not independently verified. Age retained as reported by NHM.,"Raphus cucullatus (Linnaeus, 1758). Quaternary, Pleistocene - Holocene. Mauritius. Presented, Sir Charles C. Lees; b.11/03/1837; d.26/07/1898; Lees, /04/1892",Imported from NHMUK taxon-ID mapping; accepted taxonomy should be independently verified. Duplicate taxon record MAS-TAX-0013 was merged during database cleanup.,"Imported from NHMUK locality-ID mapping; precise locality, coordinates, stratigraphy and age require verification.","{""evidenceConfidence"":""B"",""recordProvenanceClass"":""Direct museum record"",""sourceIDs"":[""MAS-SRC-0010""]}"
MAS-SP-0049,MAS-SP-0049,FossilSpecimen,Mascarene Paleo Framework,NHMUK,PV A 838,fossil,,MAS-TAX-0001,Raphus cucullatus,"(Linnaeus, 1758)",Raphus cucullatus,,MAS-LOC-0005,Mauritius,Mauritius,Mascarene Islands,Mauritius,MU,,,,,https://data.nhm.ac.uk/,Raw NHMUK database extract supplied by NHM; identification and fields not independently verified. Age retained as reported by NHM.,"Raphus cucullatus (Linnaeus, 1758). Quaternary, Pleistocene - Holocene. Corps de Garde Mountain, Mascarene Islands, Mauritius. Presented, Dr James E. Brown; Brown, /03/1903",Imported from NHMUK taxon-ID mapping; accepted taxonomy should be independently verified. Duplicate taxon record MAS-TAX-0013 was merged during database cleanup.,"Imported from NHMUK locality-ID mapping; precise locality, coordinates, stratigraphy and age require verification.","{""evidenceConfidence"":""B"",""recordProvenanceClass"":""Direct museum record"",""sourceIDs"":[""MAS-SRC-0010""]}"
MAS-SP-0050,MAS-SP-0050,FossilSpecimen,Mascarene Paleo Framework,NHMUK,PV A 896,fossil,,MAS-TAX-0001,Raphus cucullatus,"(Linnaeus, 1758)",Raphus cucullatus,,MAS-LOC-0003,Mare aux Songes,Mauritius,Mascarene Islands,Mauritius,MU,,,,,https://data.nhm.ac.uk/,Raw NHMUK database extract supplied by NHM; identification and fields not independently verified. Age retained as reported by NHM.,"Raphus cucullatus (Linnaeus, 1758). Quaternary, Pleistocene. Mare aux Songes, Grand Port, Mauritius. Purchase, Miss E E. Clark; Clark, /07/1910",Imported from NHMUK taxon-ID mapping; accepted taxonomy should be independently verified. Duplicate taxon record MAS-TAX-0013 was merged during database cleanup.,"Imported from NHMUK locality-ID mapping; precise locality, coordinates, stratigraphy and age require verification. Name standardized to 'Mare aux Songes'; hyphenated forms are retained in specimen provenance when present.","{""evidenceConfidence"":""B"",""recordProvenanceClass"":""Direct museum record"",""sourceIDs"":[""MAS-SRC-0010""]}"
MAS-SP-0051,MAS-SP-0051,FossilSpecimen,Mascarene Paleo Framework,NHMUK,PV A 897,fossil,,MAS-TAX-0001,Raphus cucullatus,"(Linnaeus, 1758)",Raphus cucullatus,,MAS-LOC-0003,Mare aux Songes,Mauritius,Mascarene Islands,Mauritius,MU,,,,,https://data.nhm.ac.uk/,Raw NHMUK database extract supplied by NHM; identification and fields not independently verified. Age retained as reported by NHM.,"Raphus cucullatus (Linnaeus, 1758). Quaternary, Pleistocene. Mare aux Songes, Grand Port, Mauritius. Purchase, Miss E E. Clark; Clark, /07/1910",Imported from NHMUK taxon-ID mapping; accepted taxonomy should be independently verified. Duplicate taxon record MAS-TAX-0013 was merged during database cleanup.,"Imported from NHMUK locality-ID mapping; precise locality, coordinates, stratigraphy and age require verification. Name standardized to 'Mare aux Songes'; hyphenated forms are retained in specimen provenance when present.","{""evidenceConfidence"":""B"",""recordProvenanceClass"":""Direct museum record"",""sourceIDs"":[""MAS-SRC-0010""]}"
MAS-SP-0052,MAS-SP-0052,FossilSpecimen,Mascarene Paleo Framework,NHMUK,PV A 898,fossil,,MAS-TAX-0001,Raphus cucullatus,"(Linnaeus, 1758)",Raphus cucullatus,,MAS-LOC-0003,Mare aux Songes,Mauritius,Mascarene Islands,Mauritius,MU,,,,,https://data.nhm.ac.uk/,Raw NHMUK database extract supplied by NHM; identification and fields not independently verified. Age retained as reported by NHM.,"Raphus cucullatus (Linnaeus, 1758). Quaternary, Pleistocene. Mare aux Songes, Grand Port, Mauritius. Purchase, Miss E E. Clark; Clark, /07/1910",Imported from NHMUK taxon-ID mapping; accepted taxonomy should be independently verified. Duplicate taxon record MAS-TAX-0013 was merged during database cleanup.,"Imported from NHMUK locality-ID mapping; precise locality, coordinates, stratigraphy and age require verification. Name standardized to 'Mare aux Songes'; hyphenated forms are retained in specimen provenance when present.","{""evidenceConfidence"":""B"",""recordProvenanceClass"":""Direct museum record"",""sourceIDs"":[""MAS-SRC-0010""]}"
MAS-SP-0053,MAS-SP-0053,FossilSpecimen,Mascarene Paleo Framework,NHMUK,PV A 899,fossil,,MAS-TAX-0001,Raphus cucullatus,"(Linnaeus, 1758)",Raphus cucullatus,,MAS-LOC-0003,Mare aux Songes,Mauritius,Mascarene Islands,Mauritius,MU,,,,,https://data.nhm.ac.uk/,Raw NHMUK database extract supplied by NHM; identification and fields not independently verified. Age retained as reported by NHM.,"Raphus cucullatus (Linnaeus, 1758). Quaternary, Pleistocene. Mare aux Songes, Grand Port, Mauritius. Purchase, Miss E E. Clark; Clark, /07/1910",Imported from NHMUK taxon-ID mapping; accepted taxonomy should be independently verified. Duplicate taxon record MAS-TAX-0013 was merged during database cleanup.,"Imported from NHMUK locality-ID mapping; precise locality, coordinates, stratigraphy and age require verification. Name standardized to 'Mare aux Songes'; hyphenated forms are retained in specimen provenance when present.","{""evidenceConfidence"":""B"",""recordProvenanceClass"":""Direct museum record"",""sourceIDs"":[""MAS-SRC-0010""]}"
MAS-SP-0054,MAS-SP-0054,FossilSpecimen,Mascarene Paleo Framework,NHMUK,PV A 900,fossil,,MAS-TAX-0001,Raphus cucullatus,"(Linnaeus, 1758)",Raphus cucullatus,,MAS-LOC-0003,Mare aux Songes,Mauritius,Mascarene Islands,Mauritius,MU,,,,,https://data.nhm.ac.uk/,Raw NHMUK database extract supplied by NHM; identification and fields not independently verified. Age retained as reported by NHM.,"Raphus cucullatus (Linnaeus, 1758). Quaternary, Pleistocene. Mare aux Songes, Grand Port, Mauritius. Purchase, Miss E E. Clark; Clark, /07/1910",Imported from NHMUK taxon-ID mapping; accepted taxonomy should be independently verified. Duplicate taxon record MAS-TAX-0013 was merged during database cleanup.,"Imported from NHMUK locality-ID mapping; precise locality, coordinates, stratigraphy and age require verification. Name standardized to 'Mare aux Songes'; hyphenated forms are retained in specimen provenance when present.","{""evidenceConfidence"":""B"",""recordProvenanceClass"":""Direct museum record"",""sourceIDs"":[""MAS-SRC-0010""]}"
MAS-SP-0055,MAS-SP-0055,FossilSpecimen,Mascarene Paleo Framework,NHMUK,PV A 902,fossil,,MAS-TAX-0001,Raphus cucullatus,"(Linnaeus, 1758)",Raphus cucullatus,,MAS-LOC-0003,Mare aux Songes,Mauritius,Mascarene Islands,Mauritius,MU,,,,,https://data.nhm.ac.uk/,Raw NHMUK database extract supplied by NHM; identification and fields not independently verified. Age retained as reported by NHM.,"Raphus cucullatus (Linnaeus, 1758). Quaternary, Pleistocene. Mare aux Songes, Grand Port, Mauritius. Purchase, Miss E E. Clark; Clark, /07/1910",Imported from NHMUK taxon-ID mapping; accepted taxonomy should be independently verified. Duplicate taxon record MAS-TAX-0013 was merged during database cleanup.,"Imported from NHMUK locality-ID mapping; precise locality, coordinates, stratigraphy and age require verification. Name standardized to 'Mare aux Songes'; hyphenated forms are retained in specimen provenance when present.","{""evidenceConfidence"":""B"",""recordProvenanceClass"":""Direct museum record"",""sourceIDs"":[""MAS-SRC-0010""]}"
MAS-SP-0056,MAS-SP-0056,FossilSpecimen,Mascarene Paleo Framework,NHMUK,PV A 72,fossil,,MAS-TAX-0001,Raphus cucullatus,"(Linnaeus, 1758)",Raphus cucullatus,,MAS-LOC-0003,Mare aux Songes,Mauritius,Mascarene Islands,Mauritius,MU,,,,,https://data.nhm.ac.uk/,Raw NHMUK database extract supplied by NHM; identification and fields not independently verified.,"Raphus cucullatus. Mare-aux-Songes, Mare-aux-Songes, Mauritius. Presented, Master - John E. Lee F.G.S.; b.21/12/1808; d.18/08/1887; Lee, /10/1885",Imported from NHMUK taxon-ID mapping; accepted taxonomy should be independently verified. Duplicate taxon record MAS-TAX-0013 was merged during database cleanup.,"Imported from NHMUK locality-ID mapping; precise locality, coordinates, stratigraphy and age require verification. Name standardized to 'Mare aux Songes'; hyphenated forms are retained in specimen provenance when present.","{""evidenceConfidence"":""B"",""recordProvenanceClass"":""Direct museum record"",""sourceIDs"":[""MAS-SRC-0010""]}"
MAS-SP-0057,MAS-SP-0057,FossilSpecimen,Mascarene Paleo Framework,NHMUK,PV A 1576,fossil,,MAS-TAX-0001,Raphus cucullatus,"(Linnaeus, 1758)",Raphus cucullatus,,MAS-LOC-0003,Mare aux Songes,Mauritius,Mascarene Islands,Mauritius,MU,,,,,https://data.nhm.ac.uk/,Raw NHMUK database extract supplied by NHM; identification and fields not independently verified. NHM record flags: NON-TYPE. Age retained as reported by NHM.,"Stub - [Specimen]: PV A 1576. Raphus cucullatus (Linnaeus, 1758). NON-TYPE. Quaternary. Mare aux Songes, Grand Port, Mauritius. Presented, Person String; Lieutenant Colonel C Turner Clark, /10/1922",Imported from NHMUK taxon-ID mapping; accepted taxonomy should be independently verified. Duplicate taxon record MAS-TAX-0013 was merged during database cleanup.,"Imported from NHMUK locality-ID mapping; precise locality, coordinates, stratigraphy and age require verification. Name standardized to 'Mare aux Songes'; hyphenated forms are retained in specimen provenance when present.","{""evidenceConfidence"":""B"",""recordProvenanceClass"":""Direct museum record"",""sourceIDs"":[""MAS-SRC-0010""]}"
MAS-SP-0058,MAS-SP-0058,FossilSpecimen,Mascarene Paleo Framework,NHMUK,PV A 9079,fossil,,MAS-TAX-0001,Raphus cucullatus,"(Linnaeus, 1758)",Raphus cucullatus,,MAS-LOC-0003,Mare aux Songes,Mauritius,Mascarene Islands,Mauritius,MU,,,,,https://data.nhm.ac.uk/,Raw NHMUK database extract supplied by NHM; identification and fields not independently verified. NHM record flags: NON-TYPE. Age retained as reported by NHM.,"Raphus cucullatus (Linnaeus, 1758). NON-TYPE. Quaternary. Mare aux Songes, Grand Port, Mauritius. Presented, Person String; Lieutenant Colonel C Turner Clark, /10/1922",Imported from NHMUK taxon-ID mapping; accepted taxonomy should be independently verified. Duplicate taxon record MAS-TAX-0013 was merged during database cleanup.,"Imported from NHMUK locality-ID mapping; precise locality, coordinates, stratigraphy and age require verification. Name standardized to 'Mare aux Songes'; hyphenated forms are retained in specimen provenance when present.","{""evidenceConfidence"":""B"",""recordProvenanceClass"":""Direct museum record"",""sourceIDs"":[""MAS-SRC-0010""]}"
MAS-SP-0059,MAS-SP-0059,FossilSpecimen,Mascarene Paleo Framework,NHMUK,PV A 3622,fossil,"sternum, unsexed",MAS-TAX-0001,Raphus cucullatus,"(Linnaeus, 1758)",Raphus cucullatus,,MAS-LOC-0003,Mare aux Songes,Mauritius,Mascarene Islands,Mauritius,MU,,,,,https://data.nhm.ac.uk/ | https://www.researchgate.net/publication/263144413_Fight_club_a_unique_weapon_in_the_wing_of_the_solitairePezophaps_solitariaAves_Columbidae_an_extinct_flightless_bird_from_Rodrigues_Mascarene_Islands_Solitaire_Wing_Weapon,Checked and verified,"Raphus cucullatus (Linnaeus, 1758). Quaternary, Holocene. Mare-aux-Songes, Mare-aux-Songes, Mauritius",Imported from NHMUK taxon-ID mapping; accepted taxonomy should be independently verified. Duplicate taxon record MAS-TAX-0013 was merged during database cleanup.,"Imported from NHMUK locality-ID mapping; precise locality, coordinates, stratigraphy and age require verification. Name standardized to 'Mare aux Songes'; hyphenated forms are retained in specimen provenance when present.","{""evidenceConfidence"":""A"",""photographAvailable"":""Yes"",""recordProvenanceClass"":""Direct museum record"",""sourceIDs"":[""MAS-SRC-0010""]}"
MAS-SP-0060,MAS-SP-0060,FossilSpecimen,Mascarene Paleo Framework,NHMUK,PV A 1340,fossil,,MAS-TAX-0001,Raphus cucullatus,"(Linnaeus, 1758)",Raphus cucullatus,,MAS-LOC-0003,Mare aux Songes,Mauritius,Mascarene Islands,Mauritius,MU,,,,,https://data.nhm.ac.uk/,Raw NHMUK database extract supplied by NHM; identification and fields not independently verified. Age retained as reported by NHM.,"Raphus cucullatus (Linnaeus, 1758). Quaternary, Holocene. Mare-aux-Songes, Mare-aux-Songes, Mauritius",Imported from NHMUK taxon-ID mapping; accepted taxonomy should be independently verified. Duplicate taxon record MAS-TAX-0013 was merged during database cleanup.,"Imported from NHMUK locality-ID mapping; precise locality, coordinates, stratigraphy and age require verification. Name standardized to 'Mare aux Songes'; hyphenated forms are retained in specimen provenance when present.","{""evidenceConfidence"":""B"",""recordProvenanceClass"":""Direct museum record"",""sourceIDs"":[""MAS-SRC-0010""]}"
MAS-SP-0061,MAS-SP-0061,FossilSpecimen,Mascarene Paleo Framework,NHMUK,PV A 729,fossil,,MAS-TAX-0001,Raphus cucullatus,"(Linnaeus, 1758)",Raphus cucullatus,,MAS-LOC-0003,Mare aux Songes,Mauritius,Mascarene Islands,Mauritius,MU,,,,,https://data.nhm.ac.uk/,Raw NHMUK database extract supplied by NHM; identification and fields not independently verified. NHM record flags: NON-TYPE. Age retained as reported by NHM.,"Raphus cucullatus (Linnaeus, 1758). NON-TYPE. Quaternary, Holocene. Mare-aux-Songes, Mare-aux-Songes, Mauritius. Made in the Museum, Cambridge Museum of Comparative Anatomy, 1900",Imported from NHMUK taxon-ID mapping; accepted taxonomy should be independently verified. Duplicate taxon record MAS-TAX-0013 was merged during database cleanup.,"Imported from NHMUK locality-ID mapping; precise locality, coordinates, stratigraphy and age require verification. Name standardized to 'Mare aux Songes'; hyphenated forms are retained in specimen provenance when present.","{""evidenceConfidence"":""B"",""recordProvenanceClass"":""Direct museum record"",""sourceIDs"":[""MAS-SRC-0010""]}"
MAS-SP-0062,MAS-SP-0062,FossilSpecimen,Mascarene Paleo Framework,NHMUK,PV A 9040,fossil,,MAS-TAX-0001,Raphus cucullatus,"(Linnaeus, 1758)",Raphus cucullatus,,MAS-LOC-0003,Mare aux Songes,Mauritius,Mascarene Islands,Mauritius,MU,,,,,https://data.nhm.ac.uk/,Raw NHMUK database extract supplied by NHM; identification and fields not independently verified. NHM record flags: NON-TYPE. Age retained as reported by NHM.,"Raphus cucullatus (Linnaeus, 1758). NON-TYPE. Quaternary, Holocene. Mare-aux-Songes, Mare-aux-Songes, Mauritius",Imported from NHMUK taxon-ID mapping; accepted taxonomy should be independently verified. Duplicate taxon record MAS-TAX-0013 was merged during database cleanup.,"Imported from NHMUK locality-ID mapping; precise locality, coordinates, stratigraphy and age require verification. Name standardized to 'Mare aux Songes'; hyphenated forms are retained in specimen provenance when present.","{""evidenceConfidence"":""B"",""recordProvenanceClass"":""Direct museum record"",""sourceIDs"":[""MAS-SRC-0010""]}"
MAS-SP-0063,MAS-SP-0063,FossilSpecimen,Mascarene Paleo Framework,NHMUK,PV A 1373,fossil,,MAS-TAX-0002,Pezophaps solitaria,,Pezophaps solitaria,,MAS-LOC-0002,Cavern,Rodrigues,Mascarene Islands,Mauritius,MU,,,,,https://data.nhm.ac.uk/,Raw NHMUK database extract supplied by NHM; identification and fields not independently verified. NHM record flags: NON-TYPE. Age retained as reported by NHM.,"Pezophaps solitaria. NON-TYPE. Quaternary, Pleistocene. Rodriguez (Rodrigues), Cavern, Rodriguez (Rodrigues)",Imported from NHMUK taxon-ID mapping; accepted taxonomy should be independently verified.,"Imported from NHMUK locality-ID mapping; precise locality, coordinates, stratigraphy and age require verification.","{""evidenceConfidence"":""B"",""recordProvenanceClass"":""Direct museum record"",""sourceIDs"":[""MAS-SRC-0010""]}"
MAS-SP-0064,MAS-SP-0064,FossilSpecimen,Mascarene Paleo Framework,NHMUK,PV A 3506,fossil,,MAS-TAX-0002,Pezophaps solitaria,,Pezophaps solitaria,,MAS-LOC-0006,,Rodrigues,Mascarene Islands,Mauritius,MU,,,,,https://data.nhm.ac.uk/,Raw NHMUK database extract supplied by NHM; identification and fields not independently verified. NHM record flags: NON-TYPE. Age retained as reported by NHM.,"Pezophaps solitaria. NON-TYPE. Quaternary, Holocene. Plaine Corail (caverns), Rodriguez, Mauritius. Presented, The Royal Society of London, 1876",Imported from NHMUK taxon-ID mapping; accepted taxonomy should be independently verified.,NHMUK locality mapping has no named locality; retained for specimen linkage and requires resolution.,"{""evidenceConfidence"":""B"",""recordProvenanceClass"":""Direct museum record"",""sourceIDs"":[""MAS-SRC-0010""]}"
MAS-SP-0065,MAS-SP-0065,FossilSpecimen,Mascarene Paleo Framework,NHMUK,PV A 3505,fossil,,MAS-TAX-0002,Pezophaps solitaria,,Pezophaps solitaria,,MAS-LOC-0006,,Rodrigues,Mascarene Islands,Mauritius,MU,,,,,https://data.nhm.ac.uk/,Raw NHMUK database extract supplied by NHM; identification and fields not independently verified. NHM record flags: NON-TYPE. Age retained as reported by NHM.,"Pezophaps solitaria. NON-TYPE. Quaternary, Holocene. Plaine Corail (caverns), Rodriguez, Mauritius. Presented, The Royal Society of London, 1876",Imported from NHMUK taxon-ID mapping; accepted taxonomy should be independently verified.,NHMUK locality mapping has no named locality; retained for specimen linkage and requires resolution.,"{""evidenceConfidence"":""B"",""recordProvenanceClass"":""Direct museum record"",""sourceIDs"":[""MAS-SRC-0010""]}"
MAS-SP-0066,MAS-SP-0066,FossilSpecimen,Mascarene Paleo Framework,NHMUK,PV A 70,fossil,,MAS-TAX-0001,Raphus cucullatus,"(Linnaeus, 1758)",Raphus cucullatus,,MAS-LOC-0005,Mauritius,Mauritius,Mascarene Islands,Mauritius,MU,,,,,https://data.nhm.ac.uk/,Raw NHMUK database extract supplied by NHM; identification and fields not independently verified. Age retained as reported by NHM.,"Raphus cucullatus. Quaternary, Pleistocene - Holocene. Mauritius. Presented, Master - Sir Richard Owen; British Museum (Natural History); b.20 July 1804; d.18 Dec 1892; Owen, /08/1884",Imported from NHMUK taxon-ID mapping; accepted taxonomy should be independently verified. Duplicate taxon record MAS-TAX-0013 was merged during database cleanup.,"Imported from NHMUK locality-ID mapping; precise locality, coordinates, stratigraphy and age require verification.","{""evidenceConfidence"":""B"",""recordProvenanceClass"":""Direct museum record"",""sourceIDs"":[""MAS-SRC-0010""]}"
MAS-SP-0067,MAS-SP-0067,FossilSpecimen,Mascarene Paleo Framework,NHMUK,PV A 133,fossil,,MAS-TAX-0002,Pezophaps solitaria,,Pezophaps solitaria,,MAS-LOC-0002,Cavern,Rodrigues,Mascarene Islands,Mauritius,MU,,,,,https://data.nhm.ac.uk/,Raw NHMUK database extract supplied by NHM; identification and fields not independently verified.,"Pezophaps solitaria. Rodriguez (Rodrigues), Cavern, Rodriguez (Rodrigues). Presented, The Royal Society of London, 1876",Imported from NHMUK taxon-ID mapping; accepted taxonomy should be independently verified.,"Imported from NHMUK locality-ID mapping; precise locality, coordinates, stratigraphy and age require verification.","{""evidenceConfidence"":""B"",""recordProvenanceClass"":""Direct museum record"",""sourceIDs"":[""MAS-SRC-0010""]}"
MAS-SP-0068,MAS-SP-0068,FossilSpecimen,Mascarene Paleo Framework,NHMUK,PV A 133 a,fossil,,MAS-TAX-0002,Pezophaps solitaria,,Pezophaps solitaria,,MAS-LOC-0002,Cavern,Rodrigues,Mascarene Islands,Mauritius,MU,,,,,https://data.nhm.ac.uk/,Raw NHMUK database extract supplied by NHM; identification and fields not independently verified.,"Pezophaps solitaria. Rodriguez (Rodrigues), Cavern, Rodriguez (Rodrigues). Presented, The Royal Society of London, 1876",Imported from NHMUK taxon-ID mapping; accepted taxonomy should be independently verified.,"Imported from NHMUK locality-ID mapping; precise locality, coordinates, stratigraphy and age require verification.","{""evidenceConfidence"":""B"",""recordProvenanceClass"":""Direct museum record"",""sourceIDs"":[""MAS-SRC-0010""]}"
MAS-SP-0069,MAS-SP-0069,FossilSpecimen,Mascarene Paleo Framework,NHMUK,PV A 133 a (i),fossil,,MAS-TAX-0002,Pezophaps solitaria,,Pezophaps solitaria,,MAS-LOC-0002,Cavern,Rodrigues,Mascarene Islands,Mauritius,MU,,,,,https://data.nhm.ac.uk/,Raw NHMUK database extract supplied by NHM; identification and fields not independently verified.,"Pezophaps solitaria. Rodriguez (Rodrigues), Cavern, Rodriguez (Rodrigues). Presented, The Royal Society of London, 1876",Imported from NHMUK taxon-ID mapping; accepted taxonomy should be independently verified.,"Imported from NHMUK locality-ID mapping; precise locality, coordinates, stratigraphy and age require verification.","{""evidenceConfidence"":""B"",""recordProvenanceClass"":""Direct museum record"",""sourceIDs"":[""MAS-SRC-0010""]}"
MAS-SP-0070,MAS-SP-0070,FossilSpecimen,Mascarene Paleo Framework,NHMUK,PV A 133 a (ii),fossil,,MAS-TAX-0002,Pezophaps solitaria,,Pezophaps solitaria,,MAS-LOC-0002,Cavern,Rodrigues,Mascarene Islands,Mauritius,MU,,,,,https://data.nhm.ac.uk/,Raw NHMUK database extract supplied by NHM; identification and fields not independently verified.,"Pezophaps solitaria. Rodriguez (Rodrigues), Cavern, Rodriguez (Rodrigues). Presented, The Royal Society of London, 1876",Imported from NHMUK taxon-ID mapping; accepted taxonomy should be independently verified.,"Imported from NHMUK locality-ID mapping; precise locality, coordinates, stratigraphy and age require verification.","{""evidenceConfidence"":""B"",""recordProvenanceClass"":""Direct museum record"",""sourceIDs"":[""MAS-SRC-0010""]}"
MAS-SP-0071,MAS-SP-0071,FossilSpecimen,Mascarene Paleo Framework,NHMUK,PV A 133 a (3),fossil,,MAS-TAX-0002,Pezophaps solitaria,,Pezophaps solitaria,,MAS-LOC-0002,Cavern,Rodrigues,Mascarene Islands,Mauritius,MU,,,,,https://data.nhm.ac.uk/,Raw NHMUK database extract supplied by NHM; identification and fields not independently verified.,"Pezophaps solitaria. Rodriguez (Rodrigues), Cavern, Rodriguez (Rodrigues). Presented, The Royal Society of London, 1876",Imported from NHMUK taxon-ID mapping; accepted taxonomy should be independently verified.,"Imported from NHMUK locality-ID mapping; precise locality, coordinates, stratigraphy and age require verification.","{""evidenceConfidence"":""B"",""recordProvenanceClass"":""Direct museum record"",""sourceIDs"":[""MAS-SRC-0010""]}"
MAS-SP-0072,MAS-SP-0072,FossilSpecimen,Mascarene Paleo Framework,NHMUK,PV A 133 b,fossil,,MAS-TAX-0002,Pezophaps solitaria,,Pezophaps solitaria,,MAS-LOC-0002,Cavern,Rodrigues,Mascarene Islands,Mauritius,MU,,,,,https://data.nhm.ac.uk/,Raw NHMUK database extract supplied by NHM; identification and fields not independently verified.,"Pezophaps solitaria. Rodriguez (Rodrigues), Cavern, Rodriguez (Rodrigues). Presented, The Royal Society of London, 1876",Imported from NHMUK taxon-ID mapping; accepted taxonomy should be independently verified.,"Imported from NHMUK locality-ID mapping; precise locality, coordinates, stratigraphy and age require verification.","{""evidenceConfidence"":""B"",""recordProvenanceClass"":""Direct museum record"",""sourceIDs"":[""MAS-SRC-0010""]}"
MAS-SP-0073,MAS-SP-0073,FossilSpecimen,Mascarene Paleo Framework,NHMUK,PV A 133 c,fossil,,MAS-TAX-0002,Pezophaps solitaria,,Pezophaps solitaria,,MAS-LOC-0002,Cavern,Rodrigues,Mascarene Islands,Mauritius,MU,,,,,https://data.nhm.ac.uk/,Raw NHMUK database extract supplied by NHM; identification and fields not independently verified.,"Pezophaps solitaria. Rodriguez (Rodrigues), Cavern, Rodriguez (Rodrigues). Presented, The Royal Society of London, 1876",Imported from NHMUK taxon-ID mapping; accepted taxonomy should be independently verified.,"Imported from NHMUK locality-ID mapping; precise locality, coordinates, stratigraphy and age require verification.","{""evidenceConfidence"":""B"",""recordProvenanceClass"":""Direct museum record"",""sourceIDs"":[""MAS-SRC-0010""]}"
MAS-SP-0074,MAS-SP-0074,FossilSpecimen,Mascarene Paleo Framework,NHMUK,PV A 133 d,fossil,,MAS-TAX-0002,Pezophaps solitaria,,Pezophaps solitaria,,MAS-LOC-0002,Cavern,Rodrigues,Mascarene Islands,Mauritius,MU,,,,,https://data.nhm.ac.uk/,Raw NHMUK database extract supplied by NHM; identification and fields not independently verified.,"Pezophaps solitaria. Rodriguez (Rodrigues), Cavern, Rodriguez (Rodrigues). Presented, The Royal Society of London, 1876",Imported from NHMUK taxon-ID mapping; accepted taxonomy should be independently verified.,"Imported from NHMUK locality-ID mapping; precise locality, coordinates, stratigraphy and age require verification.","{""evidenceConfidence"":""B"",""recordProvenanceClass"":""Direct museum record"",""sourceIDs"":[""MAS-SRC-0010""]}"
MAS-SP-0075,MAS-SP-0075,FossilSpecimen,Mascarene Paleo Framework,NHMUK,PV A 133 e,fossil,,MAS-TAX-0002,Pezophaps solitaria,,Pezophaps solitaria,,MAS-LOC-0002,Cavern,Rodrigues,Mascarene Islands,Mauritius,MU,,,,,https://data.nhm.ac.uk/,Raw NHMUK database extract supplied by NHM; identification and fields not independently verified.,"Pezophaps solitaria. Rodriguez (Rodrigues), Cavern, Rodriguez (Rodrigues). Presented, The Royal Society of London, 1876",Imported from NHMUK taxon-ID mapping; accepted taxonomy should be independently verified.,"Imported from NHMUK locality-ID mapping; precise locality, coordinates, stratigraphy and age require verification.","{""evidenceConfidence"":""B"",""recordProvenanceClass"":""Direct museum record"",""sourceIDs"":[""MAS-SRC-0010""]}"
MAS-SP-0076,MAS-SP-0076,FossilSpecimen,Mascarene Paleo Framework,NHMUK,PV A 1376,fossil,,MAS-TAX-0002,Pezophaps solitaria,,Pezophaps solitaria,,MAS-LOC-0006,,Rodrigues,Mascarene Islands,Mauritius,MU,,,,,https://data.nhm.ac.uk/,Raw NHMUK database extract supplied by NHM; identification and fields not independently verified. NHM record flags: NON-TYPE. Age retained as reported by NHM.,"Pezophaps solitaria. NON-TYPE. Quaternary, Holocene. Plaine Corail (caverns), Rodriguez, Mauritius. Presented, The Royal Society of London, 1876",Imported from NHMUK taxon-ID mapping; accepted taxonomy should be independently verified.,NHMUK locality mapping has no named locality; retained for specimen linkage and requires resolution.,"{""evidenceConfidence"":""B"",""recordProvenanceClass"":""Direct museum record"",""sourceIDs"":[""MAS-SRC-0010""]}"
MAS-SP-0077,MAS-SP-0077,FossilSpecimen,Mascarene Paleo Framework,NHMUK,PV A 9078,fossil,,MAS-TAX-0015,Papasula abbotti nelsoni,"Hume, 2023","Papasula abbotti nelsoni Hume, 2023",,MAS-LOC-0006,,Rodrigues,Mascarene Islands,Mauritius,MU,,,,,https://data.nhm.ac.uk/,Raw NHMUK database extract supplied by NHM; identification and fields not independently verified. NHM record flags: NON-TYPE. Age retained as reported by NHM.,"Papasula abbotti nelsoni Hume, 2023. NON-TYPE. Quaternary, Holocene. Plaine Corail (caverns), Rodriguez, Mauritius. Presented, The Royal Society of London, 1876",Imported from NHMUK taxon-ID mapping; accepted taxonomy should be independently verified.,NHMUK locality mapping has no named locality; retained for specimen linkage and requires resolution.,"{""evidenceConfidence"":""B"",""recordProvenanceClass"":""Direct museum record"",""sourceIDs"":[""MAS-SRC-0010""]}"
MAS-SP-0078,MAS-SP-0078,FossilSpecimen,Mascarene Paleo Framework,NHMUK,PV A 9077,fossil,,MAS-TAX-0015,Papasula abbotti nelsoni,"Hume, 2023","Papasula abbotti nelsoni Hume, 2023",,MAS-LOC-0006,,Rodrigues,Mascarene Islands,Mauritius,MU,,,,,https://data.nhm.ac.uk/,Raw NHMUK database extract supplied by NHM; identification and fields not independently verified. NHM record flags: NON-TYPE. Age retained as reported by NHM.,"Papasula abbotti nelsoni Hume, 2023. NON-TYPE. Quaternary, Holocene. Plaine Corail (caverns), Rodriguez, Mauritius. Presented, The Royal Society of London, 1876",Imported from NHMUK taxon-ID mapping; accepted taxonomy should be independently verified.,NHMUK locality mapping has no named locality; retained for specimen linkage and requires resolution.,"{""evidenceConfidence"":""B"",""recordProvenanceClass"":""Direct museum record"",""sourceIDs"":[""MAS-SRC-0010""]}"
MAS-SP-0079,MAS-SP-0079,FossilSpecimen,Mascarene Paleo Framework,NHMUK,PV A 9076,fossil,,MAS-TAX-0015,Papasula abbotti nelsoni,"Hume, 2023","Papasula abbotti nelsoni Hume, 2023",,MAS-LOC-0006,,Rodrigues,Mascarene Islands,Mauritius,MU,,,,,https://data.nhm.ac.uk/,Raw NHMUK database extract supplied by NHM; identification and fields not independently verified. NHM record flags: NON-TYPE. Age retained as reported by NHM.,"Papasula abbotti nelsoni Hume, 2023. NON-TYPE. Quaternary, Holocene. Plaine Corail (caverns), Rodriguez, Mauritius. Presented, The Royal Society of London, 1876",Imported from NHMUK taxon-ID mapping; accepted taxonomy should be independently verified.,NHMUK locality mapping has no named locality; retained for specimen linkage and requires resolution.,"{""evidenceConfidence"":""B"",""recordProvenanceClass"":""Direct museum record"",""sourceIDs"":[""MAS-SRC-0010""]}"
MAS-SP-0080,MAS-SP-0080,FossilSpecimen,Mascarene Paleo Framework,NHMUK,PV A 9049,fossil,,MAS-TAX-0015,Papasula abbotti nelsoni,"Hume, 2023","Papasula abbotti nelsoni Hume, 2023",,MAS-LOC-0006,,Rodrigues,Mascarene Islands,Mauritius,MU,,,,,https://data.nhm.ac.uk/,Raw NHMUK database extract supplied by NHM; identification and fields not independently verified. NHM record flags: NON-TYPE. Age retained as reported by NHM.,"Papasula abbotti nelsoni Hume, 2023. NON-TYPE. Quaternary, Holocene. Plaine Corail (caverns), Rodriguez, Mauritius. Presented, The Royal Society of London, 1876",Imported from NHMUK taxon-ID mapping; accepted taxonomy should be independently verified.,NHMUK locality mapping has no named locality; retained for specimen linkage and requires resolution.,"{""evidenceConfidence"":""B"",""recordProvenanceClass"":""Direct museum record"",""sourceIDs"":[""MAS-SRC-0010""]}"
MAS-SP-0081,MAS-SP-0081,FossilSpecimen,Mascarene Paleo Framework,NHMUK,PV A 9038,fossil,,MAS-TAX-0016,Papasula abbotti,,Papasula abbotti,,MAS-LOC-0002,Cavern,Rodrigues,Mascarene Islands,Mauritius,MU,,,,,https://data.nhm.ac.uk/,Raw NHMUK database extract supplied by NHM; identification and fields not independently verified. NHM record flags: NON-TYPE.,"Papasula abbotti. NON-TYPE. Rodriguez (Rodrigues), Cavern, Rodriguez (Rodrigues). Presented, The Royal Society of London, 1876",Imported from NHMUK taxon-ID mapping; accepted taxonomy should be independently verified.,"Imported from NHMUK locality-ID mapping; precise locality, coordinates, stratigraphy and age require verification.","{""evidenceConfidence"":""B"",""recordProvenanceClass"":""Direct museum record"",""sourceIDs"":[""MAS-SRC-0010""]}"
MAS-SP-0082,MAS-SP-0082,FossilSpecimen,Mascarene Paleo Framework,NHMUK,PV M 55721,fossil,,,,,,,MAS-LOC-0003,Mare aux Songes,Mauritius,Mascarene Islands,Mauritius,MU,,,,,https://data.nhm.ac.uk/,Raw NHMUK database extract supplied by NHM; identification and fields not independently verified. Age retained as reported by NHM.,"Quaternary. Mare aux Songes, Mauritius. Presented, Person String; Rothschild, 1937",,"Imported from NHMUK locality-ID mapping; precise locality, coordinates, stratigraphy and age require verification. Name standardized to 'Mare aux Songes'; hyphenated forms are retained in specimen provenance when present.","{""evidenceConfidence"":""B"",""recordProvenanceClass"":""Direct museum record"",""sourceIDs"":[""MAS-SRC-0010""]}"
MAS-SP-0083,MAS-SP-0083,FossilSpecimen,Mascarene Paleo Framework,NHMUK,PV M 55729,fossil,,,,,,,MAS-LOC-0003,Mare aux Songes,Mauritius,Mascarene Islands,Mauritius,MU,,,,,https://data.nhm.ac.uk/,Raw NHMUK database extract supplied by NHM; identification and fields not independently verified. Age retained as reported by NHM.,"Quaternary. Mare aux Songes, Mauritius. Presented, Person String; Rothschild, 1937",,"Imported from NHMUK locality-ID mapping; precise locality, coordinates, stratigraphy and age require verification. Name standardized to 'Mare aux Songes'; hyphenated forms are retained in specimen provenance when present.","{""evidenceConfidence"":""B"",""recordProvenanceClass"":""Direct museum record"",""sourceIDs"":[""MAS-SRC-0010""]}"
MAS-SP-0084,MAS-SP-0084,FossilSpecimen,Mascarene Paleo Framework,NHMUK,PV M 55725,fossil,,,,,,,MAS-LOC-0003,Mare aux Songes,Mauritius,Mascarene Islands,Mauritius,MU,,,,,https://data.nhm.ac.uk/,Raw NHMUK database extract supplied by NHM; identification and fields not independently verified. Age retained as reported by NHM.,"Quaternary. Mare aux Songes, Mauritius. Presented, Person String; Rothschild, 1937",,"Imported from NHMUK locality-ID mapping; precise locality, coordinates, stratigraphy and age require verification. Name standardized to 'Mare aux Songes'; hyphenated forms are retained in specimen provenance when present.","{""evidenceConfidence"":""B"",""recordProvenanceClass"":""Direct museum record"",""sourceIDs"":[""MAS-SRC-0010""]}"
MAS-SP-0085,MAS-SP-0085,FossilSpecimen,Mascarene Paleo Framework,NHMUK,PV M 55727,fossil,,,,,,,MAS-LOC-0003,Mare aux Songes,Mauritius,Mascarene Islands,Mauritius,MU,,,,,https://data.nhm.ac.uk/,Raw NHMUK database extract supplied by NHM; identification and fields not independently verified. Age retained as reported by NHM.,"Quaternary. Mare aux Songes, Mauritius. Presented, Person String; Rothschild, 1937",,"Imported from NHMUK locality-ID mapping; precise locality, coordinates, stratigraphy and age require verification. Name standardized to 'Mare aux Songes'; hyphenated forms are retained in specimen provenance when present.","{""evidenceConfidence"":""B"",""recordProvenanceClass"":""Direct museum record"",""sourceIDs"":[""MAS-SRC-0010""]}"
MAS-SP-0086,MAS-SP-0086,FossilSpecimen,Mascarene Paleo Framework,NHMUK,PV M 55723,fossil,,,,,,,MAS-LOC-0003,Mare aux Songes,Mauritius,Mascarene Islands,Mauritius,MU,,,,,https://data.nhm.ac.uk/,Raw NHMUK database extract supplied by NHM; identification and fields not independently verified. Age retained as reported by NHM.,"Quaternary. Mare aux Songes, Mauritius. Presented, Person String; Rothschild, 1937",,"Imported from NHMUK locality-ID mapping; precise locality, coordinates, stratigraphy and age require verification. Name standardized to 'Mare aux Songes'; hyphenated forms are retained in specimen provenance when present.","{""evidenceConfidence"":""B"",""recordProvenanceClass"":""Direct museum record"",""sourceIDs"":[""MAS-SRC-0010""]}"
MAS-SP-0087,MAS-SP-0087,FossilSpecimen,Mascarene Paleo Framework,NHMUK,PV M 55722,fossil,,,,,,,MAS-LOC-0003,Mare aux Songes,Mauritius,Mascarene Islands,Mauritius,MU,,,,,https://data.nhm.ac.uk/,Raw NHMUK database extract supplied by NHM; identification and fields not independently verified. Age retained as reported by NHM.,"Quaternary. Mare aux Songes, Mauritius. Presented, Person String; Rothschild, 1937",,"Imported from NHMUK locality-ID mapping; precise locality, coordinates, stratigraphy and age require verification. Name standardized to 'Mare aux Songes'; hyphenated forms are retained in specimen provenance when present.","{""evidenceConfidence"":""B"",""recordProvenanceClass"":""Direct museum record"",""sourceIDs"":[""MAS-SRC-0010""]}"
MAS-SP-0088,MAS-SP-0088,FossilSpecimen,Mascarene Paleo Framework,NHMUK,PV M 55726,fossil,,,,,,,MAS-LOC-0003,Mare aux Songes,Mauritius,Mascarene Islands,Mauritius,MU,,,,,https://data.nhm.ac.uk/,Raw NHMUK database extract supplied by NHM; identification and fields not independently verified. Age retained as reported by NHM.,"Quaternary. Mare aux Songes, Mauritius. Presented, Person String; Rothschild, 1937",,"Imported from NHMUK locality-ID mapping; precise locality, coordinates, stratigraphy and age require verification. Name standardized to 'Mare aux Songes'; hyphenated forms are retained in specimen provenance when present.","{""evidenceConfidence"":""B"",""recordProvenanceClass"":""Direct museum record"",""sourceIDs"":[""MAS-SRC-0010""]}"
MAS-SP-0089,MAS-SP-0089,FossilSpecimen,Mascarene Paleo Framework,NHMUK,PV M 55728,fossil,,,,,,,MAS-LOC-0003,Mare aux Songes,Mauritius,Mascarene Islands,Mauritius,MU,,,,,https://data.nhm.ac.uk/,Raw NHMUK database extract supplied by NHM; identification and fields not independently verified. Age retained as reported by NHM.,"Quaternary. Mare aux Songes, Mauritius. Presented, Person String; Rothschild, 1937",,"Imported from NHMUK locality-ID mapping; precise locality, coordinates, stratigraphy and age require verification. Name standardized to 'Mare aux Songes'; hyphenated forms are retained in specimen provenance when present.","{""evidenceConfidence"":""B"",""recordProvenanceClass"":""Direct museum record"",""sourceIDs"":[""MAS-SRC-0010""]}"
MAS-SP-0090,MAS-SP-0090,FossilSpecimen,Mascarene Paleo Framework,NHMUK,PV M 55724,fossil,,,,,,,MAS-LOC-0003,Mare aux Songes,Mauritius,Mascarene Islands,Mauritius,MU,,,,,https://data.nhm.ac.uk/,Raw NHMUK database extract supplied by NHM; identification and fields not independently verified. Age retained as reported by NHM.,"Quaternary. Mare aux Songes, Mauritius. Presented, Person String; Rothschild, 1937",,"Imported from NHMUK locality-ID mapping; precise locality, coordinates, stratigraphy and age require verification. Name standardized to 'Mare aux Songes'; hyphenated forms are retained in specimen provenance when present.","{""evidenceConfidence"":""B"",""recordProvenanceClass"":""Direct museum record"",""sourceIDs"":[""MAS-SRC-0010""]}"
MAS-SP-0091,MAS-SP-0091,FossilSpecimen,Mascarene Paleo Framework,NHMUK,PV M 55762,fossil,,,,,,,MAS-LOC-0003,Mare aux Songes,Mauritius,Mascarene Islands,Mauritius,MU,,,,,https://data.nhm.ac.uk/,Raw NHMUK database extract supplied by NHM; identification and fields not independently verified. Age retained as reported by NHM.,"Quaternary. Mare aux Songes, Mauritius. Presented, Person String; Rothschild, 1937",,"Imported from NHMUK locality-ID mapping; precise locality, coordinates, stratigraphy and age require verification. Name standardized to 'Mare aux Songes'; hyphenated forms are retained in specimen provenance when present.","{""evidenceConfidence"":""B"",""recordProvenanceClass"":""Direct museum record"",""sourceIDs"":[""MAS-SRC-0010""]}"
MAS-SP-0092,MAS-SP-0092,FossilSpecimen,Mascarene Paleo Framework,NHMUK,PV M 55766,fossil,,,,,,,MAS-LOC-0003,Mare aux Songes,Mauritius,Mascarene Islands,Mauritius,MU,,,,,https://data.nhm.ac.uk/,Raw NHMUK database extract supplied by NHM; identification and fields not independently verified. Age retained as reported by NHM.,"Quaternary. Mare aux Songes, Mauritius. Presented, Person String; Rothschild, 1937",,"Imported from NHMUK locality-ID mapping; precise locality, coordinates, stratigraphy and age require verification. Name standardized to 'Mare aux Songes'; hyphenated forms are retained in specimen provenance when present.","{""evidenceConfidence"":""B"",""recordProvenanceClass"":""Direct museum record"",""sourceIDs"":[""MAS-SRC-0010""]}"
MAS-SP-0093,MAS-SP-0093,FossilSpecimen,Mascarene Paleo Framework,NHMUK,PV M 55768,fossil,,,,,,,MAS-LOC-0003,Mare aux Songes,Mauritius,Mascarene Islands,Mauritius,MU,,,,,https://data.nhm.ac.uk/,Raw NHMUK database extract supplied by NHM; identification and fields not independently verified. Age retained as reported by NHM.,"Quaternary. Mare aux Songes, Mauritius. Presented, Person String; Rothschild, 1937",,"Imported from NHMUK locality-ID mapping; precise locality, coordinates, stratigraphy and age require verification. Name standardized to 'Mare aux Songes'; hyphenated forms are retained in specimen provenance when present.","{""evidenceConfidence"":""B"",""recordProvenanceClass"":""Direct museum record"",""sourceIDs"":[""MAS-SRC-0010""]}"
MAS-SP-0094,MAS-SP-0094,FossilSpecimen,Mascarene Paleo Framework,NHMUK,PV M 55760,fossil,,,,,,,MAS-LOC-0003,Mare aux Songes,Mauritius,Mascarene Islands,Mauritius,MU,,,,,https://data.nhm.ac.uk/,Raw NHMUK database extract supplied by NHM; identification and fields not independently verified. Age retained as reported by NHM.,"Quaternary. Mare aux Songes, Mauritius. Presented, Person String; Rothschild, 1937",,"Imported from NHMUK locality-ID mapping; precise locality, coordinates, stratigraphy and age require verification. Name standardized to 'Mare aux Songes'; hyphenated forms are retained in specimen provenance when present.","{""evidenceConfidence"":""B"",""recordProvenanceClass"":""Direct museum record"",""sourceIDs"":[""MAS-SRC-0010""]}"
MAS-SP-0095,MAS-SP-0095,FossilSpecimen,Mascarene Paleo Framework,NHMUK,PV M 55764,fossil,,,,,,,MAS-LOC-0003,Mare aux Songes,Mauritius,Mascarene Islands,Mauritius,MU,,,,,https://data.nhm.ac.uk/,Raw NHMUK database extract supplied by NHM; identification and fields not independently verified. Age retained as reported by NHM.,"Quaternary. Mare aux Songes, Mauritius. Presented, Person String; Rothschild, 1937",,"Imported from NHMUK locality-ID mapping; precise locality, coordinates, stratigraphy and age require verification. Name standardized to 'Mare aux Songes'; hyphenated forms are retained in specimen provenance when present.","{""evidenceConfidence"":""B"",""recordProvenanceClass"":""Direct museum record"",""sourceIDs"":[""MAS-SRC-0010""]}"
MAS-SP-0096,MAS-SP-0096,FossilSpecimen,Mascarene Paleo Framework,NHMUK,PV M 55767,fossil,,,,,,,MAS-LOC-0003,Mare aux Songes,Mauritius,Mascarene Islands,Mauritius,MU,,,,,https://data.nhm.ac.uk/,Raw NHMUK database extract supplied by NHM; identification and fields not independently verified. Age retained as reported by NHM.,"Quaternary. Mare aux Songes, Mauritius. Presented, Person String; Rothschild, 1937",,"Imported from NHMUK locality-ID mapping; precise locality, coordinates, stratigraphy and age require verification. Name standardized to 'Mare aux Songes'; hyphenated forms are retained in specimen provenance when present.","{""evidenceConfidence"":""B"",""recordProvenanceClass"":""Direct museum record"",""sourceIDs"":[""MAS-SRC-0010""]}"
MAS-SP-0097,MAS-SP-0097,FossilSpecimen,Mascarene Paleo Framework,NHMUK,PV M 55763,fossil,,,,,,,MAS-LOC-0003,Mare aux Songes,Mauritius,Mascarene Islands,Mauritius,MU,,,,,https://data.nhm.ac.uk/,Raw NHMUK database extract supplied by NHM; identification and fields not independently verified. Age retained as reported by NHM.,"Quaternary. Mare aux Songes, Mauritius. Presented, Person String; Rothschild, 1937",,"Imported from NHMUK locality-ID mapping; precise locality, coordinates, stratigraphy and age require verification. Name standardized to 'Mare aux Songes'; hyphenated forms are retained in specimen provenance when present.","{""evidenceConfidence"":""B"",""recordProvenanceClass"":""Direct museum record"",""sourceIDs"":[""MAS-SRC-0010""]}"
MAS-SP-0098,MAS-SP-0098,FossilSpecimen,Mascarene Paleo Framework,NHMUK,PV M 55765,fossil,,,,,,,MAS-LOC-0003,Mare aux Songes,Mauritius,Mascarene Islands,Mauritius,MU,,,,,https://data.nhm.ac.uk/,Raw NHMUK database extract supplied by NHM; identification and fields not independently verified. Age retained as reported by NHM.,"Quaternary. Mare aux Songes, Mauritius. Presented, Person String; Rothschild, 1937",,"Imported from NHMUK locality-ID mapping; precise locality, coordinates, stratigraphy and age require verification. Name standardized to 'Mare aux Songes'; hyphenated forms are retained in specimen provenance when present.","{""evidenceConfidence"":""B"",""recordProvenanceClass"":""Direct museum record"",""sourceIDs"":[""MAS-SRC-0010""]}"
MAS-SP-0099,MAS-SP-0099,FossilSpecimen,Mascarene Paleo Framework,NHMUK,PV M 55761,fossil,,,,,,,MAS-LOC-0003,Mare aux Songes,Mauritius,Mascarene Islands,Mauritius,MU,,,,,https://data.nhm.ac.uk/,Raw NHMUK database extract supplied by NHM; identification and fields not independently verified. Age retained as reported by NHM.,"Quaternary. Mare aux Songes, Mauritius. Presented, Person String; Rothschild, 1937",,"Imported from NHMUK locality-ID mapping; precise locality, coordinates, stratigraphy and age require verification. Name standardized to 'Mare aux Songes'; hyphenated forms are retained in specimen provenance when present.","{""evidenceConfidence"":""B"",""recordProvenanceClass"":""Direct museum record"",""sourceIDs"":[""MAS-SRC-0010""]}"
MAS-SP-0100,MAS-SP-0100,FossilSpecimen,Mascarene Paleo Framework,NHMUK,PV M 55769,fossil,,,,,,,MAS-LOC-0003,Mare aux Songes,Mauritius,Mascarene Islands,Mauritius,MU,,,,,https://data.nhm.ac.uk/,Raw NHMUK database extract supplied by NHM; identification and fields not independently verified. Age retained as reported by NHM.,"Quaternary. Mare aux Songes, Mauritius. Presented, Person String; Rothschild, 1937",,"Imported from NHMUK locality-ID mapping; precise locality, coordinates, stratigraphy and age require verification. Name standardized to 'Mare aux Songes'; hyphenated forms are retained in specimen provenance when present.","{""evidenceConfidence"":""B"",""recordProvenanceClass"":""Direct museum record"",""sourceIDs"":[""MAS-SRC-0010""]}"
MAS-SP-0101,MAS-SP-0101,FossilSpecimen,Mascarene Paleo Framework,NHMUK,PV M 55785,fossil,,,,,,,MAS-LOC-0003,Mare aux Songes,Mauritius,Mascarene Islands,Mauritius,MU,,,,,https://data.nhm.ac.uk/,Raw NHMUK database extract supplied by NHM; identification and fields not independently verified. Age retained as reported by NHM.,"Quaternary. Mare aux Songes, Mauritius. Presented, Person String; Rothschild, 1937",,"Imported from NHMUK locality-ID mapping; precise locality, coordinates, stratigraphy and age require verification. Name standardized to 'Mare aux Songes'; hyphenated forms are retained in specimen provenance when present.","{""evidenceConfidence"":""B"",""recordProvenanceClass"":""Direct museum record"",""sourceIDs"":[""MAS-SRC-0010""]}"
MAS-SP-0102,MAS-SP-0102,FossilSpecimen,Mascarene Paleo Framework,NHMUK,PV M 55781,fossil,,,,,,,MAS-LOC-0003,Mare aux Songes,Mauritius,Mascarene Islands,Mauritius,MU,,,,,https://data.nhm.ac.uk/,Raw NHMUK database extract supplied by NHM; identification and fields not independently verified. Age retained as reported by NHM.,"Quaternary. Mare aux Songes, Mauritius. Presented, Person String; Rothschild, 1937",,"Imported from NHMUK locality-ID mapping; precise locality, coordinates, stratigraphy and age require verification. Name standardized to 'Mare aux Songes'; hyphenated forms are retained in specimen provenance when present.","{""evidenceConfidence"":""B"",""recordProvenanceClass"":""Direct museum record"",""sourceIDs"":[""MAS-SRC-0010""]}"
MAS-SP-0103,MAS-SP-0103,FossilSpecimen,Mascarene Paleo Framework,NHMUK,PV M 55789,fossil,,,,,,,MAS-LOC-0003,Mare aux Songes,Mauritius,Mascarene Islands,Mauritius,MU,,,,,https://data.nhm.ac.uk/,Raw NHMUK database extract supplied by NHM; identification and fields not independently verified. Age retained as reported by NHM.,"Quaternary. Mare aux Songes, Mauritius. Presented, Person String; Rothschild, 1937",,"Imported from NHMUK locality-ID mapping; precise locality, coordinates, stratigraphy and age require verification. Name standardized to 'Mare aux Songes'; hyphenated forms are retained in specimen provenance when present.","{""evidenceConfidence"":""B"",""recordProvenanceClass"":""Direct museum record"",""sourceIDs"":[""MAS-SRC-0010""]}"
MAS-SP-0104,MAS-SP-0104,FossilSpecimen,Mascarene Paleo Framework,NHMUK,PV M 55783,fossil,,,,,,,MAS-LOC-0003,Mare aux Songes,Mauritius,Mascarene Islands,Mauritius,MU,,,,,https://data.nhm.ac.uk/,Raw NHMUK database extract supplied by NHM; identification and fields not independently verified. Age retained as reported by NHM.,"Quaternary. Mare aux Songes, Mauritius. Presented, Person String; Rothschild, 1937",,"Imported from NHMUK locality-ID mapping; precise locality, coordinates, stratigraphy and age require verification. Name standardized to 'Mare aux Songes'; hyphenated forms are retained in specimen provenance when present.","{""evidenceConfidence"":""B"",""recordProvenanceClass"":""Direct museum record"",""sourceIDs"":[""MAS-SRC-0010""]}"
MAS-SP-0105,MAS-SP-0105,FossilSpecimen,Mascarene Paleo Framework,NHMUK,PV M 55787,fossil,,,,,,,MAS-LOC-0003,Mare aux Songes,Mauritius,Mascarene Islands,Mauritius,MU,,,,,https://data.nhm.ac.uk/,Raw NHMUK database extract supplied by NHM; identification and fields not independently verified. Age retained as reported by NHM.,"Quaternary. Mare aux Songes, Mauritius. Presented, Person String; Rothschild, 1937",,"Imported from NHMUK locality-ID mapping; precise locality, coordinates, stratigraphy and age require verification. Name standardized to 'Mare aux Songes'; hyphenated forms are retained in specimen provenance when present.","{""evidenceConfidence"":""B"",""recordProvenanceClass"":""Direct museum record"",""sourceIDs"":[""MAS-SRC-0010""]}"
MAS-SP-0106,MAS-SP-0106,FossilSpecimen,Mascarene Paleo Framework,NHMUK,PV M 55786,fossil,,,,,,,MAS-LOC-0003,Mare aux Songes,Mauritius,Mascarene Islands,Mauritius,MU,,,,,https://data.nhm.ac.uk/,Raw NHMUK database extract supplied by NHM; identification and fields not independently verified. Age retained as reported by NHM.,"Quaternary. Mare aux Songes, Mauritius. Presented, Person String; Rothschild, 1937",,"Imported from NHMUK locality-ID mapping; precise locality, coordinates, stratigraphy and age require verification. Name standardized to 'Mare aux Songes'; hyphenated forms are retained in specimen provenance when present.","{""evidenceConfidence"":""B"",""recordProvenanceClass"":""Direct museum record"",""sourceIDs"":[""MAS-SRC-0010""]}"
MAS-SP-0107,MAS-SP-0107,FossilSpecimen,Mascarene Paleo Framework,NHMUK,PV M 55782,fossil,,,,,,,MAS-LOC-0003,Mare aux Songes,Mauritius,Mascarene Islands,Mauritius,MU,,,,,https://data.nhm.ac.uk/,Raw NHMUK database extract supplied by NHM; identification and fields not independently verified. Age retained as reported by NHM.,"Quaternary. Mare aux Songes, Mauritius. Presented, Person String; Rothschild, 1937",,"Imported from NHMUK locality-ID mapping; precise locality, coordinates, stratigraphy and age require verification. Name standardized to 'Mare aux Songes'; hyphenated forms are retained in specimen provenance when present.","{""evidenceConfidence"":""B"",""recordProvenanceClass"":""Direct museum record"",""sourceIDs"":[""MAS-SRC-0010""]}"
MAS-SP-0108,MAS-SP-0108,FossilSpecimen,Mascarene Paleo Framework,NHMUK,PV M 55784,fossil,,,,,,,MAS-LOC-0003,Mare aux Songes,Mauritius,Mascarene Islands,Mauritius,MU,,,,,https://data.nhm.ac.uk/,Raw NHMUK database extract supplied by NHM; identification and fields not independently verified. Age retained as reported by NHM.,"Quaternary. Mare aux Songes, Mauritius. Presented, Person String; Rothschild, 1937",,"Imported from NHMUK locality-ID mapping; precise locality, coordinates, stratigraphy and age require verification. Name standardized to 'Mare aux Songes'; hyphenated forms are retained in specimen provenance when present.","{""evidenceConfidence"":""B"",""recordProvenanceClass"":""Direct museum record"",""sourceIDs"":[""MAS-SRC-0010""]}"
MAS-SP-0109,MAS-SP-0109,FossilSpecimen,Mascarene Paleo Framework,NHMUK,PV M 55780,fossil,,,,,,,MAS-LOC-0003,Mare aux Songes,Mauritius,Mascarene Islands,Mauritius,MU,,,,,https://data.nhm.ac.uk/,Raw NHMUK database extract supplied by NHM; identification and fields not independently verified. Age retained as reported by NHM.,"Quaternary. Mare aux Songes, Mauritius. Presented, Person String; Rothschild, 1937",,"Imported from NHMUK locality-ID mapping; precise locality, coordinates, stratigraphy and age require verification. Name standardized to 'Mare aux Songes'; hyphenated forms are retained in specimen provenance when present.","{""evidenceConfidence"":""B"",""recordProvenanceClass"":""Direct museum record"",""sourceIDs"":[""MAS-SRC-0010""]}"
MAS-SP-0110,MAS-SP-0110,FossilSpecimen,Mascarene Paleo Framework,NHMUK,PV M 55788,fossil,,,,,,,MAS-LOC-0003,Mare aux Songes,Mauritius,Mascarene Islands,Mauritius,MU,,,,,https://data.nhm.ac.uk/,Raw NHMUK database extract supplied by NHM; identification and fields not independently verified. Age retained as reported by NHM.,"Quaternary. Mare aux Songes, Mauritius. Presented, Person String; Rothschild, 1937",,"Imported from NHMUK locality-ID mapping; precise locality, coordinates, stratigraphy and age require verification. Name standardized to 'Mare aux Songes'; hyphenated forms are retained in specimen provenance when present.","{""evidenceConfidence"":""B"",""recordProvenanceClass"":""Direct museum record"",""sourceIDs"":[""MAS-SRC-0010""]}"
MAS-SP-0111,MAS-SP-0111,FossilSpecimen,Mascarene Paleo Framework,NHMUK,PV M 55810,fossil,,,,,,,MAS-LOC-0003,Mare aux Songes,Mauritius,Mascarene Islands,Mauritius,MU,,,,,https://data.nhm.ac.uk/,Raw NHMUK database extract supplied by NHM; identification and fields not independently verified. Age retained as reported by NHM.,"Quaternary. Mare aux Songes, Mauritius. Presented, Person String; Rothschild, 1937",,"Imported from NHMUK locality-ID mapping; precise locality, coordinates, stratigraphy and age require verification. Name standardized to 'Mare aux Songes'; hyphenated forms are retained in specimen provenance when present.","{""evidenceConfidence"":""B"",""recordProvenanceClass"":""Direct museum record"",""sourceIDs"":[""MAS-SRC-0010""]}"
MAS-SP-0112,MAS-SP-0112,FossilSpecimen,Mascarene Paleo Framework,NHMUK,PV M 55818,fossil,,,,,,,MAS-LOC-0003,Mare aux Songes,Mauritius,Mascarene Islands,Mauritius,MU,,,,,https://data.nhm.ac.uk/,Raw NHMUK database extract supplied by NHM; identification and fields not independently verified. Age retained as reported by NHM.,"Quaternary. Mare aux Songes, Mauritius. Presented, Person String; Rothschild, 1937",,"Imported from NHMUK locality-ID mapping; precise locality, coordinates, stratigraphy and age require verification. Name standardized to 'Mare aux Songes'; hyphenated forms are retained in specimen provenance when present.","{""evidenceConfidence"":""B"",""recordProvenanceClass"":""Direct museum record"",""sourceIDs"":[""MAS-SRC-0010""]}"
MAS-SP-0113,MAS-SP-0113,FossilSpecimen,Mascarene Paleo Framework,NHMUK,PV M 55814,fossil,,,,,,,MAS-LOC-0003,Mare aux Songes,Mauritius,Mascarene Islands,Mauritius,MU,,,,,https://data.nhm.ac.uk/,Raw NHMUK database extract supplied by NHM; identification and fields not independently verified. Age retained as reported by NHM.,"Quaternary. Mare aux Songes, Mauritius. Presented, Person String; Rothschild, 1937",,"Imported from NHMUK locality-ID mapping; precise locality, coordinates, stratigraphy and age require verification. Name standardized to 'Mare aux Songes'; hyphenated forms are retained in specimen provenance when present.","{""evidenceConfidence"":""B"",""recordProvenanceClass"":""Direct museum record"",""sourceIDs"":[""MAS-SRC-0010""]}"
MAS-SP-0114,MAS-SP-0114,FossilSpecimen,Mascarene Paleo Framework,NHMUK,PV M 55816,fossil,,,,,,,MAS-LOC-0003,Mare aux Songes,Mauritius,Mascarene Islands,Mauritius,MU,,,,,https://data.nhm.ac.uk/,Raw NHMUK database extract supplied by NHM; identification and fields not independently verified. Age retained as reported by NHM.,"Quaternary. Mare aux Songes, Mauritius. Presented, Person String; Rothschild, 1937",,"Imported from NHMUK locality-ID mapping; precise locality, coordinates, stratigraphy and age require verification. Name standardized to 'Mare aux Songes'; hyphenated forms are retained in specimen provenance when present.","{""evidenceConfidence"":""B"",""recordProvenanceClass"":""Direct museum record"",""sourceIDs"":[""MAS-SRC-0010""]}"
MAS-SP-0115,MAS-SP-0115,FossilSpecimen,Mascarene Paleo Framework,NHMUK,PV M 55812,fossil,,,,,,,MAS-LOC-0003,Mare aux Songes,Mauritius,Mascarene Islands,Mauritius,MU,,,,,https://data.nhm.ac.uk/,Raw NHMUK database extract supplied by NHM; identification and fields not independently verified. Age retained as reported by NHM.,"Quaternary. Mare aux Songes, Mauritius. Presented, Person String; Rothschild, 1937",,"Imported from NHMUK locality-ID mapping; precise locality, coordinates, stratigraphy and age require verification. Name standardized to 'Mare aux Songes'; hyphenated forms are retained in specimen provenance when present.","{""evidenceConfidence"":""B"",""recordProvenanceClass"":""Direct museum record"",""sourceIDs"":[""MAS-SRC-0010""]}"
MAS-SP-0116,MAS-SP-0116,FossilSpecimen,Mascarene Paleo Framework,NHMUK,PV M 55815,fossil,,,,,,,MAS-LOC-0003,Mare aux Songes,Mauritius,Mascarene Islands,Mauritius,MU,,,,,https://data.nhm.ac.uk/,Raw NHMUK database extract supplied by NHM; identification and fields not independently verified. Age retained as reported by NHM.,"Quaternary. Mare aux Songes, Mauritius. Presented, Person String; Rothschild, 1937",,"Imported from NHMUK locality-ID mapping; precise locality, coordinates, stratigraphy and age require verification. Name standardized to 'Mare aux Songes'; hyphenated forms are retained in specimen provenance when present.","{""evidenceConfidence"":""B"",""recordProvenanceClass"":""Direct museum record"",""sourceIDs"":[""MAS-SRC-0010""]}"
MAS-SP-0117,MAS-SP-0117,FossilSpecimen,Mascarene Paleo Framework,NHMUK,PV M 55819,fossil,,,,,,,MAS-LOC-0003,Mare aux Songes,Mauritius,Mascarene Islands,Mauritius,MU,,,,,https://data.nhm.ac.uk/,Raw NHMUK database extract supplied by NHM; identification and fields not independently verified. Age retained as reported by NHM.,"Quaternary. Mare aux Songes, Mauritius. Presented, Person String; Rothschild, 1937",,"Imported from NHMUK locality-ID mapping; precise locality, coordinates, stratigraphy and age require verification. Name standardized to 'Mare aux Songes'; hyphenated forms are retained in specimen provenance when present.","{""evidenceConfidence"":""B"",""recordProvenanceClass"":""Direct museum record"",""sourceIDs"":[""MAS-SRC-0010""]}"
MAS-SP-0118,MAS-SP-0118,FossilSpecimen,Mascarene Paleo Framework,NHMUK,PV M 55811,fossil,,,,,,,MAS-LOC-0003,Mare aux Songes,Mauritius,Mascarene Islands,Mauritius,MU,,,,,https://data.nhm.ac.uk/,Raw NHMUK database extract supplied by NHM; identification and fields not independently verified. Age retained as reported by NHM.,"Quaternary. Mare aux Songes, Mauritius. Presented, Person String; Rothschild, 1937",,"Imported from NHMUK locality-ID mapping; precise locality, coordinates, stratigraphy and age require verification. Name standardized to 'Mare aux Songes'; hyphenated forms are retained in specimen provenance when present.","{""evidenceConfidence"":""B"",""recordProvenanceClass"":""Direct museum record"",""sourceIDs"":[""MAS-SRC-0010""]}"
MAS-SP-0119,MAS-SP-0119,FossilSpecimen,Mascarene Paleo Framework,NHMUK,PV M 55813,fossil,,,,,,,MAS-LOC-0003,Mare aux Songes,Mauritius,Mascarene Islands,Mauritius,MU,,,,,https://data.nhm.ac.uk/,Raw NHMUK database extract supplied by NHM; identification and fields not independently verified. Age retained as reported by NHM.,"Quaternary. Mare aux Songes, Mauritius. Presented, Person String; Rothschild, 1937",,"Imported from NHMUK locality-ID mapping; precise locality, coordinates, stratigraphy and age require verification. Name standardized to 'Mare aux Songes'; hyphenated forms are retained in specimen provenance when present.","{""evidenceConfidence"":""B"",""recordProvenanceClass"":""Direct museum record"",""sourceIDs"":[""MAS-SRC-0010""]}"
MAS-SP-0120,MAS-SP-0120,FossilSpecimen,Mascarene Paleo Framework,NHMUK,PV M 55817,fossil,,,,,,,MAS-LOC-0003,Mare aux Songes,Mauritius,Mascarene Islands,Mauritius,MU,,,,,https://data.nhm.ac.uk/,Raw NHMUK database extract supplied by NHM; identification and fields not independently verified. Age retained as reported by NHM.,"Quaternary. Mare aux Songes, Mauritius. Presented, Person String; Rothschild, 1937",,"Imported from NHMUK locality-ID mapping; precise locality, coordinates, stratigraphy and age require verification. Name standardized to 'Mare aux Songes'; hyphenated forms are retained in specimen provenance when present.","{""evidenceConfidence"":""B"",""recordProvenanceClass"":""Direct museum record"",""sourceIDs"":[""MAS-SRC-0010""]}"
MAS-SP-0121,MAS-SP-0121,FossilSpecimen,Mascarene Paleo Framework,NHMUK,PV M 55746,fossil,,,,,,,MAS-LOC-0003,Mare aux Songes,Mauritius,Mascarene Islands,Mauritius,MU,,,,,https://data.nhm.ac.uk/,Raw NHMUK database extract supplied by NHM; identification and fields not independently verified. Age retained as reported by NHM.,"Quaternary. Mare aux Songes, Mauritius. Presented, Person String; Rothschild, 1937",,"Imported from NHMUK locality-ID mapping; precise locality, coordinates, stratigraphy and age require verification. Name standardized to 'Mare aux Songes'; hyphenated forms are retained in specimen provenance when present.","{""evidenceConfidence"":""B"",""recordProvenanceClass"":""Direct museum record"",""sourceIDs"":[""MAS-SRC-0010""]}"
MAS-SP-0122,MAS-SP-0122,FossilSpecimen,Mascarene Paleo Framework,NHMUK,PV M 55742,fossil,,,,,,,MAS-LOC-0003,Mare aux Songes,Mauritius,Mascarene Islands,Mauritius,MU,,,,,https://data.nhm.ac.uk/,Raw NHMUK database extract supplied by NHM; identification and fields not independently verified. Age retained as reported by NHM.,"Quaternary. Mare aux Songes, Mauritius. Presented, Person String; Rothschild, 1937",,"Imported from NHMUK locality-ID mapping; precise locality, coordinates, stratigraphy and age require verification. Name standardized to 'Mare aux Songes'; hyphenated forms are retained in specimen provenance when present.","{""evidenceConfidence"":""B"",""recordProvenanceClass"":""Direct museum record"",""sourceIDs"":[""MAS-SRC-0010""]}"
MAS-SP-0123,MAS-SP-0123,FossilSpecimen,Mascarene Paleo Framework,NHMUK,PV M 55744,fossil,,,,,,,MAS-LOC-0003,Mare aux Songes,Mauritius,Mascarene Islands,Mauritius,MU,,,,,https://data.nhm.ac.uk/,Raw NHMUK database extract supplied by NHM; identification and fields not independently verified. Age retained as reported by NHM.,"Quaternary. Mare aux Songes, Mauritius. Presented, Person String; Rothschild, 1937",,"Imported from NHMUK locality-ID mapping; precise locality, coordinates, stratigraphy and age require verification. Name standardized to 'Mare aux Songes'; hyphenated forms are retained in specimen provenance when present.","{""evidenceConfidence"":""B"",""recordProvenanceClass"":""Direct museum record"",""sourceIDs"":[""MAS-SRC-0010""]}"
MAS-SP-0124,MAS-SP-0124,FossilSpecimen,Mascarene Paleo Framework,NHMUK,PV M 55748,fossil,,,,,,,MAS-LOC-0003,Mare aux Songes,Mauritius,Mascarene Islands,Mauritius,MU,,,,,https://data.nhm.ac.uk/,Raw NHMUK database extract supplied by NHM; identification and fields not independently verified. Age retained as reported by NHM.,"Quaternary. Mare aux Songes, Mauritius. Presented, Person String; Rothschild, 1937",,"Imported from NHMUK locality-ID mapping; precise locality, coordinates, stratigraphy and age require verification. Name standardized to 'Mare aux Songes'; hyphenated forms are retained in specimen provenance when present.","{""evidenceConfidence"":""B"",""recordProvenanceClass"":""Direct museum record"",""sourceIDs"":[""MAS-SRC-0010""]}"
MAS-SP-0125,MAS-SP-0125,FossilSpecimen,Mascarene Paleo Framework,NHMUK,PV M 55740,fossil,,,,,,,MAS-LOC-0003,Mare aux Songes,Mauritius,Mascarene Islands,Mauritius,MU,,,,,https://data.nhm.ac.uk/,Raw NHMUK database extract supplied by NHM; identification and fields not independently verified. Age retained as reported by NHM.,"Quaternary. Mare aux Songes, Mauritius. Presented, Person String; Rothschild, 1937",,"Imported from NHMUK locality-ID mapping; precise locality, coordinates, stratigraphy and age require verification. Name standardized to 'Mare aux Songes'; hyphenated forms are retained in specimen provenance when present.","{""evidenceConfidence"":""B"",""recordProvenanceClass"":""Direct museum record"",""sourceIDs"":[""MAS-SRC-0010""]}"
MAS-SP-0126,MAS-SP-0126,FossilSpecimen,Mascarene Paleo Framework,NHMUK,PV M 55743,fossil,,,,,,,MAS-LOC-0003,Mare aux Songes,Mauritius,Mascarene Islands,Mauritius,MU,,,,,https://data.nhm.ac.uk/,Raw NHMUK database extract supplied by NHM; identification and fields not independently verified. Age retained as reported by NHM.,"Quaternary. Mare aux Songes, Mauritius. Presented, Person String; Rothschild, 1937",,"Imported from NHMUK locality-ID mapping; precise locality, coordinates, stratigraphy and age require verification. Name standardized to 'Mare aux Songes'; hyphenated forms are retained in specimen provenance when present.","{""evidenceConfidence"":""B"",""recordProvenanceClass"":""Direct museum record"",""sourceIDs"":[""MAS-SRC-0010""]}"
MAS-SP-0127,MAS-SP-0127,FossilSpecimen,Mascarene Paleo Framework,NHMUK,PV M 55747,fossil,,,,,,,MAS-LOC-0003,Mare aux Songes,Mauritius,Mascarene Islands,Mauritius,MU,,,,,https://data.nhm.ac.uk/,Raw NHMUK database extract supplied by NHM; identification and fields not independently verified. Age retained as reported by NHM.,"Quaternary. Mare aux Songes, Mauritius. Presented, Person String; Rothschild, 1937",,"Imported from NHMUK locality-ID mapping; precise locality, coordinates, stratigraphy and age require verification. Name standardized to 'Mare aux Songes'; hyphenated forms are retained in specimen provenance when present.","{""evidenceConfidence"":""B"",""recordProvenanceClass"":""Direct museum record"",""sourceIDs"":[""MAS-SRC-0010""]}"
MAS-SP-0128,MAS-SP-0128,FossilSpecimen,Mascarene Paleo Framework,NHMUK,PV M 55749,fossil,,,,,,,MAS-LOC-0003,Mare aux Songes,Mauritius,Mascarene Islands,Mauritius,MU,,,,,https://data.nhm.ac.uk/,Raw NHMUK database extract supplied by NHM; identification and fields not independently verified. Age retained as reported by NHM.,"Quaternary. Mare aux Songes, Mauritius. Presented, Person String; Rothschild, 1937",,"Imported from NHMUK locality-ID mapping; precise locality, coordinates, stratigraphy and age require verification. Name standardized to 'Mare aux Songes'; hyphenated forms are retained in specimen provenance when present.","{""evidenceConfidence"":""B"",""recordProvenanceClass"":""Direct museum record"",""sourceIDs"":[""MAS-SRC-0010""]}"
MAS-SP-0129,MAS-SP-0129,FossilSpecimen,Mascarene Paleo Framework,NHMUK,PV M 55741,fossil,,,,,,,MAS-LOC-0003,Mare aux Songes,Mauritius,Mascarene Islands,Mauritius,MU,,,,,https://data.nhm.ac.uk/,Raw NHMUK database extract supplied by NHM; identification and fields not independently verified. Age retained as reported by NHM.,"Quaternary. Mare aux Songes, Mauritius. Presented, Person String; Rothschild, 1937",,"Imported from NHMUK locality-ID mapping; precise locality, coordinates, stratigraphy and age require verification. Name standardized to 'Mare aux Songes'; hyphenated forms are retained in specimen provenance when present.","{""evidenceConfidence"":""B"",""recordProvenanceClass"":""Direct museum record"",""sourceIDs"":[""MAS-SRC-0010""]}"
MAS-SP-0130,MAS-SP-0130,FossilSpecimen,Mascarene Paleo Framework,NHMUK,PV M 55745,fossil,,,,,,,MAS-LOC-0003,Mare aux Songes,Mauritius,Mascarene Islands,Mauritius,MU,,,,,https://data.nhm.ac.uk/,Raw NHMUK database extract supplied by NHM; identification and fields not independently verified. Age retained as reported by NHM.,"Quaternary. Mare aux Songes, Mauritius. Presented, Person String; Rothschild, 1937",,"Imported from NHMUK locality-ID mapping; precise locality, coordinates, stratigraphy and age require verification. Name standardized to 'Mare aux Songes'; hyphenated forms are retained in specimen provenance when present.","{""evidenceConfidence"":""B"",""recordProvenanceClass"":""Direct museum record"",""sourceIDs"":[""MAS-SRC-0010""]}"
MAS-SP-0131,MAS-SP-0131,FossilSpecimen,Mascarene Paleo Framework,NHMUK,PV M 55774,fossil,,,,,,,MAS-LOC-0003,Mare aux Songes,Mauritius,Mascarene Islands,Mauritius,MU,,,,,https://data.nhm.ac.uk/,Raw NHMUK database extract supplied by NHM; identification and fields not independently verified. Age retained as reported by NHM.,"Quaternary. Mare aux Songes, Mauritius. Presented, Person String; Rothschild, 1937",,"Imported from NHMUK locality-ID mapping; precise locality, coordinates, stratigraphy and age require verification. Name standardized to 'Mare aux Songes'; hyphenated forms are retained in specimen provenance when present.","{""evidenceConfidence"":""B"",""recordProvenanceClass"":""Direct museum record"",""sourceIDs"":[""MAS-SRC-0010""]}"
MAS-SP-0132,MAS-SP-0132,FossilSpecimen,Mascarene Paleo Framework,NHMUK,PV M 55770,fossil,,,,,,,MAS-LOC-0003,Mare aux Songes,Mauritius,Mascarene Islands,Mauritius,MU,,,,,https://data.nhm.ac.uk/,Raw NHMUK database extract supplied by NHM; identification and fields not independently verified. Age retained as reported by NHM.,"Quaternary. Mare aux Songes, Mauritius. Presented, Person String; Rothschild, 1937",,"Imported from NHMUK locality-ID mapping; precise locality, coordinates, stratigraphy and age require verification. Name standardized to 'Mare aux Songes'; hyphenated forms are retained in specimen provenance when present.","{""evidenceConfidence"":""B"",""recordProvenanceClass"":""Direct museum record"",""sourceIDs"":[""MAS-SRC-0010""]}"
MAS-SP-0133,MAS-SP-0133,FossilSpecimen,Mascarene Paleo Framework,NHMUK,PV M 55778,fossil,,,,,,,MAS-LOC-0003,Mare aux Songes,Mauritius,Mascarene Islands,Mauritius,MU,,,,,https://data.nhm.ac.uk/,Raw NHMUK database extract supplied by NHM; identification and fields not independently verified. Age retained as reported by NHM.,"Quaternary. Mare aux Songes, Mauritius. Presented, Person String; Rothschild, 1937",,"Imported from NHMUK locality-ID mapping; precise locality, coordinates, stratigraphy and age require verification. Name standardized to 'Mare aux Songes'; hyphenated forms are retained in specimen provenance when present.","{""evidenceConfidence"":""B"",""recordProvenanceClass"":""Direct museum record"",""sourceIDs"":[""MAS-SRC-0010""]}"
MAS-SP-0134,MAS-SP-0134,FossilSpecimen,Mascarene Paleo Framework,NHMUK,PV M 55772,fossil,,,,,,,MAS-LOC-0003,Mare aux Songes,Mauritius,Mascarene Islands,Mauritius,MU,,,,,https://data.nhm.ac.uk/,Raw NHMUK database extract supplied by NHM; identification and fields not independently verified. Age retained as reported by NHM.,"Quaternary. Mare aux Songes, Mauritius. Presented, Person String; Rothschild, 1937",,"Imported from NHMUK locality-ID mapping; precise locality, coordinates, stratigraphy and age require verification. Name standardized to 'Mare aux Songes'; hyphenated forms are retained in specimen provenance when present.","{""evidenceConfidence"":""B"",""recordProvenanceClass"":""Direct museum record"",""sourceIDs"":[""MAS-SRC-0010""]}"
MAS-SP-0135,MAS-SP-0135,FossilSpecimen,Mascarene Paleo Framework,NHMUK,PV M 55776,fossil,,,,,,,MAS-LOC-0003,Mare aux Songes,Mauritius,Mascarene Islands,Mauritius,MU,,,,,https://data.nhm.ac.uk/,Raw NHMUK database extract supplied by NHM; identification and fields not independently verified. Age retained as reported by NHM.,"Quaternary. Mare aux Songes, Mauritius. Presented, Person String; Rothschild, 1937",,"Imported from NHMUK locality-ID mapping; precise locality, coordinates, stratigraphy and age require verification. Name standardized to 'Mare aux Songes'; hyphenated forms are retained in specimen provenance when present.","{""evidenceConfidence"":""B"",""recordProvenanceClass"":""Direct museum record"",""sourceIDs"":[""MAS-SRC-0010""]}"
MAS-SP-0136,MAS-SP-0136,FossilSpecimen,Mascarene Paleo Framework,NHMUK,PV M 55771,fossil,,,,,,,MAS-LOC-0003,Mare aux Songes,Mauritius,Mascarene Islands,Mauritius,MU,,,,,https://data.nhm.ac.uk/,Raw NHMUK database extract supplied by NHM; identification and fields not independently verified. Age retained as reported by NHM.,"Quaternary. Mare aux Songes, Mauritius. Presented, Person String; Rothschild, 1937",,"Imported from NHMUK locality-ID mapping; precise locality, coordinates, stratigraphy and age require verification. Name standardized to 'Mare aux Songes'; hyphenated forms are retained in specimen provenance when present.","{""evidenceConfidence"":""B"",""recordProvenanceClass"":""Direct museum record"",""sourceIDs"":[""MAS-SRC-0010""]}"
MAS-SP-0137,MAS-SP-0137,FossilSpecimen,Mascarene Paleo Framework,NHMUK,PV M 55779,fossil,,,,,,,MAS-LOC-0003,Mare aux Songes,Mauritius,Mascarene Islands,Mauritius,MU,,,,,https://data.nhm.ac.uk/,Raw NHMUK database extract supplied by NHM; identification and fields not independently verified. Age retained as reported by NHM.,"Quaternary. Mare aux Songes, Mauritius. Presented, Person String; Rothschild, 1937",,"Imported from NHMUK locality-ID mapping; precise locality, coordinates, stratigraphy and age require verification. Name standardized to 'Mare aux Songes'; hyphenated forms are retained in specimen provenance when present.","{""evidenceConfidence"":""B"",""recordProvenanceClass"":""Direct museum record"",""sourceIDs"":[""MAS-SRC-0010""]}"
MAS-SP-0138,MAS-SP-0138,FossilSpecimen,Mascarene Paleo Framework,NHMUK,PV M 55775,fossil,,,,,,,MAS-LOC-0003,Mare aux Songes,Mauritius,Mascarene Islands,Mauritius,MU,,,,,https://data.nhm.ac.uk/,Raw NHMUK database extract supplied by NHM; identification and fields not independently verified. Age retained as reported by NHM.,"Quaternary. Mare aux Songes, Mauritius. Presented, Person String; Rothschild, 1937",,"Imported from NHMUK locality-ID mapping; precise locality, coordinates, stratigraphy and age require verification. Name standardized to 'Mare aux Songes'; hyphenated forms are retained in specimen provenance when present.","{""evidenceConfidence"":""B"",""recordProvenanceClass"":""Direct museum record"",""sourceIDs"":[""MAS-SRC-0010""]}"
MAS-SP-0139,MAS-SP-0139,FossilSpecimen,Mascarene Paleo Framework,NHMUK,PV M 55777,fossil,,,,,,,MAS-LOC-0003,Mare aux Songes,Mauritius,Mascarene Islands,Mauritius,MU,,,,,https://data.nhm.ac.uk/,Raw NHMUK database extract supplied by NHM; identification and fields not independently verified. Age retained as reported by NHM.,"Quaternary. Mare aux Songes, Mauritius. Presented, Person String; Rothschild, 1937",,"Imported from NHMUK locality-ID mapping; precise locality, coordinates, stratigraphy and age require verification. Name standardized to 'Mare aux Songes'; hyphenated forms are retained in specimen provenance when present.","{""evidenceConfidence"":""B"",""recordProvenanceClass"":""Direct museum record"",""sourceIDs"":[""MAS-SRC-0010""]}"
MAS-SP-0140,MAS-SP-0140,FossilSpecimen,Mascarene Paleo Framework,NHMUK,PV M 55773,fossil,,,,,,,MAS-LOC-0003,Mare aux Songes,Mauritius,Mascarene Islands,Mauritius,MU,,,,,https://data.nhm.ac.uk/,Raw NHMUK database extract supplied by NHM; identification and fields not independently verified. Age retained as reported by NHM.,"Quaternary. Mare aux Songes, Mauritius. Presented, Person String; Rothschild, 1937",,"Imported from NHMUK locality-ID mapping; precise locality, coordinates, stratigraphy and age require verification. Name standardized to 'Mare aux Songes'; hyphenated forms are retained in specimen provenance when present.","{""evidenceConfidence"":""B"",""recordProvenanceClass"":""Direct museum record"",""sourceIDs"":[""MAS-SRC-0010""]}"
MAS-SP-0141,MAS-SP-0141,FossilSpecimen,Mascarene Paleo Framework,NHMUK,PV M 55806,fossil,,,,,,,MAS-LOC-0003,Mare aux Songes,Mauritius,Mascarene Islands,Mauritius,MU,,,,,https://data.nhm.ac.uk/,Raw NHMUK database extract supplied by NHM; identification and fields not independently verified. Age retained as reported by NHM.,"Quaternary. Mare aux Songes, Mauritius. Presented, Person String; Rothschild, 1937",,"Imported from NHMUK locality-ID mapping; precise locality, coordinates, stratigraphy and age require verification. Name standardized to 'Mare aux Songes'; hyphenated forms are retained in specimen provenance when present.","{""evidenceConfidence"":""B"",""recordProvenanceClass"":""Direct museum record"",""sourceIDs"":[""MAS-SRC-0010""]}"
MAS-SP-0142,MAS-SP-0142,FossilSpecimen,Mascarene Paleo Framework,NHMUK,PV M 55802,fossil,,,,,,,MAS-LOC-0003,Mare aux Songes,Mauritius,Mascarene Islands,Mauritius,MU,,,,,https://data.nhm.ac.uk/,Raw NHMUK database extract supplied by NHM; identification and fields not independently verified. Age retained as reported by NHM.,"Quaternary. Mare aux Songes, Mauritius. Presented, Person String; Rothschild, 1937",,"Imported from NHMUK locality-ID mapping; precise locality, coordinates, stratigraphy and age require verification. Name standardized to 'Mare aux Songes'; hyphenated forms are retained in specimen provenance when present.","{""evidenceConfidence"":""B"",""recordProvenanceClass"":""Direct museum record"",""sourceIDs"":[""MAS-SRC-0010""]}"
MAS-SP-0143,MAS-SP-0143,FossilSpecimen,Mascarene Paleo Framework,NHMUK,PV M 55804,fossil,,,,,,,MAS-LOC-0003,Mare aux Songes,Mauritius,Mascarene Islands,Mauritius,MU,,,,,https://data.nhm.ac.uk/,Raw NHMUK database extract supplied by NHM; identification and fields not independently verified. Age retained as reported by NHM.,"Quaternary. Mare aux Songes, Mauritius. Presented, Person String; Rothschild, 1937",,"Imported from NHMUK locality-ID mapping; precise locality, coordinates, stratigraphy and age require verification. Name standardized to 'Mare aux Songes'; hyphenated forms are retained in specimen provenance when present.","{""evidenceConfidence"":""B"",""recordProvenanceClass"":""Direct museum record"",""sourceIDs"":[""MAS-SRC-0010""]}"
MAS-SP-0144,MAS-SP-0144,FossilSpecimen,Mascarene Paleo Framework,NHMUK,PV M 55800,fossil,,,,,,,MAS-LOC-0003,Mare aux Songes,Mauritius,Mascarene Islands,Mauritius,MU,,,,,https://data.nhm.ac.uk/,Raw NHMUK database extract supplied by NHM; identification and fields not independently verified. Age retained as reported by NHM.,"Quaternary. Mare aux Songes, Mauritius. Presented, Person String; Rothschild, 1937",,"Imported from NHMUK locality-ID mapping; precise locality, coordinates, stratigraphy and age require verification. Name standardized to 'Mare aux Songes'; hyphenated forms are retained in specimen provenance when present.","{""evidenceConfidence"":""B"",""recordProvenanceClass"":""Direct museum record"",""sourceIDs"":[""MAS-SRC-0010""]}"
MAS-SP-0145,MAS-SP-0145,FossilSpecimen,Mascarene Paleo Framework,NHMUK,PV M 55808,fossil,,,,,,,MAS-LOC-0003,Mare aux Songes,Mauritius,Mascarene Islands,Mauritius,MU,,,,,https://data.nhm.ac.uk/,Raw NHMUK database extract supplied by NHM; identification and fields not independently verified. Age retained as reported by NHM.,"Quaternary. Mare aux Songes, Mauritius. Presented, Person String; Rothschild, 1937",,"Imported from NHMUK locality-ID mapping; precise locality, coordinates, stratigraphy and age require verification. Name standardized to 'Mare aux Songes'; hyphenated forms are retained in specimen provenance when present.","{""evidenceConfidence"":""B"",""recordProvenanceClass"":""Direct museum record"",""sourceIDs"":[""MAS-SRC-0010""]}"
MAS-SP-0146,MAS-SP-0146,FossilSpecimen,Mascarene Paleo Framework,NHMUK,PV M 55803,fossil,,,,,,,MAS-LOC-0003,Mare aux Songes,Mauritius,Mascarene Islands,Mauritius,MU,,,,,https://data.nhm.ac.uk/,Raw NHMUK database extract supplied by NHM; identification and fields not independently verified. Age retained as reported by NHM.,"Quaternary. Mare aux Songes, Mauritius. Presented, Person String; Rothschild, 1937",,"Imported from NHMUK locality-ID mapping; precise locality, coordinates, stratigraphy and age require verification. Name standardized to 'Mare aux Songes'; hyphenated forms are retained in specimen provenance when present.","{""evidenceConfidence"":""B"",""recordProvenanceClass"":""Direct museum record"",""sourceIDs"":[""MAS-SRC-0010""]}"
MAS-SP-0147,MAS-SP-0147,FossilSpecimen,Mascarene Paleo Framework,NHMUK,PV M 55807,fossil,,,,,,,MAS-LOC-0003,Mare aux Songes,Mauritius,Mascarene Islands,Mauritius,MU,,,,,https://data.nhm.ac.uk/,Raw NHMUK database extract supplied by NHM; identification and fields not independently verified. Age retained as reported by NHM.,"Quaternary. Mare aux Songes, Mauritius. Presented, Person String; Rothschild, 1937",,"Imported from NHMUK locality-ID mapping; precise locality, coordinates, stratigraphy and age require verification. Name standardized to 'Mare aux Songes'; hyphenated forms are retained in specimen provenance when present.","{""evidenceConfidence"":""B"",""recordProvenanceClass"":""Direct museum record"",""sourceIDs"":[""MAS-SRC-0010""]}"
MAS-SP-0148,MAS-SP-0148,FossilSpecimen,Mascarene Paleo Framework,NHMUK,PV M 55801,fossil,,,,,,,MAS-LOC-0003,Mare aux Songes,Mauritius,Mascarene Islands,Mauritius,MU,,,,,https://data.nhm.ac.uk/,Raw NHMUK database extract supplied by NHM; identification and fields not independently verified. Age retained as reported by NHM.,"Quaternary. Mare aux Songes, Mauritius. Presented, Person String; Rothschild, 1937",,"Imported from NHMUK locality-ID mapping; precise locality, coordinates, stratigraphy and age require verification. Name standardized to 'Mare aux Songes'; hyphenated forms are retained in specimen provenance when present.","{""evidenceConfidence"":""B"",""recordProvenanceClass"":""Direct museum record"",""sourceIDs"":[""MAS-SRC-0010""]}"
MAS-SP-0149,MAS-SP-0149,FossilSpecimen,Mascarene Paleo Framework,NHMUK,PV M 55809,fossil,,,,,,,MAS-LOC-0003,Mare aux Songes,Mauritius,Mascarene Islands,Mauritius,MU,,,,,https://data.nhm.ac.uk/,Raw NHMUK database extract supplied by NHM; identification and fields not independently verified. Age retained as reported by NHM.,"Quaternary. Mare aux Songes, Mauritius. Presented, Person String; Rothschild, 1937",,"Imported from NHMUK locality-ID mapping; precise locality, coordinates, stratigraphy and age require verification. Name standardized to 'Mare aux Songes'; hyphenated forms are retained in specimen provenance when present.","{""evidenceConfidence"":""B"",""recordProvenanceClass"":""Direct museum record"",""sourceIDs"":[""MAS-SRC-0010""]}"
MAS-SP-0150,MAS-SP-0150,FossilSpecimen,Mascarene Paleo Framework,NHMUK,PV M 55805,fossil,,,,,,,MAS-LOC-0003,Mare aux Songes,Mauritius,Mascarene Islands,Mauritius,MU,,,,,https://data.nhm.ac.uk/,Raw NHMUK database extract supplied by NHM; identification and fields not independently verified. Age retained as reported by NHM.,"Quaternary. Mare aux Songes, Mauritius. Presented, Person String; Rothschild, 1937",,"Imported from NHMUK locality-ID mapping; precise locality, coordinates, stratigraphy and age require verification. Name standardized to 'Mare aux Songes'; hyphenated forms are retained in specimen provenance when present.","{""evidenceConfidence"":""B"",""recordProvenanceClass"":""Direct museum record"",""sourceIDs"":[""MAS-SRC-0010""]}"
MAS-SP-0151,MAS-SP-0151,FossilSpecimen,Mascarene Paleo Framework,NHMUK,PV M 55734,fossil,,,,,,,MAS-LOC-0003,Mare aux Songes,Mauritius,Mascarene Islands,Mauritius,MU,,,,,https://data.nhm.ac.uk/,Raw NHMUK database extract supplied by NHM; identification and fields not independently verified. Age retained as reported by NHM.,"Quaternary. Mare aux Songes, Mauritius. Presented, Person String; Rothschild, 1937",,"Imported from NHMUK locality-ID mapping; precise locality, coordinates, stratigraphy and age require verification. Name standardized to 'Mare aux Songes'; hyphenated forms are retained in specimen provenance when present.","{""evidenceConfidence"":""B"",""recordProvenanceClass"":""Direct museum record"",""sourceIDs"":[""MAS-SRC-0010""]}"
MAS-SP-0152,MAS-SP-0152,FossilSpecimen,Mascarene Paleo Framework,NHMUK,PV M 55738,fossil,,,,,,,MAS-LOC-0003,Mare aux Songes,Mauritius,Mascarene Islands,Mauritius,MU,,,,,https://data.nhm.ac.uk/,Raw NHMUK database extract supplied by NHM; identification and fields not independently verified. Age retained as reported by NHM.,"Quaternary. Mare aux Songes, Mauritius. Presented, Person String; Rothschild, 1937",,"Imported from NHMUK locality-ID mapping; precise locality, coordinates, stratigraphy and age require verification. Name standardized to 'Mare aux Songes'; hyphenated forms are retained in specimen provenance when present.","{""evidenceConfidence"":""B"",""recordProvenanceClass"":""Direct museum record"",""sourceIDs"":[""MAS-SRC-0010""]}"
MAS-SP-0153,MAS-SP-0153,FossilSpecimen,Mascarene Paleo Framework,NHMUK,PV M 55730,fossil,,,,,,,MAS-LOC-0003,Mare aux Songes,Mauritius,Mascarene Islands,Mauritius,MU,,,,,https://data.nhm.ac.uk/,Raw NHMUK database extract supplied by NHM; identification and fields not independently verified. Age retained as reported by NHM.,"Quaternary. Mare aux Songes, Mauritius. Presented, Person String; Rothschild, 1937",,"Imported from NHMUK locality-ID mapping; precise locality, coordinates, stratigraphy and age require verification. Name standardized to 'Mare aux Songes'; hyphenated forms are retained in specimen provenance when present.","{""evidenceConfidence"":""B"",""recordProvenanceClass"":""Direct museum record"",""sourceIDs"":[""MAS-SRC-0010""]}"
MAS-SP-0154,MAS-SP-0154,FossilSpecimen,Mascarene Paleo Framework,NHMUK,PV M 55732,fossil,,,,,,,MAS-LOC-0003,Mare aux Songes,Mauritius,Mascarene Islands,Mauritius,MU,,,,,https://data.nhm.ac.uk/,Raw NHMUK database extract supplied by NHM; identification and fields not independently verified. Age retained as reported by NHM.,"Quaternary. Mare aux Songes, Mauritius. Presented, Person String; Rothschild, 1937",,"Imported from NHMUK locality-ID mapping; precise locality, coordinates, stratigraphy and age require verification. Name standardized to 'Mare aux Songes'; hyphenated forms are retained in specimen provenance when present.","{""evidenceConfidence"":""B"",""recordProvenanceClass"":""Direct museum record"",""sourceIDs"":[""MAS-SRC-0010""]}"
MAS-SP-0155,MAS-SP-0155,FossilSpecimen,Mascarene Paleo Framework,NHMUK,PV M 55736,fossil,,,,,,,MAS-LOC-0003,Mare aux Songes,Mauritius,Mascarene Islands,Mauritius,MU,,,,,https://data.nhm.ac.uk/,Raw NHMUK database extract supplied by NHM; identification and fields not independently verified. Age retained as reported by NHM.,"Quaternary. Mare aux Songes, Mauritius. Presented, Person String; Rothschild, 1937",,"Imported from NHMUK locality-ID mapping; precise locality, coordinates, stratigraphy and age require verification. Name standardized to 'Mare aux Songes'; hyphenated forms are retained in specimen provenance when present.","{""evidenceConfidence"":""B"",""recordProvenanceClass"":""Direct museum record"",""sourceIDs"":[""MAS-SRC-0010""]}"
MAS-SP-0156,MAS-SP-0156,FossilSpecimen,Mascarene Paleo Framework,NHMUK,PV M 55739,fossil,,,,,,,MAS-LOC-0003,Mare aux Songes,Mauritius,Mascarene Islands,Mauritius,MU,,,,,https://data.nhm.ac.uk/,Raw NHMUK database extract supplied by NHM; identification and fields not independently verified. Age retained as reported by NHM.,"Quaternary. Mare aux Songes, Mauritius. Presented, Person String; Rothschild, 1937",,"Imported from NHMUK locality-ID mapping; precise locality, coordinates, stratigraphy and age require verification. Name standardized to 'Mare aux Songes'; hyphenated forms are retained in specimen provenance when present.","{""evidenceConfidence"":""B"",""recordProvenanceClass"":""Direct museum record"",""sourceIDs"":[""MAS-SRC-0010""]}"
MAS-SP-0157,MAS-SP-0157,FossilSpecimen,Mascarene Paleo Framework,NHMUK,PV M 55731,fossil,,,,,,,MAS-LOC-0003,Mare aux Songes,Mauritius,Mascarene Islands,Mauritius,MU,,,,,https://data.nhm.ac.uk/,Raw NHMUK database extract supplied by NHM; identification and fields not independently verified. Age retained as reported by NHM.,"Quaternary. Mare aux Songes, Mauritius. Presented, Person String; Rothschild, 1937",,"Imported from NHMUK locality-ID mapping; precise locality, coordinates, stratigraphy and age require verification. Name standardized to 'Mare aux Songes'; hyphenated forms are retained in specimen provenance when present.","{""evidenceConfidence"":""B"",""recordProvenanceClass"":""Direct museum record"",""sourceIDs"":[""MAS-SRC-0010""]}"
MAS-SP-0158,MAS-SP-0158,FossilSpecimen,Mascarene Paleo Framework,NHMUK,PV M 55735,fossil,,,,,,,MAS-LOC-0003,Mare aux Songes,Mauritius,Mascarene Islands,Mauritius,MU,,,,,https://data.nhm.ac.uk/,Raw NHMUK database extract supplied by NHM; identification and fields not independently verified. Age retained as reported by NHM.,"Quaternary. Mare aux Songes, Mauritius. Presented, Person String; Rothschild, 1937",,"Imported from NHMUK locality-ID mapping; precise locality, coordinates, stratigraphy and age require verification. Name standardized to 'Mare aux Songes'; hyphenated forms are retained in specimen provenance when present.","{""evidenceConfidence"":""B"",""recordProvenanceClass"":""Direct museum record"",""sourceIDs"":[""MAS-SRC-0010""]}"
MAS-SP-0159,MAS-SP-0159,FossilSpecimen,Mascarene Paleo Framework,NHMUK,PV M 55737,fossil,,,,,,,MAS-LOC-0003,Mare aux Songes,Mauritius,Mascarene Islands,Mauritius,MU,,,,,https://data.nhm.ac.uk/,Raw NHMUK database extract supplied by NHM; identification and fields not independently verified. Age retained as reported by NHM.,"Quaternary. Mare aux Songes, Mauritius. Presented, Person String; Rothschild, 1937",,"Imported from NHMUK locality-ID mapping; precise locality, coordinates, stratigraphy and age require verification. Name standardized to 'Mare aux Songes'; hyphenated forms are retained in specimen provenance when present.","{""evidenceConfidence"":""B"",""recordProvenanceClass"":""Direct museum record"",""sourceIDs"":[""MAS-SRC-0010""]}"
MAS-SP-0160,MAS-SP-0160,FossilSpecimen,Mascarene Paleo Framework,NHMUK,PV M 55733,fossil,,,,,,,MAS-LOC-0003,Mare aux Songes,Mauritius,Mascarene Islands,Mauritius,MU,,,,,https://data.nhm.ac.uk/,Raw NHMUK database extract supplied by NHM; identification and fields not independently verified. Age retained as reported by NHM.,"Quaternary. Mare aux Songes, Mauritius. Presented, Person String; Rothschild, 1937",,"Imported from NHMUK locality-ID mapping; precise locality, coordinates, stratigraphy and age require verification. Name standardized to 'Mare aux Songes'; hyphenated forms are retained in specimen provenance when present.","{""evidenceConfidence"":""B"",""recordProvenanceClass"":""Direct museum record"",""sourceIDs"":[""MAS-SRC-0010""]}"
MAS-SP-0161,MAS-SP-0161,FossilSpecimen,Mascarene Paleo Framework,NHMUK,PV M 55820,fossil,,,,,,,MAS-LOC-0003,Mare aux Songes,Mauritius,Mascarene Islands,Mauritius,MU,,,,,https://data.nhm.ac.uk/,Raw NHMUK database extract supplied by NHM; identification and fields not independently verified. Age retained as reported by NHM.,"Quaternary. Mare aux Songes, Mauritius. Presented, Person String; Rothschild, 1937",,"Imported from NHMUK locality-ID mapping; precise locality, coordinates, stratigraphy and age require verification. Name standardized to 'Mare aux Songes'; hyphenated forms are retained in specimen provenance when present.","{""evidenceConfidence"":""B"",""recordProvenanceClass"":""Direct museum record"",""sourceIDs"":[""MAS-SRC-0010""]}"
MAS-SP-0162,MAS-SP-0162,FossilSpecimen,Mascarene Paleo Framework,NHMUK,PV M 55758,fossil,,,,,,,MAS-LOC-0003,Mare aux Songes,Mauritius,Mascarene Islands,Mauritius,MU,,,,,https://data.nhm.ac.uk/,Raw NHMUK database extract supplied by NHM; identification and fields not independently verified. Age retained as reported by NHM.,"Quaternary. Mare aux Songes, Mauritius. Presented, Person String; Rothschild, 1937",,"Imported from NHMUK locality-ID mapping; precise locality, coordinates, stratigraphy and age require verification. Name standardized to 'Mare aux Songes'; hyphenated forms are retained in specimen provenance when present.","{""evidenceConfidence"":""B"",""recordProvenanceClass"":""Direct museum record"",""sourceIDs"":[""MAS-SRC-0010""]}"
MAS-SP-0163,MAS-SP-0163,FossilSpecimen,Mascarene Paleo Framework,NHMUK,PV M 55750,fossil,,,,,,,MAS-LOC-0003,Mare aux Songes,Mauritius,Mascarene Islands,Mauritius,MU,,,,,https://data.nhm.ac.uk/,Raw NHMUK database extract supplied by NHM; identification and fields not independently verified. Age retained as reported by NHM.,"Quaternary. Mare aux Songes, Mauritius. Presented, Person String; Rothschild, 1937",,"Imported from NHMUK locality-ID mapping; precise locality, coordinates, stratigraphy and age require verification. Name standardized to 'Mare aux Songes'; hyphenated forms are retained in specimen provenance when present.","{""evidenceConfidence"":""B"",""recordProvenanceClass"":""Direct museum record"",""sourceIDs"":[""MAS-SRC-0010""]}"
MAS-SP-0164,MAS-SP-0164,FossilSpecimen,Mascarene Paleo Framework,NHMUK,PV M 55754,fossil,,,,,,,MAS-LOC-0003,Mare aux Songes,Mauritius,Mascarene Islands,Mauritius,MU,,,,,https://data.nhm.ac.uk/,Raw NHMUK database extract supplied by NHM; identification and fields not independently verified. Age retained as reported by NHM.,"Quaternary. Mare aux Songes, Mauritius. Presented, Person String; Rothschild, 1937",,"Imported from NHMUK locality-ID mapping; precise locality, coordinates, stratigraphy and age require verification. Name standardized to 'Mare aux Songes'; hyphenated forms are retained in specimen provenance when present.","{""evidenceConfidence"":""B"",""recordProvenanceClass"":""Direct museum record"",""sourceIDs"":[""MAS-SRC-0010""]}"
MAS-SP-0165,MAS-SP-0165,FossilSpecimen,Mascarene Paleo Framework,NHMUK,PV M 55756,fossil,,,,,,,MAS-LOC-0003,Mare aux Songes,Mauritius,Mascarene Islands,Mauritius,MU,,,,,https://data.nhm.ac.uk/,Raw NHMUK database extract supplied by NHM; identification and fields not independently verified. Age retained as reported by NHM.,"Quaternary. Mare aux Songes, Mauritius. Presented, Person String; Rothschild, 1937",,"Imported from NHMUK locality-ID mapping; precise locality, coordinates, stratigraphy and age require verification. Name standardized to 'Mare aux Songes'; hyphenated forms are retained in specimen provenance when present.","{""evidenceConfidence"":""B"",""recordProvenanceClass"":""Direct museum record"",""sourceIDs"":[""MAS-SRC-0010""]}"
MAS-SP-0166,MAS-SP-0166,FossilSpecimen,Mascarene Paleo Framework,NHMUK,PV M 55752,fossil,,,,,,,MAS-LOC-0003,Mare aux Songes,Mauritius,Mascarene Islands,Mauritius,MU,,,,,https://data.nhm.ac.uk/,Raw NHMUK database extract supplied by NHM; identification and fields not independently verified. Age retained as reported by NHM.,"Quaternary. Mare aux Songes, Mauritius. Presented, Person String; Rothschild, 1937",,"Imported from NHMUK locality-ID mapping; precise locality, coordinates, stratigraphy and age require verification. Name standardized to 'Mare aux Songes'; hyphenated forms are retained in specimen provenance when present.","{""evidenceConfidence"":""B"",""recordProvenanceClass"":""Direct museum record"",""sourceIDs"":[""MAS-SRC-0010""]}"
MAS-SP-0167,MAS-SP-0167,FossilSpecimen,Mascarene Paleo Framework,NHMUK,PV M 55755,fossil,,,,,,,MAS-LOC-0003,Mare aux Songes,Mauritius,Mascarene Islands,Mauritius,MU,,,,,https://data.nhm.ac.uk/,Raw NHMUK database extract supplied by NHM; identification and fields not independently verified. Age retained as reported by NHM.,"Quaternary. Mare aux Songes, Mauritius. Presented, Person String; Rothschild, 1937",,"Imported from NHMUK locality-ID mapping; precise locality, coordinates, stratigraphy and age require verification. Name standardized to 'Mare aux Songes'; hyphenated forms are retained in specimen provenance when present.","{""evidenceConfidence"":""B"",""recordProvenanceClass"":""Direct museum record"",""sourceIDs"":[""MAS-SRC-0010""]}"
MAS-SP-0168,MAS-SP-0168,FossilSpecimen,Mascarene Paleo Framework,NHMUK,PV M 55751,fossil,,,,,,,MAS-LOC-0003,Mare aux Songes,Mauritius,Mascarene Islands,Mauritius,MU,,,,,https://data.nhm.ac.uk/,Raw NHMUK database extract supplied by NHM; identification and fields not independently verified. Age retained as reported by NHM.,"Quaternary. Mare aux Songes, Mauritius. Presented, Person String; Rothschild, 1937",,"Imported from NHMUK locality-ID mapping; precise locality, coordinates, stratigraphy and age require verification. Name standardized to 'Mare aux Songes'; hyphenated forms are retained in specimen provenance when present.","{""evidenceConfidence"":""B"",""recordProvenanceClass"":""Direct museum record"",""sourceIDs"":[""MAS-SRC-0010""]}"
MAS-SP-0169,MAS-SP-0169,FossilSpecimen,Mascarene Paleo Framework,NHMUK,PV M 55759,fossil,,,,,,,MAS-LOC-0003,Mare aux Songes,Mauritius,Mascarene Islands,Mauritius,MU,,,,,https://data.nhm.ac.uk/,Raw NHMUK database extract supplied by NHM; identification and fields not independently verified. Age retained as reported by NHM.,"Quaternary. Mare aux Songes, Mauritius. Presented, Person String; Rothschild, 1937",,"Imported from NHMUK locality-ID mapping; precise locality, coordinates, stratigraphy and age require verification. Name standardized to 'Mare aux Songes'; hyphenated forms are retained in specimen provenance when present.","{""evidenceConfidence"":""B"",""recordProvenanceClass"":""Direct museum record"",""sourceIDs"":[""MAS-SRC-0010""]}"
MAS-SP-0170,MAS-SP-0170,FossilSpecimen,Mascarene Paleo Framework,NHMUK,PV M 55753,fossil,,,,,,,MAS-LOC-0003,Mare aux Songes,Mauritius,Mascarene Islands,Mauritius,MU,,,,,https://data.nhm.ac.uk/,Raw NHMUK database extract supplied by NHM; identification and fields not independently verified. Age retained as reported by NHM.,"Quaternary. Mare aux Songes, Mauritius. Presented, Person String; Rothschild, 1937",,"Imported from NHMUK locality-ID mapping; precise locality, coordinates, stratigraphy and age require verification. Name standardized to 'Mare aux Songes'; hyphenated forms are retained in specimen provenance when present.","{""evidenceConfidence"":""B"",""recordProvenanceClass"":""Direct museum record"",""sourceIDs"":[""MAS-SRC-0010""]}"
MAS-SP-0171,MAS-SP-0171,FossilSpecimen,Mascarene Paleo Framework,NHMUK,PV M 55757,fossil,,,,,,,MAS-LOC-0003,Mare aux Songes,Mauritius,Mascarene Islands,Mauritius,MU,,,,,https://data.nhm.ac.uk/,Raw NHMUK database extract supplied by NHM; identification and fields not independently verified. Age retained as reported by NHM.,"Quaternary. Mare aux Songes, Mauritius. Presented, Person String; Rothschild, 1937",,"Imported from NHMUK locality-ID mapping; precise locality, coordinates, stratigraphy and age require verification. Name standardized to 'Mare aux Songes'; hyphenated forms are retained in specimen provenance when present.","{""evidenceConfidence"":""B"",""recordProvenanceClass"":""Direct museum record"",""sourceIDs"":[""MAS-SRC-0010""]}"
MAS-SP-0172,MAS-SP-0172,FossilSpecimen,Mascarene Paleo Framework,NHMUK,PV M 55797,fossil,,,,,,,MAS-LOC-0003,Mare aux Songes,Mauritius,Mascarene Islands,Mauritius,MU,,,,,https://data.nhm.ac.uk/,Raw NHMUK database extract supplied by NHM; identification and fields not independently verified. Age retained as reported by NHM.,"Quaternary. Mare aux Songes, Mauritius. Presented, Person String; Rothschild, 1937",,"Imported from NHMUK locality-ID mapping; precise locality, coordinates, stratigraphy and age require verification. Name standardized to 'Mare aux Songes'; hyphenated forms are retained in specimen provenance when present.","{""evidenceConfidence"":""B"",""recordProvenanceClass"":""Direct museum record"",""sourceIDs"":[""MAS-SRC-0010""]}"
MAS-SP-0173,MAS-SP-0173,FossilSpecimen,Mascarene Paleo Framework,NHMUK,PV M 55793,fossil,,,,,,,MAS-LOC-0003,Mare aux Songes,Mauritius,Mascarene Islands,Mauritius,MU,,,,,https://data.nhm.ac.uk/,Raw NHMUK database extract supplied by NHM; identification and fields not independently verified. Age retained as reported by NHM.,"Quaternary. Mare aux Songes, Mauritius. Presented, Person String; Rothschild, 1937",,"Imported from NHMUK locality-ID mapping; precise locality, coordinates, stratigraphy and age require verification. Name standardized to 'Mare aux Songes'; hyphenated forms are retained in specimen provenance when present.","{""evidenceConfidence"":""B"",""recordProvenanceClass"":""Direct museum record"",""sourceIDs"":[""MAS-SRC-0010""]}"
MAS-SP-0174,MAS-SP-0174,FossilSpecimen,Mascarene Paleo Framework,NHMUK,PV M 55795,fossil,,,,,,,MAS-LOC-0003,Mare aux Songes,Mauritius,Mascarene Islands,Mauritius,MU,,,,,https://data.nhm.ac.uk/,Raw NHMUK database extract supplied by NHM; identification and fields not independently verified. Age retained as reported by NHM.,"Quaternary. Mare aux Songes, Mauritius. Presented, Person String; Rothschild, 1937",,"Imported from NHMUK locality-ID mapping; precise locality, coordinates, stratigraphy and age require verification. Name standardized to 'Mare aux Songes'; hyphenated forms are retained in specimen provenance when present.","{""evidenceConfidence"":""B"",""recordProvenanceClass"":""Direct museum record"",""sourceIDs"":[""MAS-SRC-0010""]}"
MAS-SP-0175,MAS-SP-0175,FossilSpecimen,Mascarene Paleo Framework,NHMUK,PV M 55799,fossil,,,,,,,MAS-LOC-0003,Mare aux Songes,Mauritius,Mascarene Islands,Mauritius,MU,,,,,https://data.nhm.ac.uk/,Raw NHMUK database extract supplied by NHM; identification and fields not independently verified. Age retained as reported by NHM.,"Quaternary. Mare aux Songes, Mauritius. Presented, Person String; Rothschild, 1937",,"Imported from NHMUK locality-ID mapping; precise locality, coordinates, stratigraphy and age require verification. Name standardized to 'Mare aux Songes'; hyphenated forms are retained in specimen provenance when present.","{""evidenceConfidence"":""B"",""recordProvenanceClass"":""Direct museum record"",""sourceIDs"":[""MAS-SRC-0010""]}"
MAS-SP-0176,MAS-SP-0176,FossilSpecimen,Mascarene Paleo Framework,NHMUK,PV M 55791,fossil,,,,,,,MAS-LOC-0003,Mare aux Songes,Mauritius,Mascarene Islands,Mauritius,MU,,,,,https://data.nhm.ac.uk/,Raw NHMUK database extract supplied by NHM; identification and fields not independently verified. Age retained as reported by NHM.,"Quaternary. Mare aux Songes, Mauritius. Presented, Person String; Rothschild, 1937",,"Imported from NHMUK locality-ID mapping; precise locality, coordinates, stratigraphy and age require verification. Name standardized to 'Mare aux Songes'; hyphenated forms are retained in specimen provenance when present.","{""evidenceConfidence"":""B"",""recordProvenanceClass"":""Direct museum record"",""sourceIDs"":[""MAS-SRC-0010""]}"
MAS-SP-0177,MAS-SP-0177,FossilSpecimen,Mascarene Paleo Framework,NHMUK,PV M 55790,fossil,,,,,,,MAS-LOC-0003,Mare aux Songes,Mauritius,Mascarene Islands,Mauritius,MU,,,,,https://data.nhm.ac.uk/,Raw NHMUK database extract supplied by NHM; identification and fields not independently verified. Age retained as reported by NHM.,"Quaternary. Mare aux Songes, Mauritius. Presented, Person String; Rothschild, 1937",,"Imported from NHMUK locality-ID mapping; precise locality, coordinates, stratigraphy and age require verification. Name standardized to 'Mare aux Songes'; hyphenated forms are retained in specimen provenance when present.","{""evidenceConfidence"":""B"",""recordProvenanceClass"":""Direct museum record"",""sourceIDs"":[""MAS-SRC-0010""]}"
MAS-SP-0178,MAS-SP-0178,FossilSpecimen,Mascarene Paleo Framework,NHMUK,PV M 55798,fossil,,,,,,,MAS-LOC-0003,Mare aux Songes,Mauritius,Mascarene Islands,Mauritius,MU,,,,,https://data.nhm.ac.uk/,Raw NHMUK database extract supplied by NHM; identification and fields not independently verified. Age retained as reported by NHM.,"Quaternary. Mare aux Songes, Mauritius. Presented, Person String; Rothschild, 1937",,"Imported from NHMUK locality-ID mapping; precise locality, coordinates, stratigraphy and age require verification. Name standardized to 'Mare aux Songes'; hyphenated forms are retained in specimen provenance when present.","{""evidenceConfidence"":""B"",""recordProvenanceClass"":""Direct museum record"",""sourceIDs"":[""MAS-SRC-0010""]}"
MAS-SP-0179,MAS-SP-0179,FossilSpecimen,Mascarene Paleo Framework,NHMUK,PV M 55794,fossil,,,,,,,MAS-LOC-0003,Mare aux Songes,Mauritius,Mascarene Islands,Mauritius,MU,,,,,https://data.nhm.ac.uk/,Raw NHMUK database extract supplied by NHM; identification and fields not independently verified. Age retained as reported by NHM.,"Quaternary. Mare aux Songes, Mauritius. Presented, Person String; Rothschild, 1937",,"Imported from NHMUK locality-ID mapping; precise locality, coordinates, stratigraphy and age require verification. Name standardized to 'Mare aux Songes'; hyphenated forms are retained in specimen provenance when present.","{""evidenceConfidence"":""B"",""recordProvenanceClass"":""Direct museum record"",""sourceIDs"":[""MAS-SRC-0010""]}"
MAS-SP-0180,MAS-SP-0180,FossilSpecimen,Mascarene Paleo Framework,NHMUK,PV M 55796,fossil,,,,,,,MAS-LOC-0003,Mare aux Songes,Mauritius,Mascarene Islands,Mauritius,MU,,,,,https://data.nhm.ac.uk/,Raw NHMUK database extract supplied by NHM; identification and fields not independently verified. Age retained as reported by NHM.,"Quaternary. Mare aux Songes, Mauritius. Presented, Person String; Rothschild, 1937",,"Imported from NHMUK locality-ID mapping; precise locality, coordinates, stratigraphy and age require verification. Name standardized to 'Mare aux Songes'; hyphenated forms are retained in specimen provenance when present.","{""evidenceConfidence"":""B"",""recordProvenanceClass"":""Direct museum record"",""sourceIDs"":[""MAS-SRC-0010""]}"
MAS-SP-0181,MAS-SP-0181,FossilSpecimen,Mascarene Paleo Framework,NHMUK,PV M 55792,fossil,,,,,,,MAS-LOC-0003,Mare aux Songes,Mauritius,Mascarene Islands,Mauritius,MU,,,,,https://data.nhm.ac.uk/,Raw NHMUK database extract supplied by NHM; identification and fields not independently verified. Age retained as reported by NHM.,"Quaternary. Mare aux Songes, Mauritius. Presented, Person String; Rothschild, 1937",,"Imported from NHMUK locality-ID mapping; precise locality, coordinates, stratigraphy and age require verification. Name standardized to 'Mare aux Songes'; hyphenated forms are retained in specimen provenance when present.","{""evidenceConfidence"":""B"",""recordProvenanceClass"":""Direct museum record"",""sourceIDs"":[""MAS-SRC-0010""]}"
MAS-SP-0182,MAS-SP-0182,FossilSpecimen,Mascarene Paleo Framework,NHMUK,PV OR 39927,fossil,,MAS-TAX-0018,Testudo,"Linnaeus, 1758","Testudo Linnaeus, 1758",,MAS-LOC-0003,Mare aux Songes,Mauritius,Mascarene Islands,Mauritius,MU,,,,,https://data.nhm.ac.uk/,Raw NHMUK database extract supplied by NHM; identification and fields not independently verified. NHM record flags: NON-TYPE. Age retained as reported by NHM.,"Testudo Linnaeus, 1758. NON-TYPE. Quaternary, Pleistocene. Mare-aux-Songes, Mare-aux-Songes, Mauritius. Presented, Person String; Colonel A. E. H. Anson, /08/1866",Imported from NHMUK taxon-ID mapping; accepted taxonomy should be independently verified.,"Imported from NHMUK locality-ID mapping; precise locality, coordinates, stratigraphy and age require verification. Name standardized to 'Mare aux Songes'; hyphenated forms are retained in specimen provenance when present.","{""evidenceConfidence"":""B"",""recordProvenanceClass"":""Direct museum record"",""sourceIDs"":[""MAS-SRC-0010""]}"
MAS-SP-0183,MAS-SP-0183,FossilSpecimen,Mascarene Paleo Framework,NHMUK,PV OR 39928,fossil,,MAS-TAX-0018,Testudo,"Linnaeus, 1758","Testudo Linnaeus, 1758",,MAS-LOC-0003,Mare aux Songes,Mauritius,Mascarene Islands,Mauritius,MU,,,,,https://data.nhm.ac.uk/,Raw NHMUK database extract supplied by NHM; identification and fields not independently verified. NHM record flags: NON-TYPE. Age retained as reported by NHM.,"Testudo Linnaeus, 1758. NON-TYPE. Quaternary, Pleistocene. Mare-aux-Songes, Mare-aux-Songes, Mauritius. Presented, Person String; Colonel A. E. H. Anson, /08/1866",Imported from NHMUK taxon-ID mapping; accepted taxonomy should be independently verified.,"Imported from NHMUK locality-ID mapping; precise locality, coordinates, stratigraphy and age require verification. Name standardized to 'Mare aux Songes'; hyphenated forms are retained in specimen provenance when present.","{""evidenceConfidence"":""B"",""recordProvenanceClass"":""Direct museum record"",""sourceIDs"":[""MAS-SRC-0010""]}"
MAS-SP-0184,MAS-SP-0184,FossilSpecimen,Mascarene Paleo Framework,NHMUK,PV R 4691,fossil,,MAS-TAX-0019,Leiolopisma mauritianus,"(Günther, 1877)","Leiolopisma mauritianus (Günther, 1877)",,MAS-LOC-0007,Le Pouce,Mauritius,Mascarene Islands,Mauritius,MU,,,Holocene,Holocene,https://data.nhm.ac.uk/,Raw NHMUK database extract supplied by NHM; identification and fields not independently verified. NHM record flags: NON-TYPE. Age retained as reported by NHM.,"Leiolopisma mauritianus (Günther, 1877). NON-TYPE. Quaternary, Pleistocene. Caves, La Pouce Mountain, Mauritius. Exchange, University Museum of Zoology, Cambridge, 1919",Imported from NHMUK taxon-ID mapping; accepted taxonomy should be independently verified.,NHMUK mapping recorded 'La Pouce Mountain'. Hume (2007) uses Le Pouce and notes that Thirioux's precise collecting locality remains uncertain.,"{""evidenceConfidence"":""B"",""recordProvenanceClass"":""Direct museum record"",""sourceIDs"":[""MAS-SRC-0010""],""localityConfidence"":""B"",""localityType"":""mountain / valley fossil locality"",""verbatimAge"":""Holocene / subfossil"",""stratigraphicInformation"":""Precise collecting point unresolved; Hume (2007) reports Thirioux material from the side of Le Pouce valley.""}"
MAS-SP-0185,MAS-SP-0185,FossilSpecimen,Mascarene Paleo Framework,NHMUK,PV R 4692,fossil,,MAS-TAX-0019,Leiolopisma mauritianus,"(Günther, 1877)","Leiolopisma mauritianus (Günther, 1877)",,MAS-LOC-0007,Le Pouce,Mauritius,Mascarene Islands,Mauritius,MU,,,Holocene,Holocene,https://data.nhm.ac.uk/,Raw NHMUK database extract supplied by NHM; identification and fields not independently verified. NHM record flags: NON-TYPE. Age retained as reported by NHM.,"Leiolopisma mauritianus (Günther, 1877). NON-TYPE. Quaternary, Pleistocene. Caves, La Pouce Mountain, Mauritius. Exchange, University Museum of Zoology, Cambridge, 1919",Imported from NHMUK taxon-ID mapping; accepted taxonomy should be independently verified.,NHMUK mapping recorded 'La Pouce Mountain'. Hume (2007) uses Le Pouce and notes that Thirioux's precise collecting locality remains uncertain.,"{""evidenceConfidence"":""B"",""recordProvenanceClass"":""Direct museum record"",""sourceIDs"":[""MAS-SRC-0010""],""localityConfidence"":""B"",""localityType"":""mountain / valley fossil locality"",""verbatimAge"":""Holocene / subfossil"",""stratigraphicInformation"":""Precise collecting point unresolved; Hume (2007) reports Thirioux material from the side of Le Pouce valley.""}"
MAS-SP-0186,MAS-SP-0186,FossilSpecimen,Mascarene Paleo Framework,NHMUK,PV R 8572,fossil,,,,,,,MAS-LOC-0007,Le Pouce,Mauritius,Mascarene Islands,Mauritius,MU,,,Holocene,Holocene,https://data.nhm.ac.uk/,Raw NHMUK database extract supplied by NHM; identification and fields not independently verified. Age retained as reported by NHM.,"Quaternary, Pleistocene. Caves, La Pouce Mountain, Mauritius. Exchange, University Museum of Zoology, Cambridge, 1919",,NHMUK mapping recorded 'La Pouce Mountain'. Hume (2007) uses Le Pouce and notes that Thirioux's precise collecting locality remains uncertain.,"{""evidenceConfidence"":""B"",""recordProvenanceClass"":""Direct museum record"",""sourceIDs"":[""MAS-SRC-0010""],""localityConfidence"":""B"",""localityType"":""mountain / valley fossil locality"",""verbatimAge"":""Holocene / subfossil"",""stratigraphicInformation"":""Precise collecting point unresolved; Hume (2007) reports Thirioux material from the side of Le Pouce valley.""}"
MAS-SP-0187,MAS-SP-0187,FossilSpecimen,Mascarene Paleo Framework,NHMUK,PV R 9307,fossil,,MAS-TAX-0021,Phelsuma guentheri,"Boulenger, 1885","Phelsuma guentheri Boulenger, 1885",,MAS-LOC-0007,Le Pouce,Mauritius,Mascarene Islands,Mauritius,MU,,,Holocene,Holocene,https://data.nhm.ac.uk/,Raw NHMUK database extract supplied by NHM; identification and fields not independently verified. NHM record flags: NON-TYPE. Age retained as reported by NHM.,"Phelsuma guentheri Boulenger, 1885. NON-TYPE. Quaternary, Pleistocene. Caves, La Pouce Mountain, Mauritius. Exchange, University Museum of Zoology, Cambridge, 1919",Imported from NHMUK taxon-ID mapping; accepted taxonomy should be independently verified.,NHMUK mapping recorded 'La Pouce Mountain'. Hume (2007) uses Le Pouce and notes that Thirioux's precise collecting locality remains uncertain.,"{""evidenceConfidence"":""B"",""recordProvenanceClass"":""Direct museum record"",""sourceIDs"":[""MAS-SRC-0010""],""localityConfidence"":""B"",""localityType"":""mountain / valley fossil locality"",""verbatimAge"":""Holocene / subfossil"",""stratigraphicInformation"":""Precise collecting point unresolved; Hume (2007) reports Thirioux material from the side of Le Pouce valley.""}"
MAS-SP-0188,MAS-SP-0188,FossilSpecimen,Mascarene Paleo Framework,NHMUK,PV R 9308,fossil,,MAS-TAX-0021,Phelsuma guentheri,"Boulenger, 1885","Phelsuma guentheri Boulenger, 1885",,MAS-LOC-0007,Le Pouce,Mauritius,Mascarene Islands,Mauritius,MU,,,Holocene,Holocene,https://data.nhm.ac.uk/,Raw NHMUK database extract supplied by NHM; identification and fields not independently verified. NHM record flags: NON-TYPE. Age retained as reported by NHM.,"Phelsuma guentheri Boulenger, 1885. NON-TYPE. Quaternary, Pleistocene. Caves, La Pouce Mountain, Mauritius. Exchange, University Museum of Zoology, Cambridge, 1919",Imported from NHMUK taxon-ID mapping; accepted taxonomy should be independently verified.,NHMUK mapping recorded 'La Pouce Mountain'. Hume (2007) uses Le Pouce and notes that Thirioux's precise collecting locality remains uncertain.,"{""evidenceConfidence"":""B"",""recordProvenanceClass"":""Direct museum record"",""sourceIDs"":[""MAS-SRC-0010""],""localityConfidence"":""B"",""localityType"":""mountain / valley fossil locality"",""verbatimAge"":""Holocene / subfossil"",""stratigraphicInformation"":""Precise collecting point unresolved; Hume (2007) reports Thirioux material from the side of Le Pouce valley.""}"
MAS-SP-0189,MAS-SP-0189,FossilSpecimen,Mascarene Paleo Framework,NHMUK,PV R 9309,fossil,,MAS-TAX-0021,Phelsuma guentheri,"Boulenger, 1885","Phelsuma guentheri Boulenger, 1885",,MAS-LOC-0007,Le Pouce,Mauritius,Mascarene Islands,Mauritius,MU,,,Holocene,Holocene,https://data.nhm.ac.uk/,Raw NHMUK database extract supplied by NHM; identification and fields not independently verified. NHM record flags: NON-TYPE. Age retained as reported by NHM.,"Phelsuma guentheri Boulenger, 1885. NON-TYPE. Quaternary, Pleistocene. Caves, La Pouce Mountain, Mauritius. Exchange, University Museum of Zoology, Cambridge, 1919",Imported from NHMUK taxon-ID mapping; accepted taxonomy should be independently verified.,NHMUK mapping recorded 'La Pouce Mountain'. Hume (2007) uses Le Pouce and notes that Thirioux's precise collecting locality remains uncertain.,"{""evidenceConfidence"":""B"",""recordProvenanceClass"":""Direct museum record"",""sourceIDs"":[""MAS-SRC-0010""],""localityConfidence"":""B"",""localityType"":""mountain / valley fossil locality"",""verbatimAge"":""Holocene / subfossil"",""stratigraphicInformation"":""Precise collecting point unresolved; Hume (2007) reports Thirioux material from the side of Le Pouce valley.""}"
MAS-SP-0190,MAS-SP-0190,FossilSpecimen,Mascarene Paleo Framework,NHMUK,PV R 9310,fossil,,MAS-TAX-0021,Phelsuma guentheri,"Boulenger, 1885","Phelsuma guentheri Boulenger, 1885",,MAS-LOC-0007,Le Pouce,Mauritius,Mascarene Islands,Mauritius,MU,,,Holocene,Holocene,https://data.nhm.ac.uk/,Raw NHMUK database extract supplied by NHM; identification and fields not independently verified. NHM record flags: NON-TYPE. Age retained as reported by NHM.,"Phelsuma guentheri Boulenger, 1885. NON-TYPE. Quaternary, Pleistocene. Caves, La Pouce Mountain, Mauritius. Exchange, University Museum of Zoology, Cambridge, 1919",Imported from NHMUK taxon-ID mapping; accepted taxonomy should be independently verified.,NHMUK mapping recorded 'La Pouce Mountain'. Hume (2007) uses Le Pouce and notes that Thirioux's precise collecting locality remains uncertain.,"{""evidenceConfidence"":""B"",""recordProvenanceClass"":""Direct museum record"",""sourceIDs"":[""MAS-SRC-0010""],""localityConfidence"":""B"",""localityType"":""mountain / valley fossil locality"",""verbatimAge"":""Holocene / subfossil"",""stratigraphicInformation"":""Precise collecting point unresolved; Hume (2007) reports Thirioux material from the side of Le Pouce valley.""}"
MAS-SP-0191,MAS-SP-0191,FossilSpecimen,Mascarene Paleo Framework,NHMUK,PV R 9311,fossil,,MAS-TAX-0019,Leiolopisma mauritianus,"(Günther, 1877)","Leiolopisma mauritianus (Günther, 1877)",,MAS-LOC-0007,Le Pouce,Mauritius,Mascarene Islands,Mauritius,MU,,,Holocene,Holocene,https://data.nhm.ac.uk/,Raw NHMUK database extract supplied by NHM; identification and fields not independently verified. NHM record flags: NON-TYPE. Age retained as reported by NHM.,"Leiolopisma mauritianus (Günther, 1877). NON-TYPE. Quaternary, Pleistocene. Caves, La Pouce Mountain, Mauritius. Exchange, University Museum of Zoology, Cambridge, 1919",Imported from NHMUK taxon-ID mapping; accepted taxonomy should be independently verified.,NHMUK mapping recorded 'La Pouce Mountain'. Hume (2007) uses Le Pouce and notes that Thirioux's precise collecting locality remains uncertain.,"{""evidenceConfidence"":""B"",""recordProvenanceClass"":""Direct museum record"",""sourceIDs"":[""MAS-SRC-0010""],""localityConfidence"":""B"",""localityType"":""mountain / valley fossil locality"",""verbatimAge"":""Holocene / subfossil"",""stratigraphicInformation"":""Precise collecting point unresolved; Hume (2007) reports Thirioux material from the side of Le Pouce valley.""}"
MAS-SP-0192,MAS-SP-0192,FossilSpecimen,Mascarene Paleo Framework,NHMUK,PV R 9313,fossil,,MAS-TAX-0021,Phelsuma guentheri,"Boulenger, 1885","Phelsuma guentheri Boulenger, 1885",,MAS-LOC-0007,Le Pouce,Mauritius,Mascarene Islands,Mauritius,MU,,,Holocene,Holocene,https://data.nhm.ac.uk/,Raw NHMUK database extract supplied by NHM; identification and fields not independently verified. NHM record flags: NON-TYPE. Age retained as reported by NHM.,"Phelsuma guentheri Boulenger, 1885. NON-TYPE. Quaternary, Pleistocene. Caves, La Pouce Mountain, Mauritius. Exchange, University Museum of Zoology, Cambridge, 1919",Imported from NHMUK taxon-ID mapping; accepted taxonomy should be independently verified.,NHMUK mapping recorded 'La Pouce Mountain'. Hume (2007) uses Le Pouce and notes that Thirioux's precise collecting locality remains uncertain.,"{""evidenceConfidence"":""B"",""recordProvenanceClass"":""Direct museum record"",""sourceIDs"":[""MAS-SRC-0010""],""localityConfidence"":""B"",""localityType"":""mountain / valley fossil locality"",""verbatimAge"":""Holocene / subfossil"",""stratigraphicInformation"":""Precise collecting point unresolved; Hume (2007) reports Thirioux material from the side of Le Pouce valley.""}"
MAS-SP-0193,MAS-SP-0193,FossilSpecimen,Mascarene Paleo Framework,NHMUK,PV R 9427,fossil,,MAS-TAX-0021,Phelsuma guentheri,"Boulenger, 1885","Phelsuma guentheri Boulenger, 1885",,MAS-LOC-0007,Le Pouce,Mauritius,Mascarene Islands,Mauritius,MU,,,Holocene,Holocene,https://data.nhm.ac.uk/,Raw NHMUK database extract supplied by NHM; identification and fields not independently verified. NHM record flags: NON-TYPE. Age retained as reported by NHM.,"Phelsuma guentheri Boulenger, 1885. NON-TYPE. Quaternary, Pleistocene. Caves, La Pouce Mountain, Mauritius. Exchange, University Museum of Zoology, Cambridge, 1919",Imported from NHMUK taxon-ID mapping; accepted taxonomy should be independently verified.,NHMUK mapping recorded 'La Pouce Mountain'. Hume (2007) uses Le Pouce and notes that Thirioux's precise collecting locality remains uncertain.,"{""evidenceConfidence"":""B"",""recordProvenanceClass"":""Direct museum record"",""sourceIDs"":[""MAS-SRC-0010""],""localityConfidence"":""B"",""localityType"":""mountain / valley fossil locality"",""verbatimAge"":""Holocene / subfossil"",""stratigraphicInformation"":""Precise collecting point unresolved; Hume (2007) reports Thirioux material from the side of Le Pouce valley.""}"
MAS-SP-0194,MAS-SP-0194,FossilSpecimen,Mascarene Paleo Framework,NHMUK,PV R 9457,fossil,,MAS-TAX-0019,Leiolopisma mauritianus,"(Günther, 1877)","Leiolopisma mauritianus (Günther, 1877)",,MAS-LOC-0007,Le Pouce,Mauritius,Mascarene Islands,Mauritius,MU,,,Holocene,Holocene,https://data.nhm.ac.uk/,Raw NHMUK database extract supplied by NHM; identification and fields not independently verified. NHM record flags: NON-TYPE. Age retained as reported by NHM.,"Leiolopisma mauritianus (Günther, 1877). NON-TYPE. Quaternary, Pleistocene. Caves, La Pouce Mountain, Mauritius. Exchange, University Museum of Zoology, Cambridge, 1919",Imported from NHMUK taxon-ID mapping; accepted taxonomy should be independently verified.,NHMUK mapping recorded 'La Pouce Mountain'. Hume (2007) uses Le Pouce and notes that Thirioux's precise collecting locality remains uncertain.,"{""evidenceConfidence"":""B"",""recordProvenanceClass"":""Direct museum record"",""sourceIDs"":[""MAS-SRC-0010""],""localityConfidence"":""B"",""localityType"":""mountain / valley fossil locality"",""verbatimAge"":""Holocene / subfossil"",""stratigraphicInformation"":""Precise collecting point unresolved; Hume (2007) reports Thirioux material from the side of Le Pouce valley.""}"
MAS-SP-0195,MAS-SP-0195,FossilSpecimen,Mascarene Paleo Framework,NHMUK,PV R 9433,fossil,,MAS-TAX-0022,Casarea dussumieri,"(Schlegel, 1837)","Casarea dussumieri (Schlegel, 1837)",,MAS-LOC-0007,Le Pouce,Mauritius,Mascarene Islands,Mauritius,MU,,,Holocene,Holocene,https://data.nhm.ac.uk/,Raw NHMUK database extract supplied by NHM; identification and fields not independently verified. NHM record flags: NON-TYPE. Age retained as reported by NHM.,"Casarea dussumieri (Schlegel, 1837). NON-TYPE. Quaternary, Pleistocene. Caves, La Pouce Mountain, Mauritius. Exchange, University Museum of Zoology, Cambridge, 1919",Imported from NHMUK taxon-ID mapping; accepted taxonomy should be independently verified.,NHMUK mapping recorded 'La Pouce Mountain'. Hume (2007) uses Le Pouce and notes that Thirioux's precise collecting locality remains uncertain.,"{""evidenceConfidence"":""B"",""recordProvenanceClass"":""Direct museum record"",""sourceIDs"":[""MAS-SRC-0010""],""localityConfidence"":""B"",""localityType"":""mountain / valley fossil locality"",""verbatimAge"":""Holocene / subfossil"",""stratigraphicInformation"":""Precise collecting point unresolved; Hume (2007) reports Thirioux material from the side of Le Pouce valley.""}"
MAS-SP-0196,MAS-SP-0196,FossilSpecimen,Mascarene Paleo Framework,NHMUK,PV R 9438,fossil,,MAS-TAX-0022,Casarea dussumieri,"(Schlegel, 1837)","Casarea dussumieri (Schlegel, 1837)",,MAS-LOC-0007,Le Pouce,Mauritius,Mascarene Islands,Mauritius,MU,,,Holocene,Holocene,https://data.nhm.ac.uk/,Raw NHMUK database extract supplied by NHM; identification and fields not independently verified. NHM record flags: NON-TYPE. Age retained as reported by NHM.,"Casarea dussumieri (Schlegel, 1837). NON-TYPE. Quaternary, Pleistocene. Caves, La Pouce Mountain, Mauritius. Exchange, University Museum of Zoology, Cambridge, 1919",Imported from NHMUK taxon-ID mapping; accepted taxonomy should be independently verified.,NHMUK mapping recorded 'La Pouce Mountain'. Hume (2007) uses Le Pouce and notes that Thirioux's precise collecting locality remains uncertain.,"{""evidenceConfidence"":""B"",""recordProvenanceClass"":""Direct museum record"",""sourceIDs"":[""MAS-SRC-0010""],""localityConfidence"":""B"",""localityType"":""mountain / valley fossil locality"",""verbatimAge"":""Holocene / subfossil"",""stratigraphicInformation"":""Precise collecting point unresolved; Hume (2007) reports Thirioux material from the side of Le Pouce valley.""}"
MAS-SP-0197,MAS-SP-0197,FossilSpecimen,Mascarene Paleo Framework,NHMUK,PV R 9434,fossil,,MAS-TAX-0022,Casarea dussumieri,"(Schlegel, 1837)","Casarea dussumieri (Schlegel, 1837)",,MAS-LOC-0007,Le Pouce,Mauritius,Mascarene Islands,Mauritius,MU,,,Holocene,Holocene,https://data.nhm.ac.uk/,Raw NHMUK database extract supplied by NHM; identification and fields not independently verified. NHM record flags: NON-TYPE. Age retained as reported by NHM.,"Casarea dussumieri (Schlegel, 1837). NON-TYPE. Quaternary, Pleistocene. Caves, La Pouce Mountain, Mauritius. Exchange, University Museum of Zoology, Cambridge, 1919",Imported from NHMUK taxon-ID mapping; accepted taxonomy should be independently verified.,NHMUK mapping recorded 'La Pouce Mountain'. Hume (2007) uses Le Pouce and notes that Thirioux's precise collecting locality remains uncertain.,"{""evidenceConfidence"":""B"",""recordProvenanceClass"":""Direct museum record"",""sourceIDs"":[""MAS-SRC-0010""],""localityConfidence"":""B"",""localityType"":""mountain / valley fossil locality"",""verbatimAge"":""Holocene / subfossil"",""stratigraphicInformation"":""Precise collecting point unresolved; Hume (2007) reports Thirioux material from the side of Le Pouce valley.""}"
MAS-SP-0198,MAS-SP-0198,FossilSpecimen,Mascarene Paleo Framework,NHMUK,PV R 4691 a,fossil,,MAS-TAX-0022,Casarea dussumieri,"(Schlegel, 1837)","Casarea dussumieri (Schlegel, 1837)",,MAS-LOC-0007,Le Pouce,Mauritius,Mascarene Islands,Mauritius,MU,,,Holocene,Holocene,https://data.nhm.ac.uk/,Raw NHMUK database extract supplied by NHM; identification and fields not independently verified. NHM record flags: NON-TYPE. Age retained as reported by NHM.,"Casarea dussumieri (Schlegel, 1837). NON-TYPE. Quaternary, Pleistocene. Caves, La Pouce Mountain, Mauritius. Exchange, University Museum of Zoology, Cambridge, 1919",Imported from NHMUK taxon-ID mapping; accepted taxonomy should be independently verified.,NHMUK mapping recorded 'La Pouce Mountain'. Hume (2007) uses Le Pouce and notes that Thirioux's precise collecting locality remains uncertain.,"{""evidenceConfidence"":""B"",""recordProvenanceClass"":""Direct museum record"",""sourceIDs"":[""MAS-SRC-0010""],""localityConfidence"":""B"",""localityType"":""mountain / valley fossil locality"",""verbatimAge"":""Holocene / subfossil"",""stratigraphicInformation"":""Precise collecting point unresolved; Hume (2007) reports Thirioux material from the side of Le Pouce valley.""}"
MAS-SP-0199,MAS-SP-0199,FossilSpecimen,Mascarene Paleo Framework,NHMUK,PV R 9396,fossil,,,,,,,MAS-LOC-0007,Le Pouce,Mauritius,Mascarene Islands,Mauritius,MU,,,Holocene,Holocene,https://data.nhm.ac.uk/,Raw NHMUK database extract supplied by NHM; identification and fields not independently verified. Age retained as reported by NHM.,"Quaternary, Pleistocene. Caves, La Pouce Mountain, Mauritius. Exchange, University Museum of Zoology, Cambridge, 1919",,NHMUK mapping recorded 'La Pouce Mountain'. Hume (2007) uses Le Pouce and notes that Thirioux's precise collecting locality remains uncertain.,"{""evidenceConfidence"":""B"",""recordProvenanceClass"":""Direct museum record"",""sourceIDs"":[""MAS-SRC-0010""],""localityConfidence"":""B"",""localityType"":""mountain / valley fossil locality"",""verbatimAge"":""Holocene / subfossil"",""stratigraphicInformation"":""Precise collecting point unresolved; Hume (2007) reports Thirioux material from the side of Le Pouce valley.""}"
MAS-SP-0200,MAS-SP-0200,FossilSpecimen,Mascarene Paleo Framework,NHMUK,PV R 9397,fossil,,,,,,,MAS-LOC-0007,Le Pouce,Mauritius,Mascarene Islands,Mauritius,MU,,,Holocene,Holocene,https://data.nhm.ac.uk/,Raw NHMUK database extract supplied by NHM; identification and fields not independently verified. Age retained as reported by NHM.,"Quaternary, Pleistocene. Caves, La Pouce Mountain, Mauritius. Exchange, University Museum of Zoology, Cambridge, 1919",,NHMUK mapping recorded 'La Pouce Mountain'. Hume (2007) uses Le Pouce and notes that Thirioux's precise collecting locality remains uncertain.,"{""evidenceConfidence"":""B"",""recordProvenanceClass"":""Direct museum record"",""sourceIDs"":[""MAS-SRC-0010""],""localityConfidence"":""B"",""localityType"":""mountain / valley fossil locality"",""verbatimAge"":""Holocene / subfossil"",""stratigraphicInformation"":""Precise collecting point unresolved; Hume (2007) reports Thirioux material from the side of Le Pouce valley.""}"
MAS-SP-0201,MAS-SP-0201,FossilSpecimen,Mascarene Paleo Framework,NHMUK,PV R 9398,fossil,,,,,,,MAS-LOC-0007,Le Pouce,Mauritius,Mascarene Islands,Mauritius,MU,,,Holocene,Holocene,https://data.nhm.ac.uk/,Raw NHMUK database extract supplied by NHM; identification and fields not independently verified. Age retained as reported by NHM.,"Quaternary, Pleistocene. Caves, La Pouce Mountain, Mauritius. Exchange, University Museum of Zoology, Cambridge, 1919",,NHMUK mapping recorded 'La Pouce Mountain'. Hume (2007) uses Le Pouce and notes that Thirioux's precise collecting locality remains uncertain.,"{""evidenceConfidence"":""B"",""recordProvenanceClass"":""Direct museum record"",""sourceIDs"":[""MAS-SRC-0010""],""localityConfidence"":""B"",""localityType"":""mountain / valley fossil locality"",""verbatimAge"":""Holocene / subfossil"",""stratigraphicInformation"":""Precise collecting point unresolved; Hume (2007) reports Thirioux material from the side of Le Pouce valley.""}"
MAS-SP-0202,MAS-SP-0202,FossilSpecimen,Mascarene Paleo Framework,NHMUK,PV R 9399,fossil,,,,,,,MAS-LOC-0007,Le Pouce,Mauritius,Mascarene Islands,Mauritius,MU,,,Holocene,Holocene,https://data.nhm.ac.uk/,Raw NHMUK database extract supplied by NHM; identification and fields not independently verified. Age retained as reported by NHM.,"Quaternary, Pleistocene. Caves, La Pouce Mountain, Mauritius. Exchange, University Museum of Zoology, Cambridge, 1919",,NHMUK mapping recorded 'La Pouce Mountain'. Hume (2007) uses Le Pouce and notes that Thirioux's precise collecting locality remains uncertain.,"{""evidenceConfidence"":""B"",""recordProvenanceClass"":""Direct museum record"",""sourceIDs"":[""MAS-SRC-0010""],""localityConfidence"":""B"",""localityType"":""mountain / valley fossil locality"",""verbatimAge"":""Holocene / subfossil"",""stratigraphicInformation"":""Precise collecting point unresolved; Hume (2007) reports Thirioux material from the side of Le Pouce valley.""}"
MAS-SP-0203,MAS-SP-0203,FossilSpecimen,Mascarene Paleo Framework,NHMUK,PV R 9400,fossil,,,,,,,MAS-LOC-0007,Le Pouce,Mauritius,Mascarene Islands,Mauritius,MU,,,Holocene,Holocene,https://data.nhm.ac.uk/,Raw NHMUK database extract supplied by NHM; identification and fields not independently verified. Age retained as reported by NHM.,"Quaternary, Pleistocene. Caves, La Pouce Mountain, Mauritius. Exchange, University Museum of Zoology, Cambridge, 1919",,NHMUK mapping recorded 'La Pouce Mountain'. Hume (2007) uses Le Pouce and notes that Thirioux's precise collecting locality remains uncertain.,"{""evidenceConfidence"":""B"",""recordProvenanceClass"":""Direct museum record"",""sourceIDs"":[""MAS-SRC-0010""],""localityConfidence"":""B"",""localityType"":""mountain / valley fossil locality"",""verbatimAge"":""Holocene / subfossil"",""stratigraphicInformation"":""Precise collecting point unresolved; Hume (2007) reports Thirioux material from the side of Le Pouce valley.""}"
MAS-SP-0204,MAS-SP-0204,FossilSpecimen,Mascarene Paleo Framework,NHMUK,PV R 9401,fossil,,,,,,,MAS-LOC-0007,Le Pouce,Mauritius,Mascarene Islands,Mauritius,MU,,,Holocene,Holocene,https://data.nhm.ac.uk/,Raw NHMUK database extract supplied by NHM; identification and fields not independently verified. Age retained as reported by NHM.,"Quaternary, Pleistocene. Caves, La Pouce Mountain, Mauritius. Exchange, University Museum of Zoology, Cambridge, 1919",,NHMUK mapping recorded 'La Pouce Mountain'. Hume (2007) uses Le Pouce and notes that Thirioux's precise collecting locality remains uncertain.,"{""evidenceConfidence"":""B"",""recordProvenanceClass"":""Direct museum record"",""sourceIDs"":[""MAS-SRC-0010""],""localityConfidence"":""B"",""localityType"":""mountain / valley fossil locality"",""verbatimAge"":""Holocene / subfossil"",""stratigraphicInformation"":""Precise collecting point unresolved; Hume (2007) reports Thirioux material from the side of Le Pouce valley.""}"
MAS-SP-0205,MAS-SP-0205,FossilSpecimen,Mascarene Paleo Framework,NHMUK,PV R 9402,fossil,,,,,,,MAS-LOC-0007,Le Pouce,Mauritius,Mascarene Islands,Mauritius,MU,,,Holocene,Holocene,https://data.nhm.ac.uk/,Raw NHMUK database extract supplied by NHM; identification and fields not independently verified. Age retained as reported by NHM.,"Quaternary, Pleistocene. Caves, La Pouce Mountain, Mauritius. Exchange, University Museum of Zoology, Cambridge, 1919",,NHMUK mapping recorded 'La Pouce Mountain'. Hume (2007) uses Le Pouce and notes that Thirioux's precise collecting locality remains uncertain.,"{""evidenceConfidence"":""B"",""recordProvenanceClass"":""Direct museum record"",""sourceIDs"":[""MAS-SRC-0010""],""localityConfidence"":""B"",""localityType"":""mountain / valley fossil locality"",""verbatimAge"":""Holocene / subfossil"",""stratigraphicInformation"":""Precise collecting point unresolved; Hume (2007) reports Thirioux material from the side of Le Pouce valley.""}"
MAS-SP-0206,MAS-SP-0206,FossilSpecimen,Mascarene Paleo Framework,NHMUK,PV R 9403,fossil,,,,,,,MAS-LOC-0007,Le Pouce,Mauritius,Mascarene Islands,Mauritius,MU,,,Holocene,Holocene,https://data.nhm.ac.uk/,Raw NHMUK database extract supplied by NHM; identification and fields not independently verified. Age retained as reported by NHM.,"Quaternary, Pleistocene. Caves, La Pouce Mountain, Mauritius. Exchange, University Museum of Zoology, Cambridge, 1919",,NHMUK mapping recorded 'La Pouce Mountain'. Hume (2007) uses Le Pouce and notes that Thirioux's precise collecting locality remains uncertain.,"{""evidenceConfidence"":""B"",""recordProvenanceClass"":""Direct museum record"",""sourceIDs"":[""MAS-SRC-0010""],""localityConfidence"":""B"",""localityType"":""mountain / valley fossil locality"",""verbatimAge"":""Holocene / subfossil"",""stratigraphicInformation"":""Precise collecting point unresolved; Hume (2007) reports Thirioux material from the side of Le Pouce valley.""}"
MAS-SP-0207,MAS-SP-0207,FossilSpecimen,Mascarene Paleo Framework,NHMUK,PV R 9404,fossil,,,,,,,MAS-LOC-0007,Le Pouce,Mauritius,Mascarene Islands,Mauritius,MU,,,Holocene,Holocene,https://data.nhm.ac.uk/,Raw NHMUK database extract supplied by NHM; identification and fields not independently verified. Age retained as reported by NHM.,"Quaternary, Pleistocene. Caves, La Pouce Mountain, Mauritius. Exchange, University Museum of Zoology, Cambridge, 1919",,NHMUK mapping recorded 'La Pouce Mountain'. Hume (2007) uses Le Pouce and notes that Thirioux's precise collecting locality remains uncertain.,"{""evidenceConfidence"":""B"",""recordProvenanceClass"":""Direct museum record"",""sourceIDs"":[""MAS-SRC-0010""],""localityConfidence"":""B"",""localityType"":""mountain / valley fossil locality"",""verbatimAge"":""Holocene / subfossil"",""stratigraphicInformation"":""Precise collecting point unresolved; Hume (2007) reports Thirioux material from the side of Le Pouce valley.""}"
MAS-SP-0208,MAS-SP-0208,FossilSpecimen,Mascarene Paleo Framework,NHMUK,PV R 9405,fossil,,,,,,,MAS-LOC-0007,Le Pouce,Mauritius,Mascarene Islands,Mauritius,MU,,,Holocene,Holocene,https://data.nhm.ac.uk/,Raw NHMUK database extract supplied by NHM; identification and fields not independently verified. Age retained as reported by NHM.,"Quaternary, Pleistocene. Caves, La Pouce Mountain, Mauritius. Exchange, University Museum of Zoology, Cambridge, 1919",,NHMUK mapping recorded 'La Pouce Mountain'. Hume (2007) uses Le Pouce and notes that Thirioux's precise collecting locality remains uncertain.,"{""evidenceConfidence"":""B"",""recordProvenanceClass"":""Direct museum record"",""sourceIDs"":[""MAS-SRC-0010""],""localityConfidence"":""B"",""localityType"":""mountain / valley fossil locality"",""verbatimAge"":""Holocene / subfossil"",""stratigraphicInformation"":""Precise collecting point unresolved; Hume (2007) reports Thirioux material from the side of Le Pouce valley.""}"
MAS-SP-0209,MAS-SP-0209,FossilSpecimen,Mascarene Paleo Framework,NHMUK,PV R 9406,fossil,,,,,,,MAS-LOC-0007,Le Pouce,Mauritius,Mascarene Islands,Mauritius,MU,,,Holocene,Holocene,https://data.nhm.ac.uk/,Raw NHMUK database extract supplied by NHM; identification and fields not independently verified. Age retained as reported by NHM.,"Quaternary, Pleistocene. Caves, La Pouce Mountain, Mauritius. Exchange, University Museum of Zoology, Cambridge, 1919",,NHMUK mapping recorded 'La Pouce Mountain'. Hume (2007) uses Le Pouce and notes that Thirioux's precise collecting locality remains uncertain.,"{""evidenceConfidence"":""B"",""recordProvenanceClass"":""Direct museum record"",""sourceIDs"":[""MAS-SRC-0010""],""localityConfidence"":""B"",""localityType"":""mountain / valley fossil locality"",""verbatimAge"":""Holocene / subfossil"",""stratigraphicInformation"":""Precise collecting point unresolved; Hume (2007) reports Thirioux material from the side of Le Pouce valley.""}"
MAS-SP-0210,MAS-SP-0210,FossilSpecimen,Mascarene Paleo Framework,NHMUK,PV R 9407,fossil,,,,,,,MAS-LOC-0007,Le Pouce,Mauritius,Mascarene Islands,Mauritius,MU,,,Holocene,Holocene,https://data.nhm.ac.uk/,Raw NHMUK database extract supplied by NHM; identification and fields not independently verified. Age retained as reported by NHM.,"Quaternary, Pleistocene. Caves, La Pouce Mountain, Mauritius. Exchange, University Museum of Zoology, Cambridge, 1919",,NHMUK mapping recorded 'La Pouce Mountain'. Hume (2007) uses Le Pouce and notes that Thirioux's precise collecting locality remains uncertain.,"{""evidenceConfidence"":""B"",""recordProvenanceClass"":""Direct museum record"",""sourceIDs"":[""MAS-SRC-0010""],""localityConfidence"":""B"",""localityType"":""mountain / valley fossil locality"",""verbatimAge"":""Holocene / subfossil"",""stratigraphicInformation"":""Precise collecting point unresolved; Hume (2007) reports Thirioux material from the side of Le Pouce valley.""}"
MAS-SP-0211,MAS-SP-0211,FossilSpecimen,Mascarene Paleo Framework,NHMUK,PV R 9408,fossil,,,,,,,MAS-LOC-0007,Le Pouce,Mauritius,Mascarene Islands,Mauritius,MU,,,Holocene,Holocene,https://data.nhm.ac.uk/,Raw NHMUK database extract supplied by NHM; identification and fields not independently verified. Age retained as reported by NHM.,"Quaternary, Pleistocene. Caves, La Pouce Mountain, Mauritius. Exchange, University Museum of Zoology, Cambridge, 1919",,NHMUK mapping recorded 'La Pouce Mountain'. Hume (2007) uses Le Pouce and notes that Thirioux's precise collecting locality remains uncertain.,"{""evidenceConfidence"":""B"",""recordProvenanceClass"":""Direct museum record"",""sourceIDs"":[""MAS-SRC-0010""],""localityConfidence"":""B"",""localityType"":""mountain / valley fossil locality"",""verbatimAge"":""Holocene / subfossil"",""stratigraphicInformation"":""Precise collecting point unresolved; Hume (2007) reports Thirioux material from the side of Le Pouce valley.""}"
MAS-SP-0212,MAS-SP-0212,FossilSpecimen,Mascarene Paleo Framework,NHMUK,PV R 9409,fossil,,,,,,,MAS-LOC-0007,Le Pouce,Mauritius,Mascarene Islands,Mauritius,MU,,,Holocene,Holocene,https://data.nhm.ac.uk/,Raw NHMUK database extract supplied by NHM; identification and fields not independently verified. Age retained as reported by NHM.,"Quaternary, Pleistocene. Caves, La Pouce Mountain, Mauritius. Exchange, University Museum of Zoology, Cambridge, 1919",,NHMUK mapping recorded 'La Pouce Mountain'. Hume (2007) uses Le Pouce and notes that Thirioux's precise collecting locality remains uncertain.,"{""evidenceConfidence"":""B"",""recordProvenanceClass"":""Direct museum record"",""sourceIDs"":[""MAS-SRC-0010""],""localityConfidence"":""B"",""localityType"":""mountain / valley fossil locality"",""verbatimAge"":""Holocene / subfossil"",""stratigraphicInformation"":""Precise collecting point unresolved; Hume (2007) reports Thirioux material from the side of Le Pouce valley.""}"
MAS-SP-0213,MAS-SP-0213,FossilSpecimen,Mascarene Paleo Framework,NHMUK,PV R 9410,fossil,,,,,,,MAS-LOC-0007,Le Pouce,Mauritius,Mascarene Islands,Mauritius,MU,,,Holocene,Holocene,https://data.nhm.ac.uk/,Raw NHMUK database extract supplied by NHM; identification and fields not independently verified. Age retained as reported by NHM.,"Quaternary, Pleistocene. Caves, La Pouce Mountain, Mauritius. Exchange, University Museum of Zoology, Cambridge, 1919",,NHMUK mapping recorded 'La Pouce Mountain'. Hume (2007) uses Le Pouce and notes that Thirioux's precise collecting locality remains uncertain.,"{""evidenceConfidence"":""B"",""recordProvenanceClass"":""Direct museum record"",""sourceIDs"":[""MAS-SRC-0010""],""localityConfidence"":""B"",""localityType"":""mountain / valley fossil locality"",""verbatimAge"":""Holocene / subfossil"",""stratigraphicInformation"":""Precise collecting point unresolved; Hume (2007) reports Thirioux material from the side of Le Pouce valley.""}"
MAS-SP-0214,MAS-SP-0214,FossilSpecimen,Mascarene Paleo Framework,NHMUK,PV R 9411,fossil,,,,,,,MAS-LOC-0007,Le Pouce,Mauritius,Mascarene Islands,Mauritius,MU,,,Holocene,Holocene,https://data.nhm.ac.uk/,Raw NHMUK database extract supplied by NHM; identification and fields not independently verified. Age retained as reported by NHM.,"Quaternary, Pleistocene. Caves, La Pouce Mountain, Mauritius. Exchange, University Museum of Zoology, Cambridge, 1919",,NHMUK mapping recorded 'La Pouce Mountain'. Hume (2007) uses Le Pouce and notes that Thirioux's precise collecting locality remains uncertain.,"{""evidenceConfidence"":""B"",""recordProvenanceClass"":""Direct museum record"",""sourceIDs"":[""MAS-SRC-0010""],""localityConfidence"":""B"",""localityType"":""mountain / valley fossil locality"",""verbatimAge"":""Holocene / subfossil"",""stratigraphicInformation"":""Precise collecting point unresolved; Hume (2007) reports Thirioux material from the side of Le Pouce valley.""}"
MAS-SP-0215,MAS-SP-0215,FossilSpecimen,Mascarene Paleo Framework,NHMUK,PV R 9412,fossil,,,,,,,MAS-LOC-0007,Le Pouce,Mauritius,Mascarene Islands,Mauritius,MU,,,Holocene,Holocene,https://data.nhm.ac.uk/,Raw NHMUK database extract supplied by NHM; identification and fields not independently verified. Age retained as reported by NHM.,"Quaternary, Pleistocene. Caves, La Pouce Mountain, Mauritius. Exchange, University Museum of Zoology, Cambridge, 1919",,NHMUK mapping recorded 'La Pouce Mountain'. Hume (2007) uses Le Pouce and notes that Thirioux's precise collecting locality remains uncertain.,"{""evidenceConfidence"":""B"",""recordProvenanceClass"":""Direct museum record"",""sourceIDs"":[""MAS-SRC-0010""],""localityConfidence"":""B"",""localityType"":""mountain / valley fossil locality"",""verbatimAge"":""Holocene / subfossil"",""stratigraphicInformation"":""Precise collecting point unresolved; Hume (2007) reports Thirioux material from the side of Le Pouce valley.""}"
MAS-SP-0216,MAS-SP-0216,FossilSpecimen,Mascarene Paleo Framework,NHMUK,PV R 9413,fossil,,,,,,,MAS-LOC-0007,Le Pouce,Mauritius,Mascarene Islands,Mauritius,MU,,,Holocene,Holocene,https://data.nhm.ac.uk/,Raw NHMUK database extract supplied by NHM; identification and fields not independently verified. Age retained as reported by NHM.,"Quaternary, Pleistocene. Caves, La Pouce Mountain, Mauritius. Exchange, University Museum of Zoology, Cambridge, 1919",,NHMUK mapping recorded 'La Pouce Mountain'. Hume (2007) uses Le Pouce and notes that Thirioux's precise collecting locality remains uncertain.,"{""evidenceConfidence"":""B"",""recordProvenanceClass"":""Direct museum record"",""sourceIDs"":[""MAS-SRC-0010""],""localityConfidence"":""B"",""localityType"":""mountain / valley fossil locality"",""verbatimAge"":""Holocene / subfossil"",""stratigraphicInformation"":""Precise collecting point unresolved; Hume (2007) reports Thirioux material from the side of Le Pouce valley.""}"
MAS-SP-0217,MAS-SP-0217,FossilSpecimen,Mascarene Paleo Framework,NHMUK,PV R 9414,fossil,,,,,,,MAS-LOC-0007,Le Pouce,Mauritius,Mascarene Islands,Mauritius,MU,,,Holocene,Holocene,https://data.nhm.ac.uk/,Raw NHMUK database extract supplied by NHM; identification and fields not independently verified. Age retained as reported by NHM.,"Quaternary, Pleistocene. Caves, La Pouce Mountain, Mauritius. Exchange, University Museum of Zoology, Cambridge, 1919",,NHMUK mapping recorded 'La Pouce Mountain'. Hume (2007) uses Le Pouce and notes that Thirioux's precise collecting locality remains uncertain.,"{""evidenceConfidence"":""B"",""recordProvenanceClass"":""Direct museum record"",""sourceIDs"":[""MAS-SRC-0010""],""localityConfidence"":""B"",""localityType"":""mountain / valley fossil locality"",""verbatimAge"":""Holocene / subfossil"",""stratigraphicInformation"":""Precise collecting point unresolved; Hume (2007) reports Thirioux material from the side of Le Pouce valley.""}"
MAS-SP-0218,MAS-SP-0218,FossilSpecimen,Mascarene Paleo Framework,NHMUK,PV R 9415,fossil,,,,,,,MAS-LOC-0007,Le Pouce,Mauritius,Mascarene Islands,Mauritius,MU,,,Holocene,Holocene,https://data.nhm.ac.uk/,Raw NHMUK database extract supplied by NHM; identification and fields not independently verified. Age retained as reported by NHM.,"Quaternary, Pleistocene. Caves, La Pouce Mountain, Mauritius. Exchange, University Museum of Zoology, Cambridge, 1919",,NHMUK mapping recorded 'La Pouce Mountain'. Hume (2007) uses Le Pouce and notes that Thirioux's precise collecting locality remains uncertain.,"{""evidenceConfidence"":""B"",""recordProvenanceClass"":""Direct museum record"",""sourceIDs"":[""MAS-SRC-0010""],""localityConfidence"":""B"",""localityType"":""mountain / valley fossil locality"",""verbatimAge"":""Holocene / subfossil"",""stratigraphicInformation"":""Precise collecting point unresolved; Hume (2007) reports Thirioux material from the side of Le Pouce valley.""}"
MAS-SP-0219,MAS-SP-0219,FossilSpecimen,Mascarene Paleo Framework,NHMUK,PV R 9416,fossil,,,,,,,MAS-LOC-0007,Le Pouce,Mauritius,Mascarene Islands,Mauritius,MU,,,Holocene,Holocene,https://data.nhm.ac.uk/,Raw NHMUK database extract supplied by NHM; identification and fields not independently verified. Age retained as reported by NHM.,"Quaternary, Pleistocene. Caves, La Pouce Mountain, Mauritius. Exchange, University Museum of Zoology, Cambridge, 1919",,NHMUK mapping recorded 'La Pouce Mountain'. Hume (2007) uses Le Pouce and notes that Thirioux's precise collecting locality remains uncertain.,"{""evidenceConfidence"":""B"",""recordProvenanceClass"":""Direct museum record"",""sourceIDs"":[""MAS-SRC-0010""],""localityConfidence"":""B"",""localityType"":""mountain / valley fossil locality"",""verbatimAge"":""Holocene / subfossil"",""stratigraphicInformation"":""Precise collecting point unresolved; Hume (2007) reports Thirioux material from the side of Le Pouce valley.""}"
MAS-SP-0220,MAS-SP-0220,FossilSpecimen,Mascarene Paleo Framework,NHMUK,PV R 9417,fossil,,,,,,,MAS-LOC-0007,Le Pouce,Mauritius,Mascarene Islands,Mauritius,MU,,,Holocene,Holocene,https://data.nhm.ac.uk/,Raw NHMUK database extract supplied by NHM; identification and fields not independently verified. Age retained as reported by NHM.,"Quaternary, Pleistocene. Caves, La Pouce Mountain, Mauritius. Exchange, University Museum of Zoology, Cambridge, 1919",,NHMUK mapping recorded 'La Pouce Mountain'. Hume (2007) uses Le Pouce and notes that Thirioux's precise collecting locality remains uncertain.,"{""evidenceConfidence"":""B"",""recordProvenanceClass"":""Direct museum record"",""sourceIDs"":[""MAS-SRC-0010""],""localityConfidence"":""B"",""localityType"":""mountain / valley fossil locality"",""verbatimAge"":""Holocene / subfossil"",""stratigraphicInformation"":""Precise collecting point unresolved; Hume (2007) reports Thirioux material from the side of Le Pouce valley.""}"
MAS-SP-0221,MAS-SP-0221,FossilSpecimen,Mascarene Paleo Framework,NHMUK,PV R 9418,fossil,,,,,,,MAS-LOC-0007,Le Pouce,Mauritius,Mascarene Islands,Mauritius,MU,,,Holocene,Holocene,https://data.nhm.ac.uk/,Raw NHMUK database extract supplied by NHM; identification and fields not independently verified. Age retained as reported by NHM.,"Quaternary, Pleistocene. Caves, La Pouce Mountain, Mauritius. Exchange, University Museum of Zoology, Cambridge, 1919",,NHMUK mapping recorded 'La Pouce Mountain'. Hume (2007) uses Le Pouce and notes that Thirioux's precise collecting locality remains uncertain.,"{""evidenceConfidence"":""B"",""recordProvenanceClass"":""Direct museum record"",""sourceIDs"":[""MAS-SRC-0010""],""localityConfidence"":""B"",""localityType"":""mountain / valley fossil locality"",""verbatimAge"":""Holocene / subfossil"",""stratigraphicInformation"":""Precise collecting point unresolved; Hume (2007) reports Thirioux material from the side of Le Pouce valley.""}"
MAS-SP-0222,MAS-SP-0222,FossilSpecimen,Mascarene Paleo Framework,NHMUK,PV R 9419,fossil,,,,,,,MAS-LOC-0007,Le Pouce,Mauritius,Mascarene Islands,Mauritius,MU,,,Holocene,Holocene,https://data.nhm.ac.uk/,Raw NHMUK database extract supplied by NHM; identification and fields not independently verified. Age retained as reported by NHM.,"Quaternary, Pleistocene. Caves, La Pouce Mountain, Mauritius. Exchange, University Museum of Zoology, Cambridge, 1919",,NHMUK mapping recorded 'La Pouce Mountain'. Hume (2007) uses Le Pouce and notes that Thirioux's precise collecting locality remains uncertain.,"{""evidenceConfidence"":""B"",""recordProvenanceClass"":""Direct museum record"",""sourceIDs"":[""MAS-SRC-0010""],""localityConfidence"":""B"",""localityType"":""mountain / valley fossil locality"",""verbatimAge"":""Holocene / subfossil"",""stratigraphicInformation"":""Precise collecting point unresolved; Hume (2007) reports Thirioux material from the side of Le Pouce valley.""}"
MAS-SP-0223,MAS-SP-0223,FossilSpecimen,Mascarene Paleo Framework,NHMUK,PV R 9420,fossil,,,,,,,MAS-LOC-0007,Le Pouce,Mauritius,Mascarene Islands,Mauritius,MU,,,Holocene,Holocene,https://data.nhm.ac.uk/,Raw NHMUK database extract supplied by NHM; identification and fields not independently verified. Age retained as reported by NHM.,"Quaternary, Pleistocene. Caves, La Pouce Mountain, Mauritius. Exchange, University Museum of Zoology, Cambridge, 1919",,NHMUK mapping recorded 'La Pouce Mountain'. Hume (2007) uses Le Pouce and notes that Thirioux's precise collecting locality remains uncertain.,"{""evidenceConfidence"":""B"",""recordProvenanceClass"":""Direct museum record"",""sourceIDs"":[""MAS-SRC-0010""],""localityConfidence"":""B"",""localityType"":""mountain / valley fossil locality"",""verbatimAge"":""Holocene / subfossil"",""stratigraphicInformation"":""Precise collecting point unresolved; Hume (2007) reports Thirioux material from the side of Le Pouce valley.""}"
MAS-SP-0224,MAS-SP-0224,FossilSpecimen,Mascarene Paleo Framework,NHMUK,PV R 9421,fossil,,,,,,,MAS-LOC-0007,Le Pouce,Mauritius,Mascarene Islands,Mauritius,MU,,,Holocene,Holocene,https://data.nhm.ac.uk/,Raw NHMUK database extract supplied by NHM; identification and fields not independently verified. Age retained as reported by NHM.,"Quaternary, Pleistocene. Caves, La Pouce Mountain, Mauritius. Exchange, University Museum of Zoology, Cambridge, 1919",,NHMUK mapping recorded 'La Pouce Mountain'. Hume (2007) uses Le Pouce and notes that Thirioux's precise collecting locality remains uncertain.,"{""evidenceConfidence"":""B"",""recordProvenanceClass"":""Direct museum record"",""sourceIDs"":[""MAS-SRC-0010""],""localityConfidence"":""B"",""localityType"":""mountain / valley fossil locality"",""verbatimAge"":""Holocene / subfossil"",""stratigraphicInformation"":""Precise collecting point unresolved; Hume (2007) reports Thirioux material from the side of Le Pouce valley.""}"
MAS-SP-0225,MAS-SP-0225,FossilSpecimen,Mascarene Paleo Framework,NHMUK,PV R 9422,fossil,,,,,,,MAS-LOC-0007,Le Pouce,Mauritius,Mascarene Islands,Mauritius,MU,,,Holocene,Holocene,https://data.nhm.ac.uk/,Raw NHMUK database extract supplied by NHM; identification and fields not independently verified. Age retained as reported by NHM.,"Quaternary, Pleistocene. Caves, La Pouce Mountain, Mauritius. Exchange, University Museum of Zoology, Cambridge, 1919",,NHMUK mapping recorded 'La Pouce Mountain'. Hume (2007) uses Le Pouce and notes that Thirioux's precise collecting locality remains uncertain.,"{""evidenceConfidence"":""B"",""recordProvenanceClass"":""Direct museum record"",""sourceIDs"":[""MAS-SRC-0010""],""localityConfidence"":""B"",""localityType"":""mountain / valley fossil locality"",""verbatimAge"":""Holocene / subfossil"",""stratigraphicInformation"":""Precise collecting point unresolved; Hume (2007) reports Thirioux material from the side of Le Pouce valley.""}"
MAS-SP-0226,MAS-SP-0226,FossilSpecimen,Mascarene Paleo Framework,NHMUK,PV R 9423,fossil,,,,,,,MAS-LOC-0007,Le Pouce,Mauritius,Mascarene Islands,Mauritius,MU,,,Holocene,Holocene,https://data.nhm.ac.uk/,Raw NHMUK database extract supplied by NHM; identification and fields not independently verified. Age retained as reported by NHM.,"Quaternary, Pleistocene. Caves, La Pouce Mountain, Mauritius. Exchange, University Museum of Zoology, Cambridge, 1919",,NHMUK mapping recorded 'La Pouce Mountain'. Hume (2007) uses Le Pouce and notes that Thirioux's precise collecting locality remains uncertain.,"{""evidenceConfidence"":""B"",""recordProvenanceClass"":""Direct museum record"",""sourceIDs"":[""MAS-SRC-0010""],""localityConfidence"":""B"",""localityType"":""mountain / valley fossil locality"",""verbatimAge"":""Holocene / subfossil"",""stratigraphicInformation"":""Precise collecting point unresolved; Hume (2007) reports Thirioux material from the side of Le Pouce valley.""}"
MAS-SP-0227,MAS-SP-0227,FossilSpecimen,Mascarene Paleo Framework,NHMUK,PV R 9424,fossil,,,,,,,MAS-LOC-0007,Le Pouce,Mauritius,Mascarene Islands,Mauritius,MU,,,Holocene,Holocene,https://data.nhm.ac.uk/,Raw NHMUK database extract supplied by NHM; identification and fields not independently verified. Age retained as reported by NHM.,"Quaternary, Pleistocene. Caves, La Pouce Mountain, Mauritius. Exchange, University Museum of Zoology, Cambridge, 1919",,NHMUK mapping recorded 'La Pouce Mountain'. Hume (2007) uses Le Pouce and notes that Thirioux's precise collecting locality remains uncertain.,"{""evidenceConfidence"":""B"",""recordProvenanceClass"":""Direct museum record"",""sourceIDs"":[""MAS-SRC-0010""],""localityConfidence"":""B"",""localityType"":""mountain / valley fossil locality"",""verbatimAge"":""Holocene / subfossil"",""stratigraphicInformation"":""Precise collecting point unresolved; Hume (2007) reports Thirioux material from the side of Le Pouce valley.""}"
MAS-SP-0228,MAS-SP-0228,FossilSpecimen,Mascarene Paleo Framework,NHMUK,PV R 9425,fossil,,,,,,,MAS-LOC-0007,Le Pouce,Mauritius,Mascarene Islands,Mauritius,MU,,,Holocene,Holocene,https://data.nhm.ac.uk/,Raw NHMUK database extract supplied by NHM; identification and fields not independently verified. Age retained as reported by NHM.,"Quaternary, Pleistocene. Caves, La Pouce Mountain, Mauritius. Exchange, University Museum of Zoology, Cambridge, 1919",,NHMUK mapping recorded 'La Pouce Mountain'. Hume (2007) uses Le Pouce and notes that Thirioux's precise collecting locality remains uncertain.,"{""evidenceConfidence"":""B"",""recordProvenanceClass"":""Direct museum record"",""sourceIDs"":[""MAS-SRC-0010""],""localityConfidence"":""B"",""localityType"":""mountain / valley fossil locality"",""verbatimAge"":""Holocene / subfossil"",""stratigraphicInformation"":""Precise collecting point unresolved; Hume (2007) reports Thirioux material from the side of Le Pouce valley.""}"
MAS-SP-0229,MAS-SP-0229,FossilSpecimen,Mascarene Paleo Framework,NHMUK,PV R 9426,fossil,,,,,,,MAS-LOC-0007,Le Pouce,Mauritius,Mascarene Islands,Mauritius,MU,,,Holocene,Holocene,https://data.nhm.ac.uk/,Raw NHMUK database extract supplied by NHM; identification and fields not independently verified. Age retained as reported by NHM.,"Quaternary, Pleistocene. Caves, La Pouce Mountain, Mauritius. Exchange, University Museum of Zoology, Cambridge, 1919",,NHMUK mapping recorded 'La Pouce Mountain'. Hume (2007) uses Le Pouce and notes that Thirioux's precise collecting locality remains uncertain.,"{""evidenceConfidence"":""B"",""recordProvenanceClass"":""Direct museum record"",""sourceIDs"":[""MAS-SRC-0010""],""localityConfidence"":""B"",""localityType"":""mountain / valley fossil locality"",""verbatimAge"":""Holocene / subfossil"",""stratigraphicInformation"":""Precise collecting point unresolved; Hume (2007) reports Thirioux material from the side of Le Pouce valley.""}"
MAS-SP-0230,MAS-SP-0230,FossilSpecimen,Mascarene Paleo Framework,NHMUK,PV R 9428,fossil,,,,,,,MAS-LOC-0007,Le Pouce,Mauritius,Mascarene Islands,Mauritius,MU,,,Holocene,Holocene,https://data.nhm.ac.uk/,Raw NHMUK database extract supplied by NHM; identification and fields not independently verified. Age retained as reported by NHM.,"Quaternary, Pleistocene. Caves, La Pouce Mountain, Mauritius. Exchange, University Museum of Zoology, Cambridge, 1919",,NHMUK mapping recorded 'La Pouce Mountain'. Hume (2007) uses Le Pouce and notes that Thirioux's precise collecting locality remains uncertain.,"{""evidenceConfidence"":""B"",""recordProvenanceClass"":""Direct museum record"",""sourceIDs"":[""MAS-SRC-0010""],""localityConfidence"":""B"",""localityType"":""mountain / valley fossil locality"",""verbatimAge"":""Holocene / subfossil"",""stratigraphicInformation"":""Precise collecting point unresolved; Hume (2007) reports Thirioux material from the side of Le Pouce valley.""}"
MAS-SP-0231,MAS-SP-0231,FossilSpecimen,Mascarene Paleo Framework,NHMUK,PV R 9429,fossil,,,,,,,MAS-LOC-0007,Le Pouce,Mauritius,Mascarene Islands,Mauritius,MU,,,Holocene,Holocene,https://data.nhm.ac.uk/,Raw NHMUK database extract supplied by NHM; identification and fields not independently verified. Age retained as reported by NHM.,"Quaternary, Pleistocene. Caves, La Pouce Mountain, Mauritius. Exchange, University Museum of Zoology, Cambridge, 1919",,NHMUK mapping recorded 'La Pouce Mountain'. Hume (2007) uses Le Pouce and notes that Thirioux's precise collecting locality remains uncertain.,"{""evidenceConfidence"":""B"",""recordProvenanceClass"":""Direct museum record"",""sourceIDs"":[""MAS-SRC-0010""],""localityConfidence"":""B"",""localityType"":""mountain / valley fossil locality"",""verbatimAge"":""Holocene / subfossil"",""stratigraphicInformation"":""Precise collecting point unresolved; Hume (2007) reports Thirioux material from the side of Le Pouce valley.""}"
MAS-SP-0232,MAS-SP-0232,FossilSpecimen,Mascarene Paleo Framework,NHMUK,PV R 9430,fossil,,,,,,,MAS-LOC-0007,Le Pouce,Mauritius,Mascarene Islands,Mauritius,MU,,,Holocene,Holocene,https://data.nhm.ac.uk/,Raw NHMUK database extract supplied by NHM; identification and fields not independently verified. Age retained as reported by NHM.,"Quaternary, Pleistocene. Caves, La Pouce Mountain, Mauritius. Exchange, University Museum of Zoology, Cambridge, 1919",,NHMUK mapping recorded 'La Pouce Mountain'. Hume (2007) uses Le Pouce and notes that Thirioux's precise collecting locality remains uncertain.,"{""evidenceConfidence"":""B"",""recordProvenanceClass"":""Direct museum record"",""sourceIDs"":[""MAS-SRC-0010""],""localityConfidence"":""B"",""localityType"":""mountain / valley fossil locality"",""verbatimAge"":""Holocene / subfossil"",""stratigraphicInformation"":""Precise collecting point unresolved; Hume (2007) reports Thirioux material from the side of Le Pouce valley.""}"
MAS-SP-0233,MAS-SP-0233,FossilSpecimen,Mascarene Paleo Framework,NHMUK,PV R 9431,fossil,,,,,,,MAS-LOC-0007,Le Pouce,Mauritius,Mascarene Islands,Mauritius,MU,,,Holocene,Holocene,https://data.nhm.ac.uk/,Raw NHMUK database extract supplied by NHM; identification and fields not independently verified. Age retained as reported by NHM.,"Quaternary, Pleistocene. Caves, La Pouce Mountain, Mauritius. Exchange, University Museum of Zoology, Cambridge, 1919",,NHMUK mapping recorded 'La Pouce Mountain'. Hume (2007) uses Le Pouce and notes that Thirioux's precise collecting locality remains uncertain.,"{""evidenceConfidence"":""B"",""recordProvenanceClass"":""Direct museum record"",""sourceIDs"":[""MAS-SRC-0010""],""localityConfidence"":""B"",""localityType"":""mountain / valley fossil locality"",""verbatimAge"":""Holocene / subfossil"",""stratigraphicInformation"":""Precise collecting point unresolved; Hume (2007) reports Thirioux material from the side of Le Pouce valley.""}"
MAS-SP-0234,MAS-SP-0234,FossilSpecimen,Mascarene Paleo Framework,NHMUK,PV R 9432,fossil,,MAS-TAX-0023,Nactus serpensinsula,"(Loveridge, 1951)","Nactus serpensinsula (Loveridge, 1951)",,MAS-LOC-0007,Le Pouce,Mauritius,Mascarene Islands,Mauritius,MU,,,Holocene,Holocene,https://data.nhm.ac.uk/,Raw NHMUK database extract supplied by NHM; identification and fields not independently verified. NHM record flags: NON-TYPE. Age retained as reported by NHM.,"Nactus serpensinsula (Loveridge, 1951). NON-TYPE. Quaternary, Pleistocene. Caves, La Pouce Mountain, Mauritius. Exchange, University Museum of Zoology, Cambridge, 1919",Imported from NHMUK taxon-ID mapping; accepted taxonomy should be independently verified.,NHMUK mapping recorded 'La Pouce Mountain'. Hume (2007) uses Le Pouce and notes that Thirioux's precise collecting locality remains uncertain.,"{""evidenceConfidence"":""B"",""recordProvenanceClass"":""Direct museum record"",""sourceIDs"":[""MAS-SRC-0010""],""localityConfidence"":""B"",""localityType"":""mountain / valley fossil locality"",""verbatimAge"":""Holocene / subfossil"",""stratigraphicInformation"":""Precise collecting point unresolved; Hume (2007) reports Thirioux material from the side of Le Pouce valley.""}"
MAS-SP-0235,MAS-SP-0235,FossilSpecimen,Mascarene Paleo Framework,NHMUK,PV R 9435,fossil,,,,,,,MAS-LOC-0007,Le Pouce,Mauritius,Mascarene Islands,Mauritius,MU,,,Holocene,Holocene,https://data.nhm.ac.uk/,Raw NHMUK database extract supplied by NHM; identification and fields not independently verified. Age retained as reported by NHM.,"Quaternary, Pleistocene. Caves, La Pouce Mountain, Mauritius. Exchange, University Museum of Zoology, Cambridge, 1919",,NHMUK mapping recorded 'La Pouce Mountain'. Hume (2007) uses Le Pouce and notes that Thirioux's precise collecting locality remains uncertain.,"{""evidenceConfidence"":""B"",""recordProvenanceClass"":""Direct museum record"",""sourceIDs"":[""MAS-SRC-0010""],""localityConfidence"":""B"",""localityType"":""mountain / valley fossil locality"",""verbatimAge"":""Holocene / subfossil"",""stratigraphicInformation"":""Precise collecting point unresolved; Hume (2007) reports Thirioux material from the side of Le Pouce valley.""}"
MAS-SP-0236,MAS-SP-0236,FossilSpecimen,Mascarene Paleo Framework,NHMUK,PV R 9436,fossil,,,,,,,MAS-LOC-0007,Le Pouce,Mauritius,Mascarene Islands,Mauritius,MU,,,Holocene,Holocene,https://data.nhm.ac.uk/,Raw NHMUK database extract supplied by NHM; identification and fields not independently verified. Age retained as reported by NHM.,"Quaternary, Pleistocene. Caves, La Pouce Mountain, Mauritius. Exchange, University Museum of Zoology, Cambridge, 1919",,NHMUK mapping recorded 'La Pouce Mountain'. Hume (2007) uses Le Pouce and notes that Thirioux's precise collecting locality remains uncertain.,"{""evidenceConfidence"":""B"",""recordProvenanceClass"":""Direct museum record"",""sourceIDs"":[""MAS-SRC-0010""],""localityConfidence"":""B"",""localityType"":""mountain / valley fossil locality"",""verbatimAge"":""Holocene / subfossil"",""stratigraphicInformation"":""Precise collecting point unresolved; Hume (2007) reports Thirioux material from the side of Le Pouce valley.""}"
MAS-SP-0237,MAS-SP-0237,FossilSpecimen,Mascarene Paleo Framework,NHMUK,PV R 9437,fossil,,,,,,,MAS-LOC-0007,Le Pouce,Mauritius,Mascarene Islands,Mauritius,MU,,,Holocene,Holocene,https://data.nhm.ac.uk/,Raw NHMUK database extract supplied by NHM; identification and fields not independently verified. Age retained as reported by NHM.,"Quaternary, Pleistocene. Caves, La Pouce Mountain, Mauritius. Exchange, University Museum of Zoology, Cambridge, 1919",,NHMUK mapping recorded 'La Pouce Mountain'. Hume (2007) uses Le Pouce and notes that Thirioux's precise collecting locality remains uncertain.,"{""evidenceConfidence"":""B"",""recordProvenanceClass"":""Direct museum record"",""sourceIDs"":[""MAS-SRC-0010""],""localityConfidence"":""B"",""localityType"":""mountain / valley fossil locality"",""verbatimAge"":""Holocene / subfossil"",""stratigraphicInformation"":""Precise collecting point unresolved; Hume (2007) reports Thirioux material from the side of Le Pouce valley.""}"
MAS-SP-0238,MAS-SP-0238,FossilSpecimen,Mascarene Paleo Framework,NHMUK,PV R 9439,fossil,,,,,,,MAS-LOC-0007,Le Pouce,Mauritius,Mascarene Islands,Mauritius,MU,,,Holocene,Holocene,https://data.nhm.ac.uk/,Raw NHMUK database extract supplied by NHM; identification and fields not independently verified. Age retained as reported by NHM.,"Quaternary, Pleistocene. Caves, La Pouce Mountain, Mauritius. Exchange, University Museum of Zoology, Cambridge, 1919",,NHMUK mapping recorded 'La Pouce Mountain'. Hume (2007) uses Le Pouce and notes that Thirioux's precise collecting locality remains uncertain.,"{""evidenceConfidence"":""B"",""recordProvenanceClass"":""Direct museum record"",""sourceIDs"":[""MAS-SRC-0010""],""localityConfidence"":""B"",""localityType"":""mountain / valley fossil locality"",""verbatimAge"":""Holocene / subfossil"",""stratigraphicInformation"":""Precise collecting point unresolved; Hume (2007) reports Thirioux material from the side of Le Pouce valley.""}"
MAS-SP-0239,MAS-SP-0239,FossilSpecimen,Mascarene Paleo Framework,NHMUK,PV R 9440,fossil,,,,,,,MAS-LOC-0007,Le Pouce,Mauritius,Mascarene Islands,Mauritius,MU,,,Holocene,Holocene,https://data.nhm.ac.uk/,Raw NHMUK database extract supplied by NHM; identification and fields not independently verified. Age retained as reported by NHM.,"Quaternary, Pleistocene. Caves, La Pouce Mountain, Mauritius. Exchange, University Museum of Zoology, Cambridge, 1919",,NHMUK mapping recorded 'La Pouce Mountain'. Hume (2007) uses Le Pouce and notes that Thirioux's precise collecting locality remains uncertain.,"{""evidenceConfidence"":""B"",""recordProvenanceClass"":""Direct museum record"",""sourceIDs"":[""MAS-SRC-0010""],""localityConfidence"":""B"",""localityType"":""mountain / valley fossil locality"",""verbatimAge"":""Holocene / subfossil"",""stratigraphicInformation"":""Precise collecting point unresolved; Hume (2007) reports Thirioux material from the side of Le Pouce valley.""}"
MAS-SP-0240,MAS-SP-0240,FossilSpecimen,Mascarene Paleo Framework,NHMUK,PV R 9441,fossil,,,,,,,MAS-LOC-0007,Le Pouce,Mauritius,Mascarene Islands,Mauritius,MU,,,Holocene,Holocene,https://data.nhm.ac.uk/,Raw NHMUK database extract supplied by NHM; identification and fields not independently verified. Age retained as reported by NHM.,"Quaternary, Pleistocene. Caves, La Pouce Mountain, Mauritius. Exchange, University Museum of Zoology, Cambridge, 1919",,NHMUK mapping recorded 'La Pouce Mountain'. Hume (2007) uses Le Pouce and notes that Thirioux's precise collecting locality remains uncertain.,"{""evidenceConfidence"":""B"",""recordProvenanceClass"":""Direct museum record"",""sourceIDs"":[""MAS-SRC-0010""],""localityConfidence"":""B"",""localityType"":""mountain / valley fossil locality"",""verbatimAge"":""Holocene / subfossil"",""stratigraphicInformation"":""Precise collecting point unresolved; Hume (2007) reports Thirioux material from the side of Le Pouce valley.""}"
MAS-SP-0241,MAS-SP-0241,FossilSpecimen,Mascarene Paleo Framework,NHMUK,PV R 9442,fossil,,,,,,,MAS-LOC-0007,Le Pouce,Mauritius,Mascarene Islands,Mauritius,MU,,,Holocene,Holocene,https://data.nhm.ac.uk/,Raw NHMUK database extract supplied by NHM; identification and fields not independently verified. Age retained as reported by NHM.,"Quaternary, Pleistocene. Caves, La Pouce Mountain, Mauritius. Exchange, University Museum of Zoology, Cambridge, 1919",,NHMUK mapping recorded 'La Pouce Mountain'. Hume (2007) uses Le Pouce and notes that Thirioux's precise collecting locality remains uncertain.,"{""evidenceConfidence"":""B"",""recordProvenanceClass"":""Direct museum record"",""sourceIDs"":[""MAS-SRC-0010""],""localityConfidence"":""B"",""localityType"":""mountain / valley fossil locality"",""verbatimAge"":""Holocene / subfossil"",""stratigraphicInformation"":""Precise collecting point unresolved; Hume (2007) reports Thirioux material from the side of Le Pouce valley.""}"
MAS-SP-0242,MAS-SP-0242,FossilSpecimen,Mascarene Paleo Framework,NHMUK,PV R 9443,fossil,,,,,,,MAS-LOC-0007,Le Pouce,Mauritius,Mascarene Islands,Mauritius,MU,,,Holocene,Holocene,https://data.nhm.ac.uk/,Raw NHMUK database extract supplied by NHM; identification and fields not independently verified. Age retained as reported by NHM.,"Quaternary, Pleistocene. Caves, La Pouce Mountain, Mauritius. Exchange, University Museum of Zoology, Cambridge, 1919",,NHMUK mapping recorded 'La Pouce Mountain'. Hume (2007) uses Le Pouce and notes that Thirioux's precise collecting locality remains uncertain.,"{""evidenceConfidence"":""B"",""recordProvenanceClass"":""Direct museum record"",""sourceIDs"":[""MAS-SRC-0010""],""localityConfidence"":""B"",""localityType"":""mountain / valley fossil locality"",""verbatimAge"":""Holocene / subfossil"",""stratigraphicInformation"":""Precise collecting point unresolved; Hume (2007) reports Thirioux material from the side of Le Pouce valley.""}"
MAS-SP-0243,MAS-SP-0243,FossilSpecimen,Mascarene Paleo Framework,NHMUK,PV R 9444,fossil,,MAS-TAX-0019,Leiolopisma mauritianus,"(Günther, 1877)","Leiolopisma mauritianus (Günther, 1877)",,MAS-LOC-0007,Le Pouce,Mauritius,Mascarene Islands,Mauritius,MU,,,Holocene,Holocene,https://data.nhm.ac.uk/,Raw NHMUK database extract supplied by NHM; identification and fields not independently verified. NHM record flags: NON-TYPE. Age retained as reported by NHM.,"Leiolopisma mauritianus (Günther, 1877). NON-TYPE. Quaternary, Pleistocene. Caves, La Pouce Mountain, Mauritius. Exchange, University Museum of Zoology, Cambridge, 1919",Imported from NHMUK taxon-ID mapping; accepted taxonomy should be independently verified.,NHMUK mapping recorded 'La Pouce Mountain'. Hume (2007) uses Le Pouce and notes that Thirioux's precise collecting locality remains uncertain.,"{""evidenceConfidence"":""B"",""recordProvenanceClass"":""Direct museum record"",""sourceIDs"":[""MAS-SRC-0010""],""localityConfidence"":""B"",""localityType"":""mountain / valley fossil locality"",""verbatimAge"":""Holocene / subfossil"",""stratigraphicInformation"":""Precise collecting point unresolved; Hume (2007) reports Thirioux material from the side of Le Pouce valley.""}"
MAS-SP-0244,MAS-SP-0244,FossilSpecimen,Mascarene Paleo Framework,NHMUK,PV R 9445,fossil,,MAS-TAX-0019,Leiolopisma mauritianus,"(Günther, 1877)","Leiolopisma mauritianus (Günther, 1877)",,MAS-LOC-0007,Le Pouce,Mauritius,Mascarene Islands,Mauritius,MU,,,Holocene,Holocene,https://data.nhm.ac.uk/,Raw NHMUK database extract supplied by NHM; identification and fields not independently verified. NHM record flags: NON-TYPE. Age retained as reported by NHM.,"Leiolopisma mauritianus (Günther, 1877). NON-TYPE. Quaternary, Pleistocene. Caves, La Pouce Mountain, Mauritius. Exchange, University Museum of Zoology, Cambridge, 1919",Imported from NHMUK taxon-ID mapping; accepted taxonomy should be independently verified.,NHMUK mapping recorded 'La Pouce Mountain'. Hume (2007) uses Le Pouce and notes that Thirioux's precise collecting locality remains uncertain.,"{""evidenceConfidence"":""B"",""recordProvenanceClass"":""Direct museum record"",""sourceIDs"":[""MAS-SRC-0010""],""localityConfidence"":""B"",""localityType"":""mountain / valley fossil locality"",""verbatimAge"":""Holocene / subfossil"",""stratigraphicInformation"":""Precise collecting point unresolved; Hume (2007) reports Thirioux material from the side of Le Pouce valley.""}"
MAS-SP-0245,MAS-SP-0245,FossilSpecimen,Mascarene Paleo Framework,NHMUK,PV R 9446,fossil,,MAS-TAX-0019,Leiolopisma mauritianus,"(Günther, 1877)","Leiolopisma mauritianus (Günther, 1877)",,MAS-LOC-0007,Le Pouce,Mauritius,Mascarene Islands,Mauritius,MU,,,Holocene,Holocene,https://data.nhm.ac.uk/,Raw NHMUK database extract supplied by NHM; identification and fields not independently verified. NHM record flags: NON-TYPE. Age retained as reported by NHM.,"Leiolopisma mauritianus (Günther, 1877). NON-TYPE. Quaternary, Pleistocene. Caves, La Pouce Mountain, Mauritius. Exchange, University Museum of Zoology, Cambridge, 1919",Imported from NHMUK taxon-ID mapping; accepted taxonomy should be independently verified.,NHMUK mapping recorded 'La Pouce Mountain'. Hume (2007) uses Le Pouce and notes that Thirioux's precise collecting locality remains uncertain.,"{""evidenceConfidence"":""B"",""recordProvenanceClass"":""Direct museum record"",""sourceIDs"":[""MAS-SRC-0010""],""localityConfidence"":""B"",""localityType"":""mountain / valley fossil locality"",""verbatimAge"":""Holocene / subfossil"",""stratigraphicInformation"":""Precise collecting point unresolved; Hume (2007) reports Thirioux material from the side of Le Pouce valley.""}"
MAS-SP-0246,MAS-SP-0246,FossilSpecimen,Mascarene Paleo Framework,NHMUK,PV R 9447,fossil,,MAS-TAX-0019,Leiolopisma mauritianus,"(Günther, 1877)","Leiolopisma mauritianus (Günther, 1877)",,MAS-LOC-0007,Le Pouce,Mauritius,Mascarene Islands,Mauritius,MU,,,Holocene,Holocene,https://data.nhm.ac.uk/,Raw NHMUK database extract supplied by NHM; identification and fields not independently verified. NHM record flags: NON-TYPE. Age retained as reported by NHM.,"Leiolopisma mauritianus (Günther, 1877). NON-TYPE. Quaternary, Pleistocene. Caves, La Pouce Mountain, Mauritius. Exchange, University Museum of Zoology, Cambridge, 1919",Imported from NHMUK taxon-ID mapping; accepted taxonomy should be independently verified.,NHMUK mapping recorded 'La Pouce Mountain'. Hume (2007) uses Le Pouce and notes that Thirioux's precise collecting locality remains uncertain.,"{""evidenceConfidence"":""B"",""recordProvenanceClass"":""Direct museum record"",""sourceIDs"":[""MAS-SRC-0010""],""localityConfidence"":""B"",""localityType"":""mountain / valley fossil locality"",""verbatimAge"":""Holocene / subfossil"",""stratigraphicInformation"":""Precise collecting point unresolved; Hume (2007) reports Thirioux material from the side of Le Pouce valley.""}"
MAS-SP-0247,MAS-SP-0247,FossilSpecimen,Mascarene Paleo Framework,NHMUK,PV R 9448,fossil,,MAS-TAX-0019,Leiolopisma mauritianus,"(Günther, 1877)","Leiolopisma mauritianus (Günther, 1877)",,MAS-LOC-0007,Le Pouce,Mauritius,Mascarene Islands,Mauritius,MU,,,Holocene,Holocene,https://data.nhm.ac.uk/,Raw NHMUK database extract supplied by NHM; identification and fields not independently verified. NHM record flags: NON-TYPE. Age retained as reported by NHM.,"Leiolopisma mauritianus (Günther, 1877). NON-TYPE. Quaternary, Pleistocene. Caves, La Pouce Mountain, Mauritius. Exchange, University Museum of Zoology, Cambridge, 1919",Imported from NHMUK taxon-ID mapping; accepted taxonomy should be independently verified.,NHMUK mapping recorded 'La Pouce Mountain'. Hume (2007) uses Le Pouce and notes that Thirioux's precise collecting locality remains uncertain.,"{""evidenceConfidence"":""B"",""recordProvenanceClass"":""Direct museum record"",""sourceIDs"":[""MAS-SRC-0010""],""localityConfidence"":""B"",""localityType"":""mountain / valley fossil locality"",""verbatimAge"":""Holocene / subfossil"",""stratigraphicInformation"":""Precise collecting point unresolved; Hume (2007) reports Thirioux material from the side of Le Pouce valley.""}"
MAS-SP-0248,MAS-SP-0248,FossilSpecimen,Mascarene Paleo Framework,NHMUK,PV R 9449,fossil,,MAS-TAX-0019,Leiolopisma mauritianus,"(Günther, 1877)","Leiolopisma mauritianus (Günther, 1877)",,MAS-LOC-0007,Le Pouce,Mauritius,Mascarene Islands,Mauritius,MU,,,Holocene,Holocene,https://data.nhm.ac.uk/,Raw NHMUK database extract supplied by NHM; identification and fields not independently verified. NHM record flags: NON-TYPE. Age retained as reported by NHM.,"Leiolopisma mauritianus (Günther, 1877). NON-TYPE. Quaternary, Pleistocene. Caves, La Pouce Mountain, Mauritius. Exchange, University Museum of Zoology, Cambridge, 1919",Imported from NHMUK taxon-ID mapping; accepted taxonomy should be independently verified.,NHMUK mapping recorded 'La Pouce Mountain'. Hume (2007) uses Le Pouce and notes that Thirioux's precise collecting locality remains uncertain.,"{""evidenceConfidence"":""B"",""recordProvenanceClass"":""Direct museum record"",""sourceIDs"":[""MAS-SRC-0010""],""localityConfidence"":""B"",""localityType"":""mountain / valley fossil locality"",""verbatimAge"":""Holocene / subfossil"",""stratigraphicInformation"":""Precise collecting point unresolved; Hume (2007) reports Thirioux material from the side of Le Pouce valley.""}"
MAS-SP-0249,MAS-SP-0249,FossilSpecimen,Mascarene Paleo Framework,NHMUK,PV R 9450,fossil,,MAS-TAX-0019,Leiolopisma mauritianus,"(Günther, 1877)","Leiolopisma mauritianus (Günther, 1877)",,MAS-LOC-0007,Le Pouce,Mauritius,Mascarene Islands,Mauritius,MU,,,Holocene,Holocene,https://data.nhm.ac.uk/,Raw NHMUK database extract supplied by NHM; identification and fields not independently verified. NHM record flags: NON-TYPE. Age retained as reported by NHM.,"Leiolopisma mauritianus (Günther, 1877). NON-TYPE. Quaternary, Pleistocene. Caves, La Pouce Mountain, Mauritius. Exchange, University Museum of Zoology, Cambridge, 1919",Imported from NHMUK taxon-ID mapping; accepted taxonomy should be independently verified.,NHMUK mapping recorded 'La Pouce Mountain'. Hume (2007) uses Le Pouce and notes that Thirioux's precise collecting locality remains uncertain.,"{""evidenceConfidence"":""B"",""recordProvenanceClass"":""Direct museum record"",""sourceIDs"":[""MAS-SRC-0010""],""localityConfidence"":""B"",""localityType"":""mountain / valley fossil locality"",""verbatimAge"":""Holocene / subfossil"",""stratigraphicInformation"":""Precise collecting point unresolved; Hume (2007) reports Thirioux material from the side of Le Pouce valley.""}"
MAS-SP-0250,MAS-SP-0250,FossilSpecimen,Mascarene Paleo Framework,NHMUK,PV R 9451,fossil,,MAS-TAX-0019,Leiolopisma mauritianus,"(Günther, 1877)","Leiolopisma mauritianus (Günther, 1877)",,MAS-LOC-0007,Le Pouce,Mauritius,Mascarene Islands,Mauritius,MU,,,Holocene,Holocene,https://data.nhm.ac.uk/,Raw NHMUK database extract supplied by NHM; identification and fields not independently verified. NHM record flags: NON-TYPE. Age retained as reported by NHM.,"Leiolopisma mauritianus (Günther, 1877). NON-TYPE. Quaternary, Pleistocene. Caves, La Pouce Mountain, Mauritius. Exchange, University Museum of Zoology, Cambridge, 1919",Imported from NHMUK taxon-ID mapping; accepted taxonomy should be independently verified.,NHMUK mapping recorded 'La Pouce Mountain'. Hume (2007) uses Le Pouce and notes that Thirioux's precise collecting locality remains uncertain.,"{""evidenceConfidence"":""B"",""recordProvenanceClass"":""Direct museum record"",""sourceIDs"":[""MAS-SRC-0010""],""localityConfidence"":""B"",""localityType"":""mountain / valley fossil locality"",""verbatimAge"":""Holocene / subfossil"",""stratigraphicInformation"":""Precise collecting point unresolved; Hume (2007) reports Thirioux material from the side of Le Pouce valley.""}"
MAS-SP-0251,MAS-SP-0251,FossilSpecimen,Mascarene Paleo Framework,NHMUK,PV R 9452,fossil,,MAS-TAX-0019,Leiolopisma mauritianus,"(Günther, 1877)","Leiolopisma mauritianus (Günther, 1877)",,MAS-LOC-0007,Le Pouce,Mauritius,Mascarene Islands,Mauritius,MU,,,Holocene,Holocene,https://data.nhm.ac.uk/,Raw NHMUK database extract supplied by NHM; identification and fields not independently verified. NHM record flags: NON-TYPE. Age retained as reported by NHM.,"Leiolopisma mauritianus (Günther, 1877). NON-TYPE. Quaternary, Pleistocene. Caves, La Pouce Mountain, Mauritius. Exchange, University Museum of Zoology, Cambridge, 1919",Imported from NHMUK taxon-ID mapping; accepted taxonomy should be independently verified.,NHMUK mapping recorded 'La Pouce Mountain'. Hume (2007) uses Le Pouce and notes that Thirioux's precise collecting locality remains uncertain.,"{""evidenceConfidence"":""B"",""recordProvenanceClass"":""Direct museum record"",""sourceIDs"":[""MAS-SRC-0010""],""localityConfidence"":""B"",""localityType"":""mountain / valley fossil locality"",""verbatimAge"":""Holocene / subfossil"",""stratigraphicInformation"":""Precise collecting point unresolved; Hume (2007) reports Thirioux material from the side of Le Pouce valley.""}"
MAS-SP-0252,MAS-SP-0252,FossilSpecimen,Mascarene Paleo Framework,NHMUK,PV R 9453,fossil,,MAS-TAX-0019,Leiolopisma mauritianus,"(Günther, 1877)","Leiolopisma mauritianus (Günther, 1877)",,MAS-LOC-0007,Le Pouce,Mauritius,Mascarene Islands,Mauritius,MU,,,Holocene,Holocene,https://data.nhm.ac.uk/,Raw NHMUK database extract supplied by NHM; identification and fields not independently verified. NHM record flags: NON-TYPE. Age retained as reported by NHM.,"Leiolopisma mauritianus (Günther, 1877). NON-TYPE. Quaternary, Pleistocene. Caves, La Pouce Mountain, Mauritius. Exchange, University Museum of Zoology, Cambridge, 1919",Imported from NHMUK taxon-ID mapping; accepted taxonomy should be independently verified.,NHMUK mapping recorded 'La Pouce Mountain'. Hume (2007) uses Le Pouce and notes that Thirioux's precise collecting locality remains uncertain.,"{""evidenceConfidence"":""B"",""recordProvenanceClass"":""Direct museum record"",""sourceIDs"":[""MAS-SRC-0010""],""localityConfidence"":""B"",""localityType"":""mountain / valley fossil locality"",""verbatimAge"":""Holocene / subfossil"",""stratigraphicInformation"":""Precise collecting point unresolved; Hume (2007) reports Thirioux material from the side of Le Pouce valley.""}"
MAS-SP-0253,MAS-SP-0253,FossilSpecimen,Mascarene Paleo Framework,NHMUK,PV R 9454,fossil,,MAS-TAX-0019,Leiolopisma mauritianus,"(Günther, 1877)","Leiolopisma mauritianus (Günther, 1877)",,MAS-LOC-0007,Le Pouce,Mauritius,Mascarene Islands,Mauritius,MU,,,Holocene,Holocene,https://data.nhm.ac.uk/,Raw NHMUK database extract supplied by NHM; identification and fields not independently verified. NHM record flags: NON-TYPE. Age retained as reported by NHM.,"Leiolopisma mauritianus (Günther, 1877). NON-TYPE. Quaternary, Pleistocene. Caves, La Pouce Mountain, Mauritius. Exchange, University Museum of Zoology, Cambridge, 1919",Imported from NHMUK taxon-ID mapping; accepted taxonomy should be independently verified.,NHMUK mapping recorded 'La Pouce Mountain'. Hume (2007) uses Le Pouce and notes that Thirioux's precise collecting locality remains uncertain.,"{""evidenceConfidence"":""B"",""recordProvenanceClass"":""Direct museum record"",""sourceIDs"":[""MAS-SRC-0010""],""localityConfidence"":""B"",""localityType"":""mountain / valley fossil locality"",""verbatimAge"":""Holocene / subfossil"",""stratigraphicInformation"":""Precise collecting point unresolved; Hume (2007) reports Thirioux material from the side of Le Pouce valley.""}"
MAS-SP-0254,MAS-SP-0254,FossilSpecimen,Mascarene Paleo Framework,NHMUK,PV R 9455,fossil,,MAS-TAX-0019,Leiolopisma mauritianus,"(Günther, 1877)","Leiolopisma mauritianus (Günther, 1877)",,MAS-LOC-0007,Le Pouce,Mauritius,Mascarene Islands,Mauritius,MU,,,Holocene,Holocene,https://data.nhm.ac.uk/,Raw NHMUK database extract supplied by NHM; identification and fields not independently verified. NHM record flags: NON-TYPE. Age retained as reported by NHM.,"Leiolopisma mauritianus (Günther, 1877). NON-TYPE. Quaternary, Pleistocene. Caves, La Pouce Mountain, Mauritius. Exchange, University Museum of Zoology, Cambridge, 1919",Imported from NHMUK taxon-ID mapping; accepted taxonomy should be independently verified.,NHMUK mapping recorded 'La Pouce Mountain'. Hume (2007) uses Le Pouce and notes that Thirioux's precise collecting locality remains uncertain.,"{""evidenceConfidence"":""B"",""recordProvenanceClass"":""Direct museum record"",""sourceIDs"":[""MAS-SRC-0010""],""localityConfidence"":""B"",""localityType"":""mountain / valley fossil locality"",""verbatimAge"":""Holocene / subfossil"",""stratigraphicInformation"":""Precise collecting point unresolved; Hume (2007) reports Thirioux material from the side of Le Pouce valley.""}"
MAS-SP-0255,MAS-SP-0255,FossilSpecimen,Mascarene Paleo Framework,NHMUK,PV R 9456,fossil,,MAS-TAX-0019,Leiolopisma mauritianus,"(Günther, 1877)","Leiolopisma mauritianus (Günther, 1877)",,MAS-LOC-0007,Le Pouce,Mauritius,Mascarene Islands,Mauritius,MU,,,Holocene,Holocene,https://data.nhm.ac.uk/,Raw NHMUK database extract supplied by NHM; identification and fields not independently verified. NHM record flags: NON-TYPE. Age retained as reported by NHM.,"Leiolopisma mauritianus (Günther, 1877). NON-TYPE. Quaternary, Pleistocene. Caves, La Pouce Mountain, Mauritius. Exchange, University Museum of Zoology, Cambridge, 1919",Imported from NHMUK taxon-ID mapping; accepted taxonomy should be independently verified.,NHMUK mapping recorded 'La Pouce Mountain'. Hume (2007) uses Le Pouce and notes that Thirioux's precise collecting locality remains uncertain.,"{""evidenceConfidence"":""B"",""recordProvenanceClass"":""Direct museum record"",""sourceIDs"":[""MAS-SRC-0010""],""localityConfidence"":""B"",""localityType"":""mountain / valley fossil locality"",""verbatimAge"":""Holocene / subfossil"",""stratigraphicInformation"":""Precise collecting point unresolved; Hume (2007) reports Thirioux material from the side of Le Pouce valley.""}"
MAS-SP-0256,MAS-SP-0256,FossilSpecimen,Mascarene Paleo Framework,NHMUK,PV R 9393,fossil,,,,,,,MAS-LOC-0007,Le Pouce,Mauritius,Mascarene Islands,Mauritius,MU,,,Holocene,Holocene,https://data.nhm.ac.uk/,Raw NHMUK database extract supplied by NHM; identification and fields not independently verified. Age retained as reported by NHM.,"Quaternary, Pleistocene. Caves, La Pouce Mountain, Mauritius. Exchange, University Museum of Zoology, Cambridge, 1919",,NHMUK mapping recorded 'La Pouce Mountain'. Hume (2007) uses Le Pouce and notes that Thirioux's precise collecting locality remains uncertain.,"{""evidenceConfidence"":""B"",""recordProvenanceClass"":""Direct museum record"",""sourceIDs"":[""MAS-SRC-0010""],""localityConfidence"":""B"",""localityType"":""mountain / valley fossil locality"",""verbatimAge"":""Holocene / subfossil"",""stratigraphicInformation"":""Precise collecting point unresolved; Hume (2007) reports Thirioux material from the side of Le Pouce valley.""}"
MAS-SP-0257,MAS-SP-0257,FossilSpecimen,Mascarene Paleo Framework,NHMUK,PV R 9394,fossil,,,,,,,MAS-LOC-0007,Le Pouce,Mauritius,Mascarene Islands,Mauritius,MU,,,Holocene,Holocene,https://data.nhm.ac.uk/,Raw NHMUK database extract supplied by NHM; identification and fields not independently verified. Age retained as reported by NHM.,"Quaternary, Pleistocene. Caves, La Pouce Mountain, Mauritius. Exchange, University Museum of Zoology, Cambridge, 1919",,NHMUK mapping recorded 'La Pouce Mountain'. Hume (2007) uses Le Pouce and notes that Thirioux's precise collecting locality remains uncertain.,"{""evidenceConfidence"":""B"",""recordProvenanceClass"":""Direct museum record"",""sourceIDs"":[""MAS-SRC-0010""],""localityConfidence"":""B"",""localityType"":""mountain / valley fossil locality"",""verbatimAge"":""Holocene / subfossil"",""stratigraphicInformation"":""Precise collecting point unresolved; Hume (2007) reports Thirioux material from the side of Le Pouce valley.""}"
MAS-SP-0258,MAS-SP-0258,FossilSpecimen,Mascarene Paleo Framework,NHMUK,PV R 9395,fossil,,,,,,,MAS-LOC-0007,Le Pouce,Mauritius,Mascarene Islands,Mauritius,MU,,,Holocene,Holocene,https://data.nhm.ac.uk/,Raw NHMUK database extract supplied by NHM; identification and fields not independently verified. Age retained as reported by NHM.,"Quaternary, Pleistocene. Caves, La Pouce Mountain, Mauritius. Exchange, University Museum of Zoology, Cambridge, 1919",,NHMUK mapping recorded 'La Pouce Mountain'. Hume (2007) uses Le Pouce and notes that Thirioux's precise collecting locality remains uncertain.,"{""evidenceConfidence"":""B"",""recordProvenanceClass"":""Direct museum record"",""sourceIDs"":[""MAS-SRC-0010""],""localityConfidence"":""B"",""localityType"":""mountain / valley fossil locality"",""verbatimAge"":""Holocene / subfossil"",""stratigraphicInformation"":""Precise collecting point unresolved; Hume (2007) reports Thirioux material from the side of Le Pouce valley.""}"
MAS-SP-0259,MAS-SP-0259,FossilSpecimen,Mascarene Paleo Framework,NHMUK,PV R 9312,fossil,,MAS-TAX-0024,Leiolopisma telfairii,"(Desjardins, 1831)","Leiolopisma telfairii (Desjardins, 1831)",,MAS-LOC-0007,Le Pouce,Mauritius,Mascarene Islands,Mauritius,MU,,,Holocene,Holocene,https://data.nhm.ac.uk/,Raw NHMUK database extract supplied by NHM; identification and fields not independently verified. NHM record flags: NON-TYPE. Age retained as reported by NHM.,"Leiolopisma telfairii (Desjardins, 1831). NON-TYPE. Quaternary, Pleistocene. Caves, La Pouce Mountain, Mauritius. Exchange, University Museum of Zoology, Cambridge, 1919",Imported from NHMUK taxon-ID mapping; accepted taxonomy should be independently verified.,NHMUK mapping recorded 'La Pouce Mountain'. Hume (2007) uses Le Pouce and notes that Thirioux's precise collecting locality remains uncertain.,"{""evidenceConfidence"":""B"",""recordProvenanceClass"":""Direct museum record"",""sourceIDs"":[""MAS-SRC-0010""],""localityConfidence"":""B"",""localityType"":""mountain / valley fossil locality"",""verbatimAge"":""Holocene / subfossil"",""stratigraphicInformation"":""Precise collecting point unresolved; Hume (2007) reports Thirioux material from the side of Le Pouce valley.""}"
MAS-SP-0260,MAS-SP-0260,FossilSpecimen,Mascarene Paleo Framework,NHMUK,PV R 4623,fossil,,MAS-TAX-0018,Testudo,"Linnaeus, 1758","Testudo Linnaeus, 1758",,MAS-LOC-0003,Mare aux Songes,Mauritius,Mascarene Islands,Mauritius,MU,,,,,https://data.nhm.ac.uk/,Raw NHMUK database extract supplied by NHM; identification and fields not independently verified. NHM record flags: NON-TYPE. Age retained as reported by NHM.,"Testudo Linnaeus, 1758. NON-TYPE. Quaternary, Pleistocene. Mare-aux-Songes, Mare-aux-Songes, Mauritius. Exchange, University Museum of Zoology, Cambridge, 1919",Imported from NHMUK taxon-ID mapping; accepted taxonomy should be independently verified.,"Imported from NHMUK locality-ID mapping; precise locality, coordinates, stratigraphy and age require verification. Name standardized to 'Mare aux Songes'; hyphenated forms are retained in specimen provenance when present.","{""evidenceConfidence"":""B"",""recordProvenanceClass"":""Direct museum record"",""sourceIDs"":[""MAS-SRC-0010""]}"
MAS-SP-0261,MAS-SP-0261,FossilSpecimen,Mascarene Paleo Framework,NHMUK,PV R 4622,fossil,,MAS-TAX-0018,Testudo,"Linnaeus, 1758","Testudo Linnaeus, 1758",,MAS-LOC-0003,Mare aux Songes,Mauritius,Mascarene Islands,Mauritius,MU,,,,,https://data.nhm.ac.uk/,Raw NHMUK database extract supplied by NHM; identification and fields not independently verified. NHM record flags: NON-TYPE. Age retained as reported by NHM.,"Testudo Linnaeus, 1758. NON-TYPE. Quaternary, Pleistocene. Mare-aux-Songes, Mare-aux-Songes, Mauritius. Exchange, University Museum of Zoology, Cambridge, 1919",Imported from NHMUK taxon-ID mapping; accepted taxonomy should be independently verified.,"Imported from NHMUK locality-ID mapping; precise locality, coordinates, stratigraphy and age require verification. Name standardized to 'Mare aux Songes'; hyphenated forms are retained in specimen provenance when present.","{""evidenceConfidence"":""B"",""recordProvenanceClass"":""Direct museum record"",""sourceIDs"":[""MAS-SRC-0010""]}"
MAS-SP-0262,MAS-SP-0262,FossilSpecimen,Mascarene Paleo Framework,NHMUK,PV R 4658,fossil,,MAS-TAX-0025,Cylindraspis inepta,"(Gunther, 1873)","Cylindraspis inepta (Gunther, 1873)",,MAS-LOC-0003,Mare aux Songes,Mauritius,Mascarene Islands,Mauritius,MU,,,,,https://data.nhm.ac.uk/,Raw NHMUK database extract supplied by NHM; identification and fields not independently verified. NHM record flags: NON-TYPE. Age retained as reported by NHM.,"Cylindraspis inepta (Gunther, 1873). NON-TYPE. Quaternary, Pleistocene. Mare-aux-Songes, Mare-aux-Songes, Mauritius. Exchange, University Museum of Zoology, Cambridge, 1919",Imported from NHMUK taxon-ID mapping; accepted taxonomy should be independently verified.,"Imported from NHMUK locality-ID mapping; precise locality, coordinates, stratigraphy and age require verification. Name standardized to 'Mare aux Songes'; hyphenated forms are retained in specimen provenance when present.","{""evidenceConfidence"":""B"",""recordProvenanceClass"":""Direct museum record"",""sourceIDs"":[""MAS-SRC-0010""]}"
MAS-SP-0263,MAS-SP-0263,FossilSpecimen,Mascarene Paleo Framework,NHMUK,PV R 4630,fossil,,MAS-TAX-0026,Testudo aff,,Testudo aff,,MAS-LOC-0003,Mare aux Songes,Mauritius,Mascarene Islands,Mauritius,MU,,,,,https://data.nhm.ac.uk/,Raw NHMUK database extract supplied by NHM; identification and fields not independently verified. NHM record flags: NON-TYPE. Age retained as reported by NHM.,"Testudo aff. triserrata aff. sauzieri Gadow, 1895. NON-TYPE. Quaternary, Pleistocene. Mare-aux-Songes, Mare-aux-Songes, Mauritius. Exchange, University Museum of Zoology, Cambridge, 1919",Imported from NHMUK taxon-ID mapping; accepted taxonomy should be independently verified.,"Imported from NHMUK locality-ID mapping; precise locality, coordinates, stratigraphy and age require verification. Name standardized to 'Mare aux Songes'; hyphenated forms are retained in specimen provenance when present.","{""evidenceConfidence"":""B"",""recordProvenanceClass"":""Direct museum record"",""sourceIDs"":[""MAS-SRC-0010""]}"
MAS-SP-0264,MAS-SP-0264,FossilSpecimen,Mascarene Paleo Framework,NHMUK,PV R 4625,fossil,,MAS-TAX-0027,Testudo triserrata,"Gunther, 1873","Testudo triserrata Gunther, 1873",,MAS-LOC-0003,Mare aux Songes,Mauritius,Mascarene Islands,Mauritius,MU,,,,,https://data.nhm.ac.uk/,Raw NHMUK database extract supplied by NHM; identification and fields not independently verified. NHM record flags: NON-TYPE. Age retained as reported by NHM.,"Testudo triserrata Gunther, 1873. NON-TYPE. Quaternary, Pleistocene. Mare-aux-Songes, Mare-aux-Songes, Mauritius. Exchange, University Museum of Zoology, Cambridge, 1919",Imported from NHMUK taxon-ID mapping; accepted taxonomy should be independently verified. Duplicate taxon record MAS-TAX-0028 was merged during database cleanup.,"Imported from NHMUK locality-ID mapping; precise locality, coordinates, stratigraphy and age require verification. Name standardized to 'Mare aux Songes'; hyphenated forms are retained in specimen provenance when present.","{""evidenceConfidence"":""B"",""recordProvenanceClass"":""Direct museum record"",""sourceIDs"":[""MAS-SRC-0010""]}"
MAS-SP-0265,MAS-SP-0265,FossilSpecimen,Mascarene Paleo Framework,NHMUK,PV R 4667,fossil,,MAS-TAX-0027,Testudo triserrata,"Gunther, 1873","Testudo triserrata Gunther, 1873",,MAS-LOC-0003,Mare aux Songes,Mauritius,Mascarene Islands,Mauritius,MU,,,,,https://data.nhm.ac.uk/,Raw NHMUK database extract supplied by NHM; identification and fields not independently verified. NHM record flags: NON-TYPE. Age retained as reported by NHM.,"Testudo triserrata. NON-TYPE. Quaternary, Pleistocene. Mare-aux-Songes, Mare-aux-Songes, Mauritius. Exchange, University Museum of Zoology, Cambridge, 1919",Imported from NHMUK taxon-ID mapping; accepted taxonomy should be independently verified. Duplicate taxon record MAS-TAX-0028 was merged during database cleanup.,"Imported from NHMUK locality-ID mapping; precise locality, coordinates, stratigraphy and age require verification. Name standardized to 'Mare aux Songes'; hyphenated forms are retained in specimen provenance when present.","{""evidenceConfidence"":""B"",""recordProvenanceClass"":""Direct museum record"",""sourceIDs"":[""MAS-SRC-0010""]}"
MAS-SP-0266,MAS-SP-0266,FossilSpecimen,Mascarene Paleo Framework,NHMUK,PV R 4659,fossil,,MAS-TAX-0025,Cylindraspis inepta,"(Gunther, 1873)","Cylindraspis inepta (Gunther, 1873)",,MAS-LOC-0003,Mare aux Songes,Mauritius,Mascarene Islands,Mauritius,MU,,,,,https://data.nhm.ac.uk/,Raw NHMUK database extract supplied by NHM; identification and fields not independently verified. NHM record flags: NON-TYPE. Age retained as reported by NHM.,"Cylindraspis inepta (Gunther, 1873). NON-TYPE. Quaternary, Pleistocene. Mare-aux-Songes, Mare-aux-Songes, Mauritius. Exchange, University Museum of Zoology, Cambridge, 1919",Imported from NHMUK taxon-ID mapping; accepted taxonomy should be independently verified.,"Imported from NHMUK locality-ID mapping; precise locality, coordinates, stratigraphy and age require verification. Name standardized to 'Mare aux Songes'; hyphenated forms are retained in specimen provenance when present.","{""evidenceConfidence"":""B"",""recordProvenanceClass"":""Direct museum record"",""sourceIDs"":[""MAS-SRC-0010""]}"
MAS-SP-0267,MAS-SP-0267,FossilSpecimen,Mascarene Paleo Framework,NHMUK,PV R 4684,fossil,,MAS-TAX-0025,Cylindraspis inepta,"(Gunther, 1873)","Cylindraspis inepta (Gunther, 1873)",,MAS-LOC-0003,Mare aux Songes,Mauritius,Mascarene Islands,Mauritius,MU,,,,,https://data.nhm.ac.uk/,Raw NHMUK database extract supplied by NHM; identification and fields not independently verified. NHM record flags: NON-TYPE. Age retained as reported by NHM.,"Cylindraspis inepta (Gunther, 1873). NON-TYPE. Quaternary, Pleistocene. Mare-aux-Songes, Mare-aux-Songes, Mauritius. Exchange, University Museum of Zoology, Cambridge, 1919",Imported from NHMUK taxon-ID mapping; accepted taxonomy should be independently verified.,"Imported from NHMUK locality-ID mapping; precise locality, coordinates, stratigraphy and age require verification. Name standardized to 'Mare aux Songes'; hyphenated forms are retained in specimen provenance when present.","{""evidenceConfidence"":""B"",""recordProvenanceClass"":""Direct museum record"",""sourceIDs"":[""MAS-SRC-0010""]}"
MAS-SP-0268,MAS-SP-0268,FossilSpecimen,Mascarene Paleo Framework,NHMUK,PV R 4654,fossil,,MAS-TAX-0029,Testudo vosmaeri,"Fitzinger, 1826","Testudo vosmaeri Fitzinger, 1826",,MAS-LOC-0002,Cavern,Rodrigues,Mascarene Islands,Mauritius,MU,,,,,https://data.nhm.ac.uk/,Raw NHMUK database extract supplied by NHM; identification and fields not independently verified. Age retained as reported by NHM.,"Testudo vosmaeri Fitzinger, 1826. Quaternary, Pleistocene. Rodriguez (Rodrigues), Cavern, Rodriguez (Rodrigues). Exchange, University Museum of Zoology, Cambridge, 1919",Imported from NHMUK taxon-ID mapping; accepted taxonomy should be independently verified.,"Imported from NHMUK locality-ID mapping; precise locality, coordinates, stratigraphy and age require verification.","{""evidenceConfidence"":""B"",""recordProvenanceClass"":""Direct museum record"",""sourceIDs"":[""MAS-SRC-0010""]}"
MAS-SP-0269,MAS-SP-0269,FossilSpecimen,Mascarene Paleo Framework,NHMUK,PV R 4632,fossil,,MAS-TAX-0030,Testudo sumeirei,"Sauzier, 1892","Testudo sumeirei Sauzier, 1892",,MAS-LOC-0003,Mare aux Songes,Mauritius,Mascarene Islands,Mauritius,MU,,,,,https://data.nhm.ac.uk/,Raw NHMUK database extract supplied by NHM; identification and fields not independently verified. Age retained as reported by NHM.,"Testudo sumeirei Sauzier, 1892. Quaternary, Pleistocene. Mare-aux-Songes, Mare-aux-Songes, Mauritius. Exchange, University Museum of Zoology, Cambridge, 1919",Imported from NHMUK taxon-ID mapping; accepted taxonomy should be independently verified.,"Imported from NHMUK locality-ID mapping; precise locality, coordinates, stratigraphy and age require verification. Name standardized to 'Mare aux Songes'; hyphenated forms are retained in specimen provenance when present.","{""evidenceConfidence"":""B"",""recordProvenanceClass"":""Direct museum record"",""sourceIDs"":[""MAS-SRC-0010""]}"
MAS-SP-0270,MAS-SP-0270,FossilSpecimen,Mascarene Paleo Framework,NHMUK,PV R 4643,fossil,,MAS-TAX-0031,Testudo inepta,"Gunther, 1873","Testudo inepta Gunther, 1873",,MAS-LOC-0003,Mare aux Songes,Mauritius,Mascarene Islands,Mauritius,MU,,,,,https://data.nhm.ac.uk/,Raw NHMUK database extract supplied by NHM; identification and fields not independently verified. Age retained as reported by NHM.,"Testudo inepta Gunther, 1873. Quaternary, Pleistocene. Mare-aux-Songes, Mare-aux-Songes, Mauritius. Exchange, University Museum of Zoology, Cambridge, 1919",Imported from NHMUK taxon-ID mapping; accepted taxonomy should be independently verified.,"Imported from NHMUK locality-ID mapping; precise locality, coordinates, stratigraphy and age require verification. Name standardized to 'Mare aux Songes'; hyphenated forms are retained in specimen provenance when present.","{""evidenceConfidence"":""B"",""recordProvenanceClass"":""Direct museum record"",""sourceIDs"":[""MAS-SRC-0010""]}"
MAS-SP-0271,MAS-SP-0271,FossilSpecimen,Mascarene Paleo Framework,NHMUK,PV R 4676,fossil,,MAS-TAX-0032,Testudo sauzieri,"Gadow, 1895","Testudo sauzieri Gadow, 1895",,MAS-LOC-0003,Mare aux Songes,Mauritius,Mascarene Islands,Mauritius,MU,,,,,https://data.nhm.ac.uk/,Raw NHMUK database extract supplied by NHM; identification and fields not independently verified. NHM record flags: HOLOTYPE. Age retained as reported by NHM.,"Testudo sauzieri Gadow, 1895. HOLOTYPE. Quaternary, Pleistocene. Mare-aux-Songes, Mare-aux-Songes, Mauritius. Exchange, University Museum of Zoology, Cambridge, 1919",Imported from NHMUK taxon-ID mapping; accepted taxonomy should be independently verified.,"Imported from NHMUK locality-ID mapping; precise locality, coordinates, stratigraphy and age require verification. Name standardized to 'Mare aux Songes'; hyphenated forms are retained in specimen provenance when present.","{""evidenceConfidence"":""B"",""recordProvenanceClass"":""Direct museum record"",""sourceIDs"":[""MAS-SRC-0010""]}"
MAS-SP-0272,MAS-SP-0272,FossilSpecimen,Mascarene Paleo Framework,NHMUK,PV R 4644,fossil,,MAS-TAX-0031,Testudo inepta,"Gunther, 1873","Testudo inepta Gunther, 1873",,MAS-LOC-0003,Mare aux Songes,Mauritius,Mascarene Islands,Mauritius,MU,,,,,https://data.nhm.ac.uk/,Raw NHMUK database extract supplied by NHM; identification and fields not independently verified. Age retained as reported by NHM.,"Testudo inepta Gunther, 1873. Quaternary, Pleistocene. Mare-aux-Songes, Mare-aux-Songes, Mauritius. Exchange, University Museum of Zoology, Cambridge, 1919",Imported from NHMUK taxon-ID mapping; accepted taxonomy should be independently verified.,"Imported from NHMUK locality-ID mapping; precise locality, coordinates, stratigraphy and age require verification. Name standardized to 'Mare aux Songes'; hyphenated forms are retained in specimen provenance when present.","{""evidenceConfidence"":""B"",""recordProvenanceClass"":""Direct museum record"",""sourceIDs"":[""MAS-SRC-0010""]}"
MAS-SP-0273,MAS-SP-0273,FossilSpecimen,Mascarene Paleo Framework,NHMUK,PV R 4634,fossil,,MAS-TAX-0030,Testudo sumeirei,"Sauzier, 1892","Testudo sumeirei Sauzier, 1892",,MAS-LOC-0003,Mare aux Songes,Mauritius,Mascarene Islands,Mauritius,MU,,,,,https://data.nhm.ac.uk/,Raw NHMUK database extract supplied by NHM; identification and fields not independently verified. Age retained as reported by NHM.,"Testudo sumeirei Sauzier, 1892. Quaternary, Pleistocene. Mare-aux-Songes, Mare-aux-Songes, Mauritius. Exchange, University Museum of Zoology, Cambridge, 1919",Imported from NHMUK taxon-ID mapping; accepted taxonomy should be independently verified.,"Imported from NHMUK locality-ID mapping; precise locality, coordinates, stratigraphy and age require verification. Name standardized to 'Mare aux Songes'; hyphenated forms are retained in specimen provenance when present.","{""evidenceConfidence"":""B"",""recordProvenanceClass"":""Direct museum record"",""sourceIDs"":[""MAS-SRC-0010""]}"
MAS-SP-0274,MAS-SP-0274,FossilSpecimen,Mascarene Paleo Framework,NHMUK,PV R 4638,fossil,,MAS-TAX-0027,Testudo triserrata,"Gunther, 1873","Testudo triserrata Gunther, 1873",,MAS-LOC-0003,Mare aux Songes,Mauritius,Mascarene Islands,Mauritius,MU,,,,,https://data.nhm.ac.uk/,Raw NHMUK database extract supplied by NHM; identification and fields not independently verified. Age retained as reported by NHM.,"Testudo triserrata Gunther, 1873. Quaternary, Pleistocene. Mare-aux-Songes, Mare-aux-Songes, Mauritius. Exchange, University Museum of Zoology, Cambridge, 1919",Imported from NHMUK taxon-ID mapping; accepted taxonomy should be independently verified. Duplicate taxon record MAS-TAX-0028 was merged during database cleanup.,"Imported from NHMUK locality-ID mapping; precise locality, coordinates, stratigraphy and age require verification. Name standardized to 'Mare aux Songes'; hyphenated forms are retained in specimen provenance when present.","{""evidenceConfidence"":""B"",""recordProvenanceClass"":""Direct museum record"",""sourceIDs"":[""MAS-SRC-0010""]}"
MAS-SP-0275,MAS-SP-0275,FossilSpecimen,Mascarene Paleo Framework,NHMUK,PV R 4639,fossil,,MAS-TAX-0027,Testudo triserrata,"Gunther, 1873","Testudo triserrata Gunther, 1873",,MAS-LOC-0003,Mare aux Songes,Mauritius,Mascarene Islands,Mauritius,MU,,,,,https://data.nhm.ac.uk/,Raw NHMUK database extract supplied by NHM; identification and fields not independently verified. Age retained as reported by NHM.,"Testudo triserrata Gunther, 1873. Quaternary, Pleistocene. Mare-aux-Songes, Mare-aux-Songes, Mauritius. Exchange, University Museum of Zoology, Cambridge, 1919",Imported from NHMUK taxon-ID mapping; accepted taxonomy should be independently verified. Duplicate taxon record MAS-TAX-0028 was merged during database cleanup.,"Imported from NHMUK locality-ID mapping; precise locality, coordinates, stratigraphy and age require verification. Name standardized to 'Mare aux Songes'; hyphenated forms are retained in specimen provenance when present.","{""evidenceConfidence"":""B"",""recordProvenanceClass"":""Direct museum record"",""sourceIDs"":[""MAS-SRC-0010""]}"
MAS-SP-0276,MAS-SP-0276,FossilSpecimen,Mascarene Paleo Framework,NHMUK,PV R 4641,fossil,,MAS-TAX-0027,Testudo triserrata,"Gunther, 1873","Testudo triserrata Gunther, 1873",,MAS-LOC-0003,Mare aux Songes,Mauritius,Mascarene Islands,Mauritius,MU,,,,,https://data.nhm.ac.uk/,Raw NHMUK database extract supplied by NHM; identification and fields not independently verified. Age retained as reported by NHM.,"Testudo triserrata Gunther, 1873. Quaternary, Pleistocene. Mare-aux-Songes, Mare-aux-Songes, Mauritius. Exchange, University Museum of Zoology, Cambridge, 1919",Imported from NHMUK taxon-ID mapping; accepted taxonomy should be independently verified. Duplicate taxon record MAS-TAX-0028 was merged during database cleanup.,"Imported from NHMUK locality-ID mapping; precise locality, coordinates, stratigraphy and age require verification. Name standardized to 'Mare aux Songes'; hyphenated forms are retained in specimen provenance when present.","{""evidenceConfidence"":""B"",""recordProvenanceClass"":""Direct museum record"",""sourceIDs"":[""MAS-SRC-0010""]}"
MAS-SP-0277,MAS-SP-0277,FossilSpecimen,Mascarene Paleo Framework,NHMUK,PV R 4640,fossil,,MAS-TAX-0027,Testudo triserrata,"Gunther, 1873","Testudo triserrata Gunther, 1873",,MAS-LOC-0003,Mare aux Songes,Mauritius,Mascarene Islands,Mauritius,MU,,,,,https://data.nhm.ac.uk/,Raw NHMUK database extract supplied by NHM; identification and fields not independently verified. Age retained as reported by NHM.,"Testudo triserrata Gunther, 1873. Quaternary, Pleistocene. Mare-aux-Songes, Mare-aux-Songes, Mauritius. Exchange, University Museum of Zoology, Cambridge, 1919",Imported from NHMUK taxon-ID mapping; accepted taxonomy should be independently verified. Duplicate taxon record MAS-TAX-0028 was merged during database cleanup.,"Imported from NHMUK locality-ID mapping; precise locality, coordinates, stratigraphy and age require verification. Name standardized to 'Mare aux Songes'; hyphenated forms are retained in specimen provenance when present.","{""evidenceConfidence"":""B"",""recordProvenanceClass"":""Direct museum record"",""sourceIDs"":[""MAS-SRC-0010""]}"
MAS-SP-0278,MAS-SP-0278,FossilSpecimen,Mascarene Paleo Framework,NHMUK,PV R 4642,fossil,,MAS-TAX-0027,Testudo triserrata,"Gunther, 1873","Testudo triserrata Gunther, 1873",,MAS-LOC-0003,Mare aux Songes,Mauritius,Mascarene Islands,Mauritius,MU,,,,,https://data.nhm.ac.uk/,Raw NHMUK database extract supplied by NHM; identification and fields not independently verified. Age retained as reported by NHM.,"Testudo triserrata Gunther, 1873. Quaternary, Pleistocene. Mare-aux-Songes, Mare-aux-Songes, Mauritius. Exchange, University Museum of Zoology, Cambridge, 1919",Imported from NHMUK taxon-ID mapping; accepted taxonomy should be independently verified. Duplicate taxon record MAS-TAX-0028 was merged during database cleanup.,"Imported from NHMUK locality-ID mapping; precise locality, coordinates, stratigraphy and age require verification. Name standardized to 'Mare aux Songes'; hyphenated forms are retained in specimen provenance when present.","{""evidenceConfidence"":""B"",""recordProvenanceClass"":""Direct museum record"",""sourceIDs"":[""MAS-SRC-0010""]}"
MAS-SP-0279,MAS-SP-0279,FossilSpecimen,Mascarene Paleo Framework,NHMUK,PV R 4628,fossil,,MAS-TAX-0030,Testudo sumeirei,"Sauzier, 1892","Testudo sumeirei Sauzier, 1892",,MAS-LOC-0003,Mare aux Songes,Mauritius,Mascarene Islands,Mauritius,MU,,,,,https://data.nhm.ac.uk/,Raw NHMUK database extract supplied by NHM; identification and fields not independently verified. Age retained as reported by NHM.,"Testudo sumeirei Sauzier, 1892. Quaternary, Pleistocene. Mare-aux-Songes, Mare-aux-Songes, Mauritius. Exchange, University Museum of Zoology, Cambridge, 1919",Imported from NHMUK taxon-ID mapping; accepted taxonomy should be independently verified.,"Imported from NHMUK locality-ID mapping; precise locality, coordinates, stratigraphy and age require verification. Name standardized to 'Mare aux Songes'; hyphenated forms are retained in specimen provenance when present.","{""evidenceConfidence"":""B"",""recordProvenanceClass"":""Direct museum record"",""sourceIDs"":[""MAS-SRC-0010""]}"
MAS-SP-0280,MAS-SP-0280,FossilSpecimen,Mascarene Paleo Framework,NHMUK,PV R 4629,fossil,,MAS-TAX-0030,Testudo sumeirei,"Sauzier, 1892","Testudo sumeirei Sauzier, 1892",,MAS-LOC-0003,Mare aux Songes,Mauritius,Mascarene Islands,Mauritius,MU,,,,,https://data.nhm.ac.uk/,Raw NHMUK database extract supplied by NHM; identification and fields not independently verified. Age retained as reported by NHM.,"Testudo sumeirei Sauzier, 1892. Quaternary, Pleistocene. Mare-aux-Songes, Mare-aux-Songes, Mauritius. Exchange, University Museum of Zoology, Cambridge, 1919",Imported from NHMUK taxon-ID mapping; accepted taxonomy should be independently verified.,"Imported from NHMUK locality-ID mapping; precise locality, coordinates, stratigraphy and age require verification. Name standardized to 'Mare aux Songes'; hyphenated forms are retained in specimen provenance when present.","{""evidenceConfidence"":""B"",""recordProvenanceClass"":""Direct museum record"",""sourceIDs"":[""MAS-SRC-0010""]}"
MAS-SP-0281,MAS-SP-0281,FossilSpecimen,Mascarene Paleo Framework,NHMUK,PV R 4627,fossil,,MAS-TAX-0025,Cylindraspis inepta,"(Gunther, 1873)","Cylindraspis inepta (Gunther, 1873)",,MAS-LOC-0003,Mare aux Songes,Mauritius,Mascarene Islands,Mauritius,MU,,,,,https://data.nhm.ac.uk/,Raw NHMUK database extract supplied by NHM; identification and fields not independently verified. NHM record flags: NON-TYPE. Age retained as reported by NHM.,"Cylindraspis inepta (Gunther, 1873). NON-TYPE. Quaternary, Pleistocene. Mare-aux-Songes, Mare-aux-Songes, Mauritius. Exchange, University Museum of Zoology, Cambridge, 1919",Imported from NHMUK taxon-ID mapping; accepted taxonomy should be independently verified.,"Imported from NHMUK locality-ID mapping; precise locality, coordinates, stratigraphy and age require verification. Name standardized to 'Mare aux Songes'; hyphenated forms are retained in specimen provenance when present.","{""evidenceConfidence"":""B"",""recordProvenanceClass"":""Direct museum record"",""sourceIDs"":[""MAS-SRC-0010""]}"
MAS-SP-0282,MAS-SP-0282,FossilSpecimen,Mascarene Paleo Framework,NHMUK,PV R 4624,fossil,,MAS-TAX-0027,Testudo triserrata,"Gunther, 1873","Testudo triserrata Gunther, 1873",,MAS-LOC-0003,Mare aux Songes,Mauritius,Mascarene Islands,Mauritius,MU,,,,,https://data.nhm.ac.uk/,Raw NHMUK database extract supplied by NHM; identification and fields not independently verified. NHM record flags: NON-TYPE. Age retained as reported by NHM.,"Testudo triserrata Gunther, 1873. NON-TYPE. Quaternary, Pleistocene. Mare-aux-Songes, Mare-aux-Songes, Mauritius. Exchange, University Museum of Zoology, Cambridge, 1919",Imported from NHMUK taxon-ID mapping; accepted taxonomy should be independently verified. Duplicate taxon record MAS-TAX-0028 was merged during database cleanup.,"Imported from NHMUK locality-ID mapping; precise locality, coordinates, stratigraphy and age require verification. Name standardized to 'Mare aux Songes'; hyphenated forms are retained in specimen provenance when present.","{""evidenceConfidence"":""B"",""recordProvenanceClass"":""Direct museum record"",""sourceIDs"":[""MAS-SRC-0010""]}"
MAS-SP-0283,MAS-SP-0283,FossilSpecimen,Mascarene Paleo Framework,NHMUK,PV R 4633,fossil,,MAS-TAX-0027,Testudo triserrata,"Gunther, 1873","Testudo triserrata Gunther, 1873",,MAS-LOC-0003,Mare aux Songes,Mauritius,Mascarene Islands,Mauritius,MU,,,,,https://data.nhm.ac.uk/,Raw NHMUK database extract supplied by NHM; identification and fields not independently verified. Age retained as reported by NHM.,"Testudo triserrata. Quaternary, Pleistocene. Mare-aux-Songes, Mare-aux-Songes, Mauritius. Exchange, University Museum of Zoology, Cambridge, 1919",Imported from NHMUK taxon-ID mapping; accepted taxonomy should be independently verified. Duplicate taxon record MAS-TAX-0028 was merged during database cleanup.,"Imported from NHMUK locality-ID mapping; precise locality, coordinates, stratigraphy and age require verification. Name standardized to 'Mare aux Songes'; hyphenated forms are retained in specimen provenance when present.","{""evidenceConfidence"":""B"",""recordProvenanceClass"":""Direct museum record"",""sourceIDs"":[""MAS-SRC-0010""]}"
MAS-SP-0284,MAS-SP-0284,FossilSpecimen,Mascarene Paleo Framework,NHMUK,PV R 4675,fossil,,MAS-TAX-0025,Cylindraspis inepta,"(Gunther, 1873)","Cylindraspis inepta (Gunther, 1873)",,MAS-LOC-0003,Mare aux Songes,Mauritius,Mascarene Islands,Mauritius,MU,,,,,https://data.nhm.ac.uk/,Raw NHMUK database extract supplied by NHM; identification and fields not independently verified. NHM record flags: NON-TYPE. Age retained as reported by NHM.,"Cylindraspis inepta (Gunther, 1873). NON-TYPE. Quaternary, Pleistocene. Mare-aux-Songes, Mare-aux-Songes, Mauritius. Exchange, University Museum of Zoology, Cambridge, 1919",Imported from NHMUK taxon-ID mapping; accepted taxonomy should be independently verified.,"Imported from NHMUK locality-ID mapping; precise locality, coordinates, stratigraphy and age require verification. Name standardized to 'Mare aux Songes'; hyphenated forms are retained in specimen provenance when present.","{""evidenceConfidence"":""B"",""recordProvenanceClass"":""Direct museum record"",""sourceIDs"":[""MAS-SRC-0010""]}"
MAS-SP-0285,MAS-SP-0285,FossilSpecimen,Mascarene Paleo Framework,NHMUK,PV R 4626,fossil,,MAS-TAX-0025,Cylindraspis inepta,"(Gunther, 1873)","Cylindraspis inepta (Gunther, 1873)",,MAS-LOC-0003,Mare aux Songes,Mauritius,Mascarene Islands,Mauritius,MU,,,,,https://data.nhm.ac.uk/,Raw NHMUK database extract supplied by NHM; identification and fields not independently verified. NHM record flags: NON-TYPE. Age retained as reported by NHM.,"Cylindraspis inepta (Gunther, 1873). NON-TYPE. Quaternary, Pleistocene. Mare-aux-Songes, Mare-aux-Songes, Mauritius. Exchange, University Museum of Zoology, Cambridge, 1919",Imported from NHMUK taxon-ID mapping; accepted taxonomy should be independently verified.,"Imported from NHMUK locality-ID mapping; precise locality, coordinates, stratigraphy and age require verification. Name standardized to 'Mare aux Songes'; hyphenated forms are retained in specimen provenance when present.","{""evidenceConfidence"":""B"",""recordProvenanceClass"":""Direct museum record"",""sourceIDs"":[""MAS-SRC-0010""]}"
MAS-SP-0286,MAS-SP-0286,MaterialCitation,Mascarene Paleo Framework,UMZC,415.R,fossil,skull; CT/endocast specimen,MAS-TAX-0002,Pezophaps solitaria,,Pezophaps solitaria,,MAS-LOC-0004,Rodrigues Island,Rodrigues,Mascarene Islands,Mauritius,MU,,,,,https://doi.org/10.1093/zoolinnean/zlag123,Published specimen identifier. Exact collecting locality and public availability of CT/3D files not yet verified in the live UMZC catalogue.,Rodrigues; used in Citron et al. (2026) CT dataset.,Imported from NHMUK taxon-ID mapping; accepted taxonomy should be independently verified.,"Imported from NHMUK locality-ID mapping; precise locality, coordinates, stratigraphy and age require verification.","{""evidenceConfidence"":""B"",""photographAvailable"":""Unknown"",""threeDAvailable"":""Unknown"",""recordProvenanceClass"":""Literature-derived"",""sourceIDs"":[""MAS-SRC-0006""]}"
MAS-SP-0287,MAS-SP-0287,MaterialCitation,Mascarene Paleo Framework,UMZC,643,fossil,skull; CT/endocast specimen,MAS-TAX-0002,Pezophaps solitaria,,Pezophaps solitaria,,MAS-LOC-0004,Rodrigues Island,Rodrigues,Mascarene Islands,Mauritius,MU,,,,,https://doi.org/10.1093/zoolinnean/zlag123,Published specimen identifier. Exact collecting locality and public availability of CT/3D files not yet verified in the live UMZC catalogue.,Rodrigues; used in Citron et al. (2026) CT dataset.,Imported from NHMUK taxon-ID mapping; accepted taxonomy should be independently verified.,"Imported from NHMUK locality-ID mapping; precise locality, coordinates, stratigraphy and age require verification.","{""evidenceConfidence"":""B"",""photographAvailable"":""Unknown"",""threeDAvailable"":""Unknown"",""recordProvenanceClass"":""Literature-derived"",""sourceIDs"":[""MAS-SRC-0006""]}"
MAS-SP-0288,MAS-SP-0288,MaterialCitation,Mascarene Paleo Framework,UMZC,647,fossil,skull; CT/endocast specimen,MAS-TAX-0002,Pezophaps solitaria,,Pezophaps solitaria,,MAS-LOC-0004,Rodrigues Island,Rodrigues,Mascarene Islands,Mauritius,MU,,,,,https://doi.org/10.1093/zoolinnean/zlag123,Published specimen identifier. Exact collecting locality and public availability of CT/3D files not yet verified in the live UMZC catalogue.,Rodrigues; used in Citron et al. (2026) CT dataset.,Imported from NHMUK taxon-ID mapping; accepted taxonomy should be independently verified.,"Imported from NHMUK locality-ID mapping; precise locality, coordinates, stratigraphy and age require verification.","{""evidenceConfidence"":""B"",""photographAvailable"":""Unknown"",""threeDAvailable"":""Unknown"",""recordProvenanceClass"":""Literature-derived"",""sourceIDs"":[""MAS-SRC-0006""]}"
MAS-SP-0289,MAS-SP-0289,MaterialCitation,Mascarene Paleo Framework,UMZC,640,fossil,right radius (male),MAS-TAX-0002,Pezophaps solitaria,,Pezophaps solitaria,,MAS-LOC-0004,Rodrigues Island,Rodrigues,Mascarene Islands,Mauritius,MU,,,,,https://doi.org/10.1111/bij.12087,Listed by Hume & Steel (2013) in the comparative Solitaire wing-material table.,Rodrigues; subfossil skeletal material.,Imported from NHMUK taxon-ID mapping; accepted taxonomy should be independently verified.,"Imported from NHMUK locality-ID mapping; precise locality, coordinates, stratigraphy and age require verification.","{""evidenceConfidence"":""B"",""photographAvailable"":""Unknown"",""threeDAvailable"":""Unknown"",""recordProvenanceClass"":""Literature-derived"",""sourceIDs"":[""MAS-SRC-0003""]}"
MAS-SP-0290,MAS-SP-0290,MaterialCitation,Mascarene Paleo Framework,UMZC,636,fossil,left carpometacarpus (male),MAS-TAX-0002,Pezophaps solitaria,,Pezophaps solitaria,,MAS-LOC-0004,Rodrigues Island,Rodrigues,Mascarene Islands,Mauritius,MU,,,,,https://doi.org/10.1111/bij.12087,Listed by Hume & Steel (2013).,Rodrigues; subfossil skeletal material.,Imported from NHMUK taxon-ID mapping; accepted taxonomy should be independently verified.,"Imported from NHMUK locality-ID mapping; precise locality, coordinates, stratigraphy and age require verification.","{""evidenceConfidence"":""B"",""photographAvailable"":""Unknown"",""threeDAvailable"":""Unknown"",""recordProvenanceClass"":""Literature-derived"",""sourceIDs"":[""MAS-SRC-0003""]}"
MAS-SP-0291,MAS-SP-0291,MaterialCitation,Mascarene Paleo Framework,UMZC,639,fossil,right coracoid (female),MAS-TAX-0002,Pezophaps solitaria,,Pezophaps solitaria,,MAS-LOC-0004,Rodrigues Island,Rodrigues,Mascarene Islands,Mauritius,MU,,,,,https://doi.org/10.1111/bij.12087,Listed by Hume & Steel (2013).,Rodrigues; subfossil skeletal material.,Imported from NHMUK taxon-ID mapping; accepted taxonomy should be independently verified.,"Imported from NHMUK locality-ID mapping; precise locality, coordinates, stratigraphy and age require verification.","{""evidenceConfidence"":""B"",""photographAvailable"":""Unknown"",""threeDAvailable"":""Unknown"",""recordProvenanceClass"":""Literature-derived"",""sourceIDs"":[""MAS-SRC-0003""]}"
MAS-SP-0292,MAS-SP-0292,MaterialCitation,Mascarene Paleo Framework,UMZC,635,fossil,sternum; left and right carpometacarpus (female),MAS-TAX-0002,Pezophaps solitaria,,Pezophaps solitaria,,MAS-LOC-0004,Rodrigues Island,Rodrigues,Mascarene Islands,Mauritius,MU,,,,,https://doi.org/10.1111/bij.12087,Hume & Steel (2013) cite the same catalogue number for a sternum and both carpometacarpi; verify whether this is an associated specimen/lot in the current catalogue.,Rodrigues; subfossil skeletal material.,Imported from NHMUK taxon-ID mapping; accepted taxonomy should be independently verified.,"Imported from NHMUK locality-ID mapping; precise locality, coordinates, stratigraphy and age require verification.","{""evidenceConfidence"":""B"",""photographAvailable"":""Unknown"",""threeDAvailable"":""Unknown"",""recordProvenanceClass"":""Literature-derived"",""sourceIDs"":[""MAS-SRC-0003""]}"
MAS-SP-0293,MAS-SP-0293,MaterialCitation,Mascarene Paleo Framework,UMZC,638,fossil,right ulna (female),MAS-TAX-0002,Pezophaps solitaria,,Pezophaps solitaria,,MAS-LOC-0004,Rodrigues Island,Rodrigues,Mascarene Islands,Mauritius,MU,,,,,https://doi.org/10.1111/bij.12087,Listed by Hume & Steel (2013).,Rodrigues; subfossil skeletal material.,Imported from NHMUK taxon-ID mapping; accepted taxonomy should be independently verified.,"Imported from NHMUK locality-ID mapping; precise locality, coordinates, stratigraphy and age require verification.","{""evidenceConfidence"":""B"",""photographAvailable"":""Unknown"",""threeDAvailable"":""Unknown"",""recordProvenanceClass"":""Literature-derived"",""sourceIDs"":[""MAS-SRC-0003""]}"
MAS-SP-0294,MAS-SP-0294,MaterialCitation,Mascarene Paleo Framework,UMZC,562,fossil,cranium; rostrum; mandible,MAS-TAX-0033,Necropsittacus rodericanus,"(Milne-Edwards, 1867)","Psittacus rodericanus Milne-Edwards, 1867",Aves: Psittaciformes: Psittacidae,MAS-LOC-0008,Plaine Corail,Rodrigues,Mascarene Islands,Mauritius,MU,,,Holocene,Holocene,https://doi.org/10.11646/zootaxa.1513.1.1,Referred material in Hume (2007).,"Plaine Corail, Rodrigues; subfossil material.","Rodrigues parrot. UMZC 575 may represent the missing holotype, but Hume (2007) states that this cannot currently be confirmed.",Added from published Mascarene palaeontological literature; exact cave/collection point should be recorded at specimen level when known.,"{""evidenceConfidence"":""B"",""photographAvailable"":""Unknown"",""threeDAvailable"":""Unknown"",""recordProvenanceClass"":""Literature-derived"",""sourceIDs"":[""MAS-SRC-0002""],""localityConfidence"":""B"",""localityType"":""limestone / cave-bearing fossil area"",""geologicalSetting"":""carbonate terrain / calcarenite"",""verbatimAge"":""Holocene / subfossil"",""taxonEvidenceConfidence"":""B"",""extinctionStatus"":""Extinct"",""taxonIsland"":""Rodrigues""}"
MAS-SP-0295,MAS-SP-0295,MaterialCitation,Mascarene Paleo Framework,UMZC,575,fossil,rostrum / anterior beak material; possible type,MAS-TAX-0033,Necropsittacus rodericanus,"(Milne-Edwards, 1867)","Psittacus rodericanus Milne-Edwards, 1867",Aves: Psittaciformes: Psittacidae,MAS-LOC-0008,Plaine Corail,Rodrigues,Mascarene Islands,Mauritius,MU,,,Holocene,Holocene,https://doi.org/10.11646/zootaxa.1513.1.1,"Hume (2007) notes that UMZC 575 matches the original holotype description/drawing and may be the missing holotype, but confirming data are lacking.","Plaine Corail, Rodrigues; specimen sent by Milne-Edwards to Alfred Newton after 1880.","Rodrigues parrot. UMZC 575 may represent the missing holotype, but Hume (2007) states that this cannot currently be confirmed.",Added from published Mascarene palaeontological literature; exact cave/collection point should be recorded at specimen level when known.,"{""evidenceConfidence"":""B"",""photographAvailable"":""Unknown"",""threeDAvailable"":""Unknown"",""recordProvenanceClass"":""Literature-derived"",""sourceIDs"":[""MAS-SRC-0002""],""localityConfidence"":""B"",""localityType"":""limestone / cave-bearing fossil area"",""geologicalSetting"":""carbonate terrain / calcarenite"",""verbatimAge"":""Holocene / subfossil"",""taxonEvidenceConfidence"":""B"",""extinctionStatus"":""Extinct"",""taxonIsland"":""Rodrigues""}"
MAS-SP-0296,MAS-SP-0296,MaterialCitation,Mascarene Paleo Framework,UMZC,566,fossil,incomplete mandible,MAS-TAX-0004,Necropsar rodericanus,,Necropsar rodericanus,,MAS-LOC-0004,Rodrigues Island,Rodrigues,Mascarene Islands,Mauritius,MU,,,,,https://doi.org/10.11646/zootaxa.3849.1.1,Hume (2014) identifies UMZC 566 as the incomplete mandible figured/described by Günther & Newton (1879).,Rodrigues; part of material used historically for Necropsar rodericanus.,Imported from NHMUK taxon-ID mapping; accepted taxonomy should be independently verified.,"Imported from NHMUK locality-ID mapping; precise locality, coordinates, stratigraphy and age require verification.","{""evidenceConfidence"":""B"",""photographAvailable"":""Unknown"",""threeDAvailable"":""Unknown"",""recordProvenanceClass"":""Literature-derived"",""sourceIDs"":[""MAS-SRC-0004""]}"
MAS-SP-0297,MAS-SP-0297,MaterialCitation,Mascarene Paleo Framework,UMZC,578,fossil,cranium,MAS-TAX-0003,Lophopsittacus mauritianus,"Owen, 1866","Lophopsittacus mauritianus Owen, 1866",,MAS-LOC-0005,Mauritius,Mauritius,Mascarene Islands,Mauritius,MU,,,,,https://doi.org/10.11646/zootaxa.1513.1.1,Figured by Hume (2007); previously misidentified as Necropsittacus rodericanus.,Mauritius; exact collecting locality not established from the source checked.,Imported from NHMUK taxon-ID mapping; accepted taxonomy should be independently verified.,"Imported from NHMUK locality-ID mapping; precise locality, coordinates, stratigraphy and age require verification.","{""evidenceConfidence"":""B"",""photographAvailable"":""Unknown"",""threeDAvailable"":""Unknown"",""recordProvenanceClass"":""Literature-derived"",""sourceIDs"":[""MAS-SRC-0002""],""taxonSynonyms"":""Psittacus mauritianus""}"
MAS-SP-0298,MAS-SP-0298,MaterialCitation,Mascarene Paleo Framework,UMZC,1551,fossil,cranium,MAS-TAX-0003,Lophopsittacus mauritianus,"Owen, 1866","Lophopsittacus mauritianus Owen, 1866",,MAS-LOC-0005,Mauritius,Mauritius,Mascarene Islands,Mauritius,MU,,,,,https://doi.org/10.11646/zootaxa.1513.1.1,Figured by Hume (2007).,Mauritius; exact collecting locality not established from the source checked.,Imported from NHMUK taxon-ID mapping; accepted taxonomy should be independently verified.,"Imported from NHMUK locality-ID mapping; precise locality, coordinates, stratigraphy and age require verification.","{""evidenceConfidence"":""B"",""photographAvailable"":""Unknown"",""threeDAvailable"":""Unknown"",""recordProvenanceClass"":""Literature-derived"",""sourceIDs"":[""MAS-SRC-0002""],""taxonSynonyms"":""Psittacus mauritianus""}"
MAS-SP-0299,MAS-SP-0299,MaterialCitation,Mascarene Paleo Framework,UMZC,577a,fossil,mandibular symphysis; holotype,MAS-TAX-0034,Psittacula bensoni,"(Holyoak, 1973)","Lophopsittacus bensoni Holyoak, 1973",Aves: Psittaciformes: Psittacidae,MAS-LOC-0007,Le Pouce,Mauritius,Mascarene Islands,Mauritius,MU,,,Holocene,Holocene,https://doi.org/10.11646/zootaxa.1513.1.1,Hume (2007) states that the specimen now catalogued as UMZC 577a is the holotype of the taxon originally described as Lophopsittacus bensoni.,"Le Pouce, Mauritius; Thirioux collection.","Thirioux's grey parrot; transferred to Psittacula by Hume (2007). Type locality: Le Pouce, Mauritius.",NHMUK mapping recorded 'La Pouce Mountain'. Hume (2007) uses Le Pouce and notes that Thirioux's precise collecting locality remains uncertain.,"{""evidenceConfidence"":""B"",""photographAvailable"":""Unknown"",""threeDAvailable"":""Unknown"",""recordProvenanceClass"":""Literature-derived"",""sourceIDs"":[""MAS-SRC-0002""],""localityConfidence"":""B"",""localityType"":""mountain / valley fossil locality"",""verbatimAge"":""Holocene / subfossil"",""stratigraphicInformation"":""Precise collecting point unresolved; Hume (2007) reports Thirioux material from the side of Le Pouce valley."",""taxonEvidenceConfidence"":""B"",""extinctionStatus"":""Extinct"",""taxonSynonyms"":""Lophopsittacus bensoni"",""taxonIsland"":""Mauritius""}"
MAS-SP-0300,MAS-SP-0300,MaterialCitation,Mascarene Paleo Framework,UMZC,577b,fossil,lower mandibular symphysis; paratype,MAS-TAX-0034,Psittacula bensoni,"(Holyoak, 1973)","Lophopsittacus bensoni Holyoak, 1973",Aves: Psittaciformes: Psittacidae,MAS-LOC-0007,Le Pouce,Mauritius,Mascarene Islands,Mauritius,MU,,,Holocene,Holocene,https://doi.org/10.11646/zootaxa.1513.1.1,Hume (2007) includes UMZC 577b among the paratypes.,"Le Pouce, Mauritius; Thirioux collection.","Thirioux's grey parrot; transferred to Psittacula by Hume (2007). Type locality: Le Pouce, Mauritius.",NHMUK mapping recorded 'La Pouce Mountain'. Hume (2007) uses Le Pouce and notes that Thirioux's precise collecting locality remains uncertain.,"{""evidenceConfidence"":""B"",""photographAvailable"":""Unknown"",""threeDAvailable"":""Unknown"",""recordProvenanceClass"":""Literature-derived"",""sourceIDs"":[""MAS-SRC-0002""],""localityConfidence"":""B"",""localityType"":""mountain / valley fossil locality"",""verbatimAge"":""Holocene / subfossil"",""stratigraphicInformation"":""Precise collecting point unresolved; Hume (2007) reports Thirioux material from the side of Le Pouce valley."",""taxonEvidenceConfidence"":""B"",""extinctionStatus"":""Extinct"",""taxonSynonyms"":""Lophopsittacus bensoni"",""taxonIsland"":""Mauritius""}"
MAS-SP-0301,MAS-SP-0301,MaterialCitation,Mascarene Paleo Framework,UMZC,579,fossil,scapula / humerus material,MAS-TAX-0012,Aphanapteryx bonasia,"(Sélys-Longchamps, 1848)","Aphanapteryx broecki Schlegel, 1854",Aves: Gruiformes: Rallidae,MAS-LOC-0005,Mauritius,Mauritius,Mascarene Islands,Mauritius,MU,,,,,https://doi.org/10.11646/zootaxa.4626.1.1,UMZC 579 is figured by Hume (2019) as Aphanapteryx bonasia skeletal material; figure captions identify scapular and humeral material.,Mauritius; exact collecting locality not established from the source checked.,NHMUK raw identification retained in original_name. Hume (2019) treats historical broeckei/broecki names as synonyms of Aphanapteryx bonasia; current nomenclature should still be checked during taxonomic review.,"Imported from NHMUK locality-ID mapping; precise locality, coordinates, stratigraphy and age require verification.","{""evidenceConfidence"":""B"",""photographAvailable"":""Unknown"",""threeDAvailable"":""Unknown"",""recordProvenanceClass"":""Literature-derived"",""sourceIDs"":[""MAS-SRC-0005""],""taxonEvidenceConfidence"":""B"",""extinctionStatus"":""Extinct"",""taxonSynonyms"":""Aphanapteryx broecki Schlegel, 1854; Didus broeckei Schlegel, 1854"",""taxonIsland"":""Mauritius""}"
MAS-SP-0302,MAS-SP-0302,MaterialCitation,Mascarene Paleo Framework,UMZC,303BB,fossil,sternum,MAS-TAX-0012,Aphanapteryx bonasia,"(Sélys-Longchamps, 1848)","Aphanapteryx broecki Schlegel, 1854",Aves: Gruiformes: Rallidae,MAS-LOC-0005,Mauritius,Mauritius,Mascarene Islands,Mauritius,MU,,,,,https://doi.org/10.11646/zootaxa.4626.1.1,Figured by Hume (2019) as Aphanapteryx bonasia.,Mauritius; exact collecting locality not established from the source checked.,NHMUK raw identification retained in original_name. Hume (2019) treats historical broeckei/broecki names as synonyms of Aphanapteryx bonasia; current nomenclature should still be checked during taxonomic review.,"Imported from NHMUK locality-ID mapping; precise locality, coordinates, stratigraphy and age require verification.","{""evidenceConfidence"":""B"",""photographAvailable"":""Unknown"",""threeDAvailable"":""Unknown"",""recordProvenanceClass"":""Literature-derived"",""sourceIDs"":[""MAS-SRC-0005""],""taxonEvidenceConfidence"":""B"",""extinctionStatus"":""Extinct"",""taxonSynonyms"":""Aphanapteryx broecki Schlegel, 1854; Didus broeckei Schlegel, 1854"",""taxonIsland"":""Mauritius""}"
MAS-SP-0303,MAS-SP-0303,MaterialCitation,Mascarene Paleo Framework,UMZC,300AA5,fossil,right tarsometatarsus; holotype,MAS-TAX-0035,Dryolimnas chekei,"Hume, 2019","Dryolimnas chekei Hume, 2019",Aves: Gruiformes: Rallidae,MAS-LOC-0003,Mare aux Songes,Mauritius,Mascarene Islands,Mauritius,MU,,,,,https://doi.org/10.11646/zootaxa.4626.1.1,Holotype of Dryolimnas chekei according to Hume (2019).,"Mare aux Songes, Mauritius; collected by Théodore Sauzier, 1889–1891.","Cheke's wood rail, described from subfossil material from Mauritius; holotype UMZC 300AA5 from Mare aux Songes.","Imported from NHMUK locality-ID mapping; precise locality, coordinates, stratigraphy and age require verification. Name standardized to 'Mare aux Songes'; hyphenated forms are retained in specimen provenance when present.","{""evidenceConfidence"":""B"",""photographAvailable"":""Unknown"",""threeDAvailable"":""Unknown"",""recordProvenanceClass"":""Literature-derived"",""sourceIDs"":[""MAS-SRC-0005""],""taxonEvidenceConfidence"":""B"",""extinctionStatus"":""Extinct"",""taxonIsland"":""Mauritius""}"