specimen_id,species_id,repository,catalogue_number,element,locality_id,provenance,evidence_confidence,photograph_available,photograph_source,3d_available,3d_repository,3d_id,notes,record_provenance_class,primary_source_id
MAS-SP-0001,MAS-TAX-0001,"Natural History Museum, London (NHMUK)",PV A 3224,"Long bone diaphysis, probably tibia or femur.",MAS-LOC-0001,"Raphus cucullatus. Nearest Named Place: Petite Riviere, Mauritius. Presented, Dr Philip B. Ayres; b.12/12/1813; d.30/04/1863; Ayres, 1861",A,No,https://data.nhm.ac.uk/object/0729504b-1b72-40fe-bcf9-7455ea088784/1789031152519,,,,checked and verified,Direct museum record,MAS-SRC-0010
MAS-SP-0002,MAS-TAX-0002,"Natural History Museum, London (NHMUK)",PV A 1387,Musket ball on carpometacarpus (CMC) of a male bird. Thin sectioned by Tony Wighton.,MAS-LOC-0002,"Pezophaps solitaria. Quaternary, Pleistocene ?. Rodriguez (Rodrigues), Cavern, Rodriguez (Rodrigues)",A,Yes,https://www.researchgate.net/publication/263144413_Fight_club_a_unique_weapon_in_the_wing_of_the_solitairePezophaps_solitariaAves_Columbidae_an_extinct_flightless_bird_from_Rodrigues_Mascarene_Islands_Solitaire_Wing_Weapon,,,,checked and verified,Direct museum record,MAS-SRC-0010
MAS-SP-0003,MAS-TAX-0003,"Natural History Museum, London (NHMUK)",PV A 3296,mandibular symphysis,MAS-LOC-0003,"Lophopsittacus mauritianus Owen, 1866. Quaternary, Pleistocene. Mare aux Songes, Mauritius",A,No,https://data.nhm.ac.uk/object/b23f8cc5-a340-4a0f-9faf-0262655b560f/1789031152519,,,,checked and verified,Direct museum record,MAS-SRC-0010
MAS-SP-0004,MAS-TAX-0002,"Natural History Museum, London (NHMUK)",PV A 9041,humerus male right.,MAS-LOC-0002,"Pezophaps solitaria. FIGURED. Rodriguez (Rodrigues), Cavern, Rodriguez (Rodrigues)",A,Yes,https://www.researchgate.net/publication/263144413_Fight_club_a_unique_weapon_in_the_wing_of_the_solitairePezophaps_solitariaAves_Columbidae_an_extinct_flightless_bird_from_Rodrigues_Mascarene_Islands_Solitaire_Wing_Weapon,,,,checked and verified,Direct museum record,MAS-SRC-0010
MAS-SP-0005,MAS-TAX-0002,"Natural History Museum, London (NHMUK)",PV A 9042,coracoid left female,MAS-LOC-0002,"Pezophaps solitaria. FIGURED. Rodriguez (Rodrigues), Cavern, Rodriguez (Rodrigues)",A,Yes,https://www.researchgate.net/publication/263144413_Fight_club_a_unique_weapon_in_the_wing_of_the_solitairePezophaps_solitariaAves_Columbidae_an_extinct_flightless_bird_from_Rodrigues_Mascarene_Islands_Solitaire_Wing_Weapon,,,,checked and verified,Direct museum record,MAS-SRC-0010
MAS-SP-0006,MAS-TAX-0002,"Natural History Museum, London (NHMUK)",PV A 9043,"ulna male right, pathological.",MAS-LOC-0002,"Pezophaps solitaria. FIGURED. Rodriguez (Rodrigues), Cavern, Rodriguez (Rodrigues)",A,Yes,https://www.researchgate.net/publication/263144413_Fight_club_a_unique_weapon_in_the_wing_of_the_solitairePezophaps_solitariaAves_Columbidae_an_extinct_flightless_bird_from_Rodrigues_Mascarene_Islands_Solitaire_Wing_Weapon,,,,checked and verified,Direct museum record,MAS-SRC-0010
MAS-SP-0007,MAS-TAX-0002,"Natural History Museum, London (NHMUK)",PV A 9044,Carpometacarpus without carpal knob; male.,MAS-LOC-0002,"Pezophaps solitaria. FIGURED. Rodriguez (Rodrigues), Cavern, Rodriguez (Rodrigues)",A,Yes,https://www.researchgate.net/publication/263144413_Fight_club_a_unique_weapon_in_the_wing_of_the_solitairePezophaps_solitariaAves_Columbidae_an_extinct_flightless_bird_from_Rodrigues_Mascarene_Islands_Solitaire_Wing_Weapon,,,,checked and verified,Direct museum record,MAS-SRC-0010
MAS-SP-0008,MAS-TAX-0002,"Natural History Museum, London (NHMUK)",PV A 9045,carpometacarpus with carpal knob ('musket ball'); female. Left.,MAS-LOC-0002,"Pezophaps solitaria. FIGURED. Rodriguez (Rodrigues), Cavern, Rodriguez (Rodrigues)",A,Yes,https://www.researchgate.net/publication/263144413_Fight_club_a_unique_weapon_in_the_wing_of_the_solitairePezophaps_solitariaAves_Columbidae_an_extinct_flightless_bird_from_Rodrigues_Mascarene_Islands_Solitaire_Wing_Weapon,,,,checked and verified,Direct museum record,MAS-SRC-0010
MAS-SP-0009,MAS-TAX-0002,"Natural History Museum, London (NHMUK)",PV A 9046,Carpometacarpus without carpal knob; female. Left.,MAS-LOC-0002,"Pezophaps solitaria. FIGURED. Rodriguez (Rodrigues), Cavern, Rodriguez (Rodrigues)",A,Yes,https://www.researchgate.net/publication/263144413_Fight_club_a_unique_weapon_in_the_wing_of_the_solitairePezophaps_solitariaAves_Columbidae_an_extinct_flightless_bird_from_Rodrigues_Mascarene_Islands_Solitaire_Wing_Weapon,,,,checked and verified,Direct museum record,MAS-SRC-0010
MAS-SP-0010,MAS-TAX-0002,"Natural History Museum, London (NHMUK)",PV A 9047,Carpometacarpus with large carpal knob; male. Right.,MAS-LOC-0002,"Pezophaps solitaria. FIGURED. Rodriguez (Rodrigues), Cavern, Rodriguez (Rodrigues)",A,Yes,https://www.researchgate.net/publication/263144413_Fight_club_a_unique_weapon_in_the_wing_of_the_solitairePezophaps_solitariaAves_Columbidae_an_extinct_flightless_bird_from_Rodrigues_Mascarene_Islands_Solitaire_Wing_Weapon,,,,checked and verified,Direct museum record,MAS-SRC-0010
MAS-SP-0011A,MAS-TAX-0002,"Natural History Museum, London (NHMUK)",PV A 1441,"Batch of many solitaire bones, all pathological (healed fractures).",MAS-LOC-0002,"Pezophaps solitaria. Quaternary, Pleistocene. Rodriguez (Rodrigues), Cavern, Rodriguez (Rodrigues)",A,No,https://data.nhm.ac.uk/object/a61b99de-4e91-4962-b814-83dae302bd9e/1789031152519,,,,checked and verified; duplicate catalogue record merged during v0.3 cleanup,Direct museum record,MAS-SRC-0010
MAS-SP-0011,MAS-TAX-0002,"Natural History Museum, London (NHMUK)",PV A 1441 1,"humerus male right, pathological (healed fracture).",MAS-LOC-0002,"Pezophaps solitaria. FIGURED. Quaternary, Pleistocene. Rodriguez (Rodrigues), Cavern, Rodriguez (Rodrigues)",A,Yes,"https://www.researchgate.net/publication/263144413_Fight_club_a_unique_weapon_in_the_wing_of_the_solitairePezophaps_solitariaAves_Columbidae_an_extinct_flightless_bird_from_Rodrigues_Mascarene_Islands_Solitaire_Wing_Weapon
https://data.nhm.ac.uk/object/9ddd18d2-a0b2-411b-bbde-2e1d593abe5b/1789031152519",,,,checked and verified; literature and NHMUK duplicate records merged during v0.3 cleanup,Direct museum record,MAS-SRC-0010
MAS-SP-0012,MAS-TAX-0002,"Natural History Museum, London (NHMUK)",PV A 1441 2,"Coracoid, female left, pathological (healed fracture)",MAS-LOC-0002,"Pezophaps solitaria. Quaternary, Pleistocene. Rodriguez (Rodrigues), Cavern, Rodriguez (Rodrigues)",A,Yes,"https://www.researchgate.net/publication/263144413_Fight_club_a_unique_weapon_in_the_wing_of_the_solitairePezophaps_solitariaAves_Columbidae_an_extinct_flightless_bird_from_Rodrigues_Mascarene_Islands_Solitaire_Wing_Weapon
https://data.nhm.ac.uk/object/da1a3367-35ae-44f1-bb4d-9fd655fdd10f/1789031152519",,,,checked and verified; literature and NHMUK duplicate records merged during v0.3 cleanup,Direct museum record,MAS-SRC-0010
MAS-SP-0013,MAS-TAX-0002,"Natural History Museum, London (NHMUK)",PV A 3507/ PV A 3505,Carpometacarpi with and without carpal knobs; males and females.,MAS-LOC-0002,"Pezophaps solitaria. Quaternary, Pleistocene. Rodriguez (Rodrigues), Cavern, Rodriguez (Rodrigues)",A,No,https://data.nhm.ac.uk/object/7e99cae4-3a23-4eca-9839-5671d8ef4b9d/1789031152519,,,,checked and verified,Direct museum record,MAS-SRC-0010
MAS-SP-0014,MAS-TAX-0002,"Natural History Museum, London (NHMUK)",PV A 1377,"Sternum, female.",MAS-LOC-0002,"Pezophaps solitaria. Quaternary, Pleistocene. Rodriguez (Rodrigues), Cavern, Rodriguez (Rodrigues)",A,Yes,https://www.researchgate.net/publication/263144413_Fight_club_a_unique_weapon_in_the_wing_of_the_solitairePezophaps_solitariaAves_Columbidae_an_extinct_flightless_bird_from_Rodrigues_Mascarene_Islands_Solitaire_Wing_Weapon,,,,checked and verified,Direct museum record,MAS-SRC-0010
MAS-SP-0015,MAS-TAX-0002,"Natural History Museum, London (NHMUK)",PV A 1382,"Male ulna, right. Male radius, left and right.",MAS-LOC-0002,"Pezophaps solitaria. Quaternary, Pleistocene. Rodriguez (Rodrigues), Cavern, Rodriguez (Rodrigues)",A,Yes,https://www.researchgate.net/publication/263144413_Fight_club_a_unique_weapon_in_the_wing_of_the_solitairePezophaps_solitariaAves_Columbidae_an_extinct_flightless_bird_from_Rodrigues_Mascarene_Islands_Solitaire_Wing_Weapon,,,,checked and verified,Direct museum record,MAS-SRC-0010
MAS-SP-0016,MAS-TAX-0004,"Natural History Museum, London (NHMUK)",PV A 9050,Skull,MAS-LOC-0002,"Necropsar rodericanus. Rodriguez (Rodrigues), Cavern, Rodriguez (Rodrigues)",A,No,https://data.nhm.ac.uk/object/1b2501ae-571e-4cdc-9e9e-9d45fc33440d/1789031152519,,,,checked and verified,Direct museum record,MAS-SRC-0010
MAS-SP-0017,MAS-TAX-0001,"Natural History Museum, London (NHMUK)",PV OR 35902,Quadrate,MAS-LOC-0001,"Raphus cucullatus. Nearest Named Place: Petite Riviere, Mauritius. Presented, Dr Philip B. Ayres; b.12/12/1813; d.30/04/1863; Ayres, 1861",A,No,https://data.nhm.ac.uk/object/8849c529-99dd-4865-b055-dcff4ee7a3fd/1789031152519,,,,checked and verified,Direct museum record,MAS-SRC-0010
MAS-SP-0018,MAS-TAX-0001,"Natural History Museum, London (NHMUK)",PV OR 35903,Fragment of radius?,MAS-LOC-0001,"Raphus cucullatus. Nearest Named Place: Petite Riviere, Mauritius. Presented, Dr Philip B. Ayres; b.12/12/1813; d.30/04/1863; Ayres, 1861",A,No,https://data.nhm.ac.uk/object/51186f23-ace1-4a7c-8f24-86227e59de3f/1789031152519,,,,checked and verified,Direct museum record,MAS-SRC-0010
MAS-SP-0019,MAS-TAX-0002,"Natural History Museum, London (NHMUK)",PV A 1389,Carpometacarpus without carpal knob; female. Left and right.,MAS-LOC-0002,"Pezophaps solitaria. Quaternary, Pleistocene. Rodriguez (Rodrigues), Cavern, Rodriguez (Rodrigues)",A,No,https://data.nhm.ac.uk/object/bdd72c78-eaad-47df-9a81-bf96422c6743/1789031152519,,,,checked and verified,Direct museum record,MAS-SRC-0010
MAS-SP-0021,MAS-TAX-0002,"Natural History Museum, London (NHMUK)",PV A 3606,"Sternum, male.",MAS-LOC-0002,"Pezophaps solitaria. Quaternary, Pleistocene. Rodriguez (Rodrigues), Cavern, Rodriguez (Rodrigues)",A,No,https://data.nhm.ac.uk/object/3b17472f-37b8-4a99-a350-bb1f0a951550/1789031152519,,,,checked and verified,Direct museum record,MAS-SRC-0010
MAS-SP-0022,MAS-TAX-0002,"Natural History Museum, London (NHMUK)",PV A 1388,Carpometacarpus; male. Left and right.,MAS-LOC-0002,"Pezophaps solitaria. Quaternary, Pleistocene. Rodriguez (Rodrigues), Cavern, Rodriguez (Rodrigues)",A,No,https://data.nhm.ac.uk/object/8be152fb-5872-44a0-810a-2c8b2587492e/1789031152519,,,,checked and verified,Direct museum record,MAS-SRC-0010
MAS-SP-0023,MAS-TAX-0005,"Natural History Museum, London (NHMUK)",PV A 153,Imperfect skull,MAS-LOC-0004,"Sula piscator (Linnaeus, 1758). Quaternary, Holocene. Rodrigues Island, Rodriguez, Mauritius",A,No,https://data.nhm.ac.uk/object/fe69267e-eb7a-4851-904b-285842bafe3f/1789031152519,,,,checked and verified,Direct museum record,MAS-SRC-0010
MAS-SP-0024,MAS-TAX-0003,"Natural History Museum, London (NHMUK)",PV A 360,Plaster cast of mandible,MAS-LOC-0005,"Lophopsittacus mauritianus Owen, 1866. CAST OF FIGURED SPECIMEN. Quaternary, Pleistocene - Holocene. Mauritius. Exchange, Cambridge Museum of Comparative Anatomy, /11/1893",A,No,https://data.nhm.ac.uk/object/7a4b2228-51cf-428d-a954-b6e57b2d8efc/1789031152519,,,,checked and verified,Direct museum record,MAS-SRC-0010
MAS-SP-0025,MAS-TAX-0003,"Natural History Museum, London (NHMUK)",PV A 361,Cast of anterior end of sternum,MAS-LOC-0005,"Lophopsittacus mauritianus Owen, 1866. CAST OF FIGURED SPECIMEN. Quaternary, Pleistocene - Holocene. Mauritius. Exchange, Cambridge Museum of Comparative Anatomy, /11/1893",A,No,https://data.nhm.ac.uk/object/9b318129-8fa3-4fc8-905c-af35e6734ee5/1789031152519,,,,checked and verified,Direct museum record,MAS-SRC-0010
MAS-SP-0026,MAS-TAX-0003,"Natural History Museum, London (NHMUK)",PV A 362,Cast of left metatarsus,MAS-LOC-0005,"Lophopsittacus mauritianus Owen, 1866. CAST OF FIGURED SPECIMEN. Quaternary, Pleistocene - Holocene. Mauritius. Exchange, Cambridge Museum of Comparative Anatomy, /11/1893",A,No,https://data.nhm.ac.uk/object/ad9525bd-a307-4db7-b6a1-6659421b82ca/1789031152519,,,,checked and verified,Direct museum record,MAS-SRC-0010
MAS-SP-0027,MAS-TAX-0006,"Natural History Museum, London (NHMUK)",PV A 363,Left metacarpal,MAS-LOC-0005,"Astur alphonsi Newton & Gadow, 1893. HOLOTYPE. Quaternary, Pleistocene - Holocene. Mauritius. Exchange, Cambridge Museum of Comparative Anatomy, /11/1893",A,No,https://data.nhm.ac.uk/object/6030bcb4-c231-40dc-99e8-3bd463bd118c/1789031152519,,,,checked and verified,Direct museum record,MAS-SRC-0010
MAS-SP-0028,MAS-TAX-0007,"Natural History Museum, London (NHMUK)",PV A 364,Cast of pelvis and sacrum,MAS-LOC-0005,"Plotus nanus Newton & Gadow, 1893. CAST OF HOLOTYPE. Quaternary, Pleistocene - Holocene. Mauritius. Exchange, Cambridge Museum of Comparative Anatomy, /11/1893",A,No,https://data.nhm.ac.uk/object/13324949-6fc4-419f-8c2a-cc34376c2315/1789031152519,,,,checked and verified,Direct museum record,MAS-SRC-0010
MAS-SP-0029,MAS-TAX-0007,"Natural History Museum, London (NHMUK)",PV A 365,Cast of left humerus,MAS-LOC-0005,"Plotus nanus Newton & Gadow, 1893. CAST OF HOLOTYPE. Quaternary, Pleistocene - Holocene. Mauritius. Exchange, Cambridge Museum of Comparative Anatomy, /11/1893",A,No,https://data.nhm.ac.uk/object/84949480-3563-46ee-9cb2-d6d9f186869a/1789031152519,,,,checked and verified,Direct museum record,MAS-SRC-0010
MAS-SP-0030,MAS-TAX-0008,"Natural History Museum, London (NHMUK)",PV A 366,Cast of left coracoid,MAS-LOC-0005,"Butorides mauritianus Gunther & Newton, 1879. CAST OF HOLOTYPE. Quaternary, Pleistocene - Holocene. Mauritius. Exchange, Cambridge Museum of Comparative Anatomy, /11/1893",A,No,https://data.nhm.ac.uk/object/e1c3e698-caaf-45f3-b8d9-31f6e9d6402f/1789031152519,,,,checked and verified,Direct museum record,MAS-SRC-0010
MAS-SP-0031,MAS-TAX-0008,"Natural History Museum, London (NHMUK)",PV A 367,Cast of left metatarsus,MAS-LOC-0005,"Butorides mauritianus Gunther & Newton, 1879. CAST OF HOLOTYPE. Quaternary, Pleistocene - Holocene. Mauritius. Exchange, Cambridge Museum of Comparative Anatomy, /11/1893",A,No,https://data.nhm.ac.uk/object/0fdfe39b-c0dc-4936-9ffb-b33b9bfc167a/1789031152519,,,,checked and verified,Direct museum record,MAS-SRC-0010
MAS-SP-0032,MAS-TAX-0009,"Natural History Museum, London (NHMUK)",PV A 368,"No description in register, but it's a carpometacarpus (fig 9-10, pl XXXIV, Newton & Gadow, 1893)",MAS-LOC-0005,"Sarcidiornis mauritianus Newton & Gadow, 1893. HOLOTYPE. Quaternary, Pleistocene - Holocene. Mauritius. Exchange, Cambridge Museum of Comparative Anatomy, /11/1893",A,Yes,https://www.biologicaldiversity.org/campaigns/global_owl_project/descriptions/Fossil_owls/Newton%20&%20Gadow%201893.pdf,,,,checked and verified,Direct museum record,MAS-SRC-0010
MAS-SP-0033,MAS-TAX-0010,"Natural History Museum, London (NHMUK)",PV A 369,Plaster cast of anterior end of sternum,MAS-LOC-0005,"Anas theodori Newton & Gadow, 1893. CAST OF HOLOTYPE. Quaternary, Pleistocene - Holocene. Mauritius. Exchange, Cambridge Museum of Comparative Anatomy, /11/1893",A,No,https://data.nhm.ac.uk/object/969e9f41-f524-4f8a-a98a-3833f166e6e3/1789031152519,,,,checked and verified,Direct museum record,MAS-SRC-0010
MAS-SP-0034,MAS-TAX-0011,"Natural History Museum, London (NHMUK)",PV A 370,Cast of end of premaxilla,MAS-LOC-0005,"Fulica newtonii Milne-Edwards, 1867. CAST OF FIGURED SPECIMEN. Quaternary, Pleistocene - Holocene. Mauritius. Exchange, Cambridge Museum of Comparative Anatomy, /11/1893",A,No,https://data.nhm.ac.uk/object/97e00b7e-9228-4d2b-a9a2-b699e65dd34e/1789031152519,,,,checked and verified,Direct museum record,MAS-SRC-0010
MAS-SP-0035,MAS-TAX-0012,"Natural History Museum, London (NHMUK)",PV A 371,Cast of anterior region of sternum,MAS-LOC-0005,"Aphanapteryx broecki Schlegel, 1854. CAST OF FIGURED SPECIMEN. Quaternary, Pleistocene - Holocene. Mauritius. Exchange, Cambridge Museum of Comparative Anatomy, /11/1893",A,No,https://data.nhm.ac.uk/object/33429de7-ef95-4938-a945-66d40a7e6a6c/1789031152519,,,,checked and verified,Direct museum record,MAS-SRC-0010
MAS-SP-0036,MAS-TAX-0002,"Natural History Museum, London (NHMUK)",PV A 9064,left and right tarsometatarsal,MAS-LOC-0006,"Pezophaps solitaria. Quaternary, Holocene. Indian Ocean",A,No,https://data.nhm.ac.uk/object/57fbda96-4cbb-46f9-a94f-c582a455a60b/1789031152519,,,,checked and verified,Direct museum record,MAS-SRC-0010
MAS-SP-0037,MAS-TAX-0003,"Natural History Museum, London (NHMUK)",PV A 3297,,MAS-LOC-0003,"Lophopsittacus mauritianus Owen, 1866. Quaternary, Pleistocene. Mare aux Songes, Mauritius",B,,,,,,Raw NHMUK database extract supplied by NHM; identification and fields not independently verified. Age retained as reported by NHM.,Direct museum record,MAS-SRC-0010
MAS-SP-0038,MAS-TAX-0001,"Natural History Museum, London (NHMUK)",PV A 1350,,MAS-LOC-0003,"Raphus cucullatus (Linnaeus, 1758). Quaternary, Pleistocene. Mare aux Songes, Mauritius",B,,,,,,Raw NHMUK database extract supplied by NHM; identification and fields not independently verified. Age retained as reported by NHM.,Direct museum record,MAS-SRC-0010
MAS-SP-0039,MAS-TAX-0001,"Natural History Museum, London (NHMUK)",PV A 901,,MAS-LOC-0003,"Raphus cucullatus (Linnaeus, 1758). Quaternary, Pleistocene. Mare aux Songes, Mauritius. Purchase, Miss E E. Clark; Clark, /07/1910",B,,,,,,Raw NHMUK database extract supplied by NHM; identification and fields not independently verified. Age retained as reported by NHM.,Direct museum record,MAS-SRC-0010
MAS-SP-0041,MAS-TAX-0001,"Natural History Museum, London (NHMUK)",PV A 435,,MAS-LOC-0005,"Raphus cucullatus (Linnaeus, 1758). Quaternary, Pleistocene - Holocene. Mauritius. Presented, Sir Charles C. Lees; b.11/03/1837; d.26/07/1898; Lees, /04/1892",B,,,,,,Raw NHMUK database extract supplied by NHM; identification and fields not independently verified. Age retained as reported by NHM.,Direct museum record,MAS-SRC-0010
MAS-SP-0042,MAS-TAX-0001,"Natural History Museum, London (NHMUK)",PV A 372,,MAS-LOC-0005,"Raphus cucullatus (Linnaeus, 1758). CAST OF FIGURED SPECIMEN. Quaternary, Pleistocene - Holocene. Mauritius. Exchange, Cambridge Museum of Comparative Anatomy, /11/1893",B,,,,,,"Raw NHMUK database extract supplied by NHM; identification and fields not independently verified. NHM record flags: FIGURED, CAST OF FIGURED SPECIMEN. Age retained as reported by NHM. 'FIGURED'/'CAST OF FIGURED SPECIMEN' is not interpreted as current photograph availability.",Direct museum record,MAS-SRC-0010
MAS-SP-0043,MAS-TAX-0001,"Natural History Museum, London (NHMUK)",PV A 430,,MAS-LOC-0005,"Raphus cucullatus (Linnaeus, 1758). Quaternary, Pleistocene - Holocene. Mauritius. Presented, Sir Charles C. Lees; b.11/03/1837; d.26/07/1898; Lees, /04/1892",B,,,,,,Raw NHMUK database extract supplied by NHM; identification and fields not independently verified. Age retained as reported by NHM.,Direct museum record,MAS-SRC-0010
MAS-SP-0044,MAS-TAX-0001,"Natural History Museum, London (NHMUK)",PV A 431,,MAS-LOC-0005,"Raphus cucullatus (Linnaeus, 1758). Quaternary, Pleistocene - Holocene. Mauritius. Presented, Sir Charles C. Lees; b.11/03/1837; d.26/07/1898; Lees, /04/1892",B,,,,,,Raw NHMUK database extract supplied by NHM; identification and fields not independently verified. Age retained as reported by NHM.,Direct museum record,MAS-SRC-0010
MAS-SP-0045,MAS-TAX-0001,"Natural History Museum, London (NHMUK)",PV A 432,,MAS-LOC-0005,"Raphus cucullatus (Linnaeus, 1758). Quaternary, Pleistocene - Holocene. Mauritius. Presented, Sir Charles C. Lees; b.11/03/1837; d.26/07/1898; Lees, /04/1892",B,,,,,,Raw NHMUK database extract supplied by NHM; identification and fields not independently verified. Age retained as reported by NHM.,Direct museum record,MAS-SRC-0010
MAS-SP-0046,MAS-TAX-0001,"Natural History Museum, London (NHMUK)",PV A 433,,MAS-LOC-0005,"Raphus cucullatus (Linnaeus, 1758). Quaternary, Pleistocene - Holocene. Mauritius. Presented, Sir Charles C. Lees; b.11/03/1837; d.26/07/1898; Lees, /04/1892",B,,,,,,Raw NHMUK database extract supplied by NHM; identification and fields not independently verified. Age retained as reported by NHM.,Direct museum record,MAS-SRC-0010
MAS-SP-0047,MAS-TAX-0001,"Natural History Museum, London (NHMUK)",PV A 434,,MAS-LOC-0005,"Raphus cucullatus (Linnaeus, 1758). Quaternary, Pleistocene - Holocene. Mauritius. Presented, Sir Charles C. Lees; b.11/03/1837; d.26/07/1898; Lees, /04/1892",B,,,,,,Raw NHMUK database extract supplied by NHM; identification and fields not independently verified. Age retained as reported by NHM.,Direct museum record,MAS-SRC-0010
MAS-SP-0048,MAS-TAX-0001,"Natural History Museum, London (NHMUK)",PV A 436,,MAS-LOC-0005,"Raphus cucullatus (Linnaeus, 1758). Quaternary, Pleistocene - Holocene. Mauritius. Presented, Sir Charles C. Lees; b.11/03/1837; d.26/07/1898; Lees, /04/1892",B,,,,,,Raw NHMUK database extract supplied by NHM; identification and fields not independently verified. Age retained as reported by NHM.,Direct museum record,MAS-SRC-0010
MAS-SP-0049,MAS-TAX-0001,"Natural History Museum, London (NHMUK)",PV A 838,,MAS-LOC-0005,"Raphus cucullatus (Linnaeus, 1758). Quaternary, Pleistocene - Holocene. Corps de Garde Mountain, Mascarene Islands, Mauritius. Presented, Dr James E. Brown; Brown, /03/1903",B,,,,,,Raw NHMUK database extract supplied by NHM; identification and fields not independently verified. Age retained as reported by NHM.,Direct museum record,MAS-SRC-0010
MAS-SP-0050,MAS-TAX-0001,"Natural History Museum, London (NHMUK)",PV A 896,,MAS-LOC-0003,"Raphus cucullatus (Linnaeus, 1758). Quaternary, Pleistocene. Mare aux Songes, Grand Port, Mauritius. Purchase, Miss E E. Clark; Clark, /07/1910",B,,,,,,Raw NHMUK database extract supplied by NHM; identification and fields not independently verified. Age retained as reported by NHM.,Direct museum record,MAS-SRC-0010
MAS-SP-0051,MAS-TAX-0001,"Natural History Museum, London (NHMUK)",PV A 897,,MAS-LOC-0003,"Raphus cucullatus (Linnaeus, 1758). Quaternary, Pleistocene. Mare aux Songes, Grand Port, Mauritius. Purchase, Miss E E. Clark; Clark, /07/1910",B,,,,,,Raw NHMUK database extract supplied by NHM; identification and fields not independently verified. Age retained as reported by NHM.,Direct museum record,MAS-SRC-0010
MAS-SP-0052,MAS-TAX-0001,"Natural History Museum, London (NHMUK)",PV A 898,,MAS-LOC-0003,"Raphus cucullatus (Linnaeus, 1758). Quaternary, Pleistocene. Mare aux Songes, Grand Port, Mauritius. Purchase, Miss E E. Clark; Clark, /07/1910",B,,,,,,Raw NHMUK database extract supplied by NHM; identification and fields not independently verified. Age retained as reported by NHM.,Direct museum record,MAS-SRC-0010
MAS-SP-0053,MAS-TAX-0001,"Natural History Museum, London (NHMUK)",PV A 899,,MAS-LOC-0003,"Raphus cucullatus (Linnaeus, 1758). Quaternary, Pleistocene. Mare aux Songes, Grand Port, Mauritius. Purchase, Miss E E. Clark; Clark, /07/1910",B,,,,,,Raw NHMUK database extract supplied by NHM; identification and fields not independently verified. Age retained as reported by NHM.,Direct museum record,MAS-SRC-0010
MAS-SP-0054,MAS-TAX-0001,"Natural History Museum, London (NHMUK)",PV A 900,,MAS-LOC-0003,"Raphus cucullatus (Linnaeus, 1758). Quaternary, Pleistocene. Mare aux Songes, Grand Port, Mauritius. Purchase, Miss E E. Clark; Clark, /07/1910",B,,,,,,Raw NHMUK database extract supplied by NHM; identification and fields not independently verified. Age retained as reported by NHM.,Direct museum record,MAS-SRC-0010
MAS-SP-0055,MAS-TAX-0001,"Natural History Museum, London (NHMUK)",PV A 902,,MAS-LOC-0003,"Raphus cucullatus (Linnaeus, 1758). Quaternary, Pleistocene. Mare aux Songes, Grand Port, Mauritius. Purchase, Miss E E. Clark; Clark, /07/1910",B,,,,,,Raw NHMUK database extract supplied by NHM; identification and fields not independently verified. Age retained as reported by NHM.,Direct museum record,MAS-SRC-0010
MAS-SP-0056,MAS-TAX-0001,"Natural History Museum, London (NHMUK)",PV A 72,,MAS-LOC-0003,"Raphus cucullatus. Mare-aux-Songes, Mare-aux-Songes, Mauritius. Presented, Master - John E. Lee F.G.S.; b.21/12/1808; d.18/08/1887; Lee, /10/1885",B,,,,,,Raw NHMUK database extract supplied by NHM; identification and fields not independently verified.,Direct museum record,MAS-SRC-0010
MAS-SP-0057,MAS-TAX-0001,"Natural History Museum, London (NHMUK)",PV A 1576,,MAS-LOC-0003,"Stub - [Specimen]: PV A 1576. Raphus cucullatus (Linnaeus, 1758). NON-TYPE. Quaternary. Mare aux Songes, Grand Port, Mauritius. Presented, Person String; Lieutenant Colonel C Turner Clark, /10/1922",B,,,,,,Raw NHMUK database extract supplied by NHM; identification and fields not independently verified. NHM record flags: NON-TYPE. Age retained as reported by NHM.,Direct museum record,MAS-SRC-0010
MAS-SP-0058,MAS-TAX-0001,"Natural History Museum, London (NHMUK)",PV A 9079,,MAS-LOC-0003,"Raphus cucullatus (Linnaeus, 1758). NON-TYPE. Quaternary. Mare aux Songes, Grand Port, Mauritius. Presented, Person String; Lieutenant Colonel C Turner Clark, /10/1922",B,,,,,,Raw NHMUK database extract supplied by NHM; identification and fields not independently verified. NHM record flags: NON-TYPE. Age retained as reported by NHM.,Direct museum record,MAS-SRC-0010
MAS-SP-0059,MAS-TAX-0001,"Natural History Museum, London (NHMUK)",PV A 3622,"sternum, unsexed",MAS-LOC-0003,"Raphus cucullatus (Linnaeus, 1758). Quaternary, Holocene. Mare-aux-Songes, Mare-aux-Songes, Mauritius",A,Yes,https://www.researchgate.net/publication/263144413_Fight_club_a_unique_weapon_in_the_wing_of_the_solitairePezophaps_solitariaAves_Columbidae_an_extinct_flightless_bird_from_Rodrigues_Mascarene_Islands_Solitaire_Wing_Weapon,,,,Checked and verified,Direct museum record,MAS-SRC-0010
MAS-SP-0060,MAS-TAX-0001,"Natural History Museum, London (NHMUK)",PV A 1340,,MAS-LOC-0003,"Raphus cucullatus (Linnaeus, 1758). Quaternary, Holocene. Mare-aux-Songes, Mare-aux-Songes, Mauritius",B,,,,,,Raw NHMUK database extract supplied by NHM; identification and fields not independently verified. Age retained as reported by NHM.,Direct museum record,MAS-SRC-0010
MAS-SP-0061,MAS-TAX-0001,"Natural History Museum, London (NHMUK)",PV A 729,,MAS-LOC-0003,"Raphus cucullatus (Linnaeus, 1758). NON-TYPE. Quaternary, Holocene. Mare-aux-Songes, Mare-aux-Songes, Mauritius. Made in the Museum, Cambridge Museum of Comparative Anatomy, 1900",B,,,,,,Raw NHMUK database extract supplied by NHM; identification and fields not independently verified. NHM record flags: NON-TYPE. Age retained as reported by NHM.,Direct museum record,MAS-SRC-0010
MAS-SP-0062,MAS-TAX-0001,"Natural History Museum, London (NHMUK)",PV A 9040,,MAS-LOC-0003,"Raphus cucullatus (Linnaeus, 1758). NON-TYPE. Quaternary, Holocene. Mare-aux-Songes, Mare-aux-Songes, Mauritius",B,,,,,,Raw NHMUK database extract supplied by NHM; identification and fields not independently verified. NHM record flags: NON-TYPE. Age retained as reported by NHM.,Direct museum record,MAS-SRC-0010
MAS-SP-0063,MAS-TAX-0002,"Natural History Museum, London (NHMUK)",PV A 1373,,MAS-LOC-0002,"Pezophaps solitaria. NON-TYPE. Quaternary, Pleistocene. Rodriguez (Rodrigues), Cavern, Rodriguez (Rodrigues)",B,,,,,,Raw NHMUK database extract supplied by NHM; identification and fields not independently verified. NHM record flags: NON-TYPE. Age retained as reported by NHM.,Direct museum record,MAS-SRC-0010
MAS-SP-0064,MAS-TAX-0002,"Natural History Museum, London (NHMUK)",PV A 3506,,MAS-LOC-0006,"Pezophaps solitaria. NON-TYPE. Quaternary, Holocene. Plaine Corail (caverns), Rodriguez, Mauritius. Presented, The Royal Society of London, 1876",B,,,,,,Raw NHMUK database extract supplied by NHM; identification and fields not independently verified. NHM record flags: NON-TYPE. Age retained as reported by NHM.,Direct museum record,MAS-SRC-0010
MAS-SP-0065,MAS-TAX-0002,"Natural History Museum, London (NHMUK)",PV A 3505,,MAS-LOC-0006,"Pezophaps solitaria. NON-TYPE. Quaternary, Holocene. Plaine Corail (caverns), Rodriguez, Mauritius. Presented, The Royal Society of London, 1876",B,,,,,,Raw NHMUK database extract supplied by NHM; identification and fields not independently verified. NHM record flags: NON-TYPE. Age retained as reported by NHM.,Direct museum record,MAS-SRC-0010
MAS-SP-0066,MAS-TAX-0001,"Natural History Museum, London (NHMUK)",PV A 70,,MAS-LOC-0005,"Raphus cucullatus. Quaternary, Pleistocene - Holocene. Mauritius. Presented, Master - Sir Richard Owen; British Museum (Natural History); b.20 July 1804; d.18 Dec 1892; Owen, /08/1884",B,,,,,,Raw NHMUK database extract supplied by NHM; identification and fields not independently verified. Age retained as reported by NHM.,Direct museum record,MAS-SRC-0010
MAS-SP-0067,MAS-TAX-0002,"Natural History Museum, London (NHMUK)",PV A 133,,MAS-LOC-0002,"Pezophaps solitaria. Rodriguez (Rodrigues), Cavern, Rodriguez (Rodrigues). Presented, The Royal Society of London, 1876",B,,,,,,Raw NHMUK database extract supplied by NHM; identification and fields not independently verified.,Direct museum record,MAS-SRC-0010
MAS-SP-0068,MAS-TAX-0002,"Natural History Museum, London (NHMUK)",PV A 133 a,,MAS-LOC-0002,"Pezophaps solitaria. Rodriguez (Rodrigues), Cavern, Rodriguez (Rodrigues). Presented, The Royal Society of London, 1876",B,,,,,,Raw NHMUK database extract supplied by NHM; identification and fields not independently verified.,Direct museum record,MAS-SRC-0010
MAS-SP-0069,MAS-TAX-0002,"Natural History Museum, London (NHMUK)",PV A 133 a (i),,MAS-LOC-0002,"Pezophaps solitaria. Rodriguez (Rodrigues), Cavern, Rodriguez (Rodrigues). Presented, The Royal Society of London, 1876",B,,,,,,Raw NHMUK database extract supplied by NHM; identification and fields not independently verified.,Direct museum record,MAS-SRC-0010
MAS-SP-0070,MAS-TAX-0002,"Natural History Museum, London (NHMUK)",PV A 133 a (ii),,MAS-LOC-0002,"Pezophaps solitaria. Rodriguez (Rodrigues), Cavern, Rodriguez (Rodrigues). Presented, The Royal Society of London, 1876",B,,,,,,Raw NHMUK database extract supplied by NHM; identification and fields not independently verified.,Direct museum record,MAS-SRC-0010
MAS-SP-0071,MAS-TAX-0002,"Natural History Museum, London (NHMUK)",PV A 133 a (3),,MAS-LOC-0002,"Pezophaps solitaria. Rodriguez (Rodrigues), Cavern, Rodriguez (Rodrigues). Presented, The Royal Society of London, 1876",B,,,,,,Raw NHMUK database extract supplied by NHM; identification and fields not independently verified.,Direct museum record,MAS-SRC-0010
MAS-SP-0072,MAS-TAX-0002,"Natural History Museum, London (NHMUK)",PV A 133 b,,MAS-LOC-0002,"Pezophaps solitaria. Rodriguez (Rodrigues), Cavern, Rodriguez (Rodrigues). Presented, The Royal Society of London, 1876",B,,,,,,Raw NHMUK database extract supplied by NHM; identification and fields not independently verified.,Direct museum record,MAS-SRC-0010
MAS-SP-0073,MAS-TAX-0002,"Natural History Museum, London (NHMUK)",PV A 133 c,,MAS-LOC-0002,"Pezophaps solitaria. Rodriguez (Rodrigues), Cavern, Rodriguez (Rodrigues). Presented, The Royal Society of London, 1876",B,,,,,,Raw NHMUK database extract supplied by NHM; identification and fields not independently verified.,Direct museum record,MAS-SRC-0010
MAS-SP-0074,MAS-TAX-0002,"Natural History Museum, London (NHMUK)",PV A 133 d,,MAS-LOC-0002,"Pezophaps solitaria. Rodriguez (Rodrigues), Cavern, Rodriguez (Rodrigues). Presented, The Royal Society of London, 1876",B,,,,,,Raw NHMUK database extract supplied by NHM; identification and fields not independently verified.,Direct museum record,MAS-SRC-0010
MAS-SP-0075,MAS-TAX-0002,"Natural History Museum, London (NHMUK)",PV A 133 e,,MAS-LOC-0002,"Pezophaps solitaria. Rodriguez (Rodrigues), Cavern, Rodriguez (Rodrigues). Presented, The Royal Society of London, 1876",B,,,,,,Raw NHMUK database extract supplied by NHM; identification and fields not independently verified.,Direct museum record,MAS-SRC-0010
MAS-SP-0076,MAS-TAX-0002,"Natural History Museum, London (NHMUK)",PV A 1376,,MAS-LOC-0006,"Pezophaps solitaria. NON-TYPE. Quaternary, Holocene. Plaine Corail (caverns), Rodriguez, Mauritius. Presented, The Royal Society of London, 1876",B,,,,,,Raw NHMUK database extract supplied by NHM; identification and fields not independently verified. NHM record flags: NON-TYPE. Age retained as reported by NHM.,Direct museum record,MAS-SRC-0010
MAS-SP-0077,MAS-TAX-0015,"Natural History Museum, London (NHMUK)",PV A 9078,,MAS-LOC-0006,"Papasula abbotti nelsoni Hume, 2023. NON-TYPE. Quaternary, Holocene. Plaine Corail (caverns), Rodriguez, Mauritius. Presented, The Royal Society of London, 1876",B,,,,,,Raw NHMUK database extract supplied by NHM; identification and fields not independently verified. NHM record flags: NON-TYPE. Age retained as reported by NHM.,Direct museum record,MAS-SRC-0010
MAS-SP-0078,MAS-TAX-0015,"Natural History Museum, London (NHMUK)",PV A 9077,,MAS-LOC-0006,"Papasula abbotti nelsoni Hume, 2023. NON-TYPE. Quaternary, Holocene. Plaine Corail (caverns), Rodriguez, Mauritius. Presented, The Royal Society of London, 1876",B,,,,,,Raw NHMUK database extract supplied by NHM; identification and fields not independently verified. NHM record flags: NON-TYPE. Age retained as reported by NHM.,Direct museum record,MAS-SRC-0010
MAS-SP-0079,MAS-TAX-0015,"Natural History Museum, London (NHMUK)",PV A 9076,,MAS-LOC-0006,"Papasula abbotti nelsoni Hume, 2023. NON-TYPE. Quaternary, Holocene. Plaine Corail (caverns), Rodriguez, Mauritius. Presented, The Royal Society of London, 1876",B,,,,,,Raw NHMUK database extract supplied by NHM; identification and fields not independently verified. NHM record flags: NON-TYPE. Age retained as reported by NHM.,Direct museum record,MAS-SRC-0010
MAS-SP-0080,MAS-TAX-0015,"Natural History Museum, London (NHMUK)",PV A 9049,,MAS-LOC-0006,"Papasula abbotti nelsoni Hume, 2023. NON-TYPE. Quaternary, Holocene. Plaine Corail (caverns), Rodriguez, Mauritius. Presented, The Royal Society of London, 1876",B,,,,,,Raw NHMUK database extract supplied by NHM; identification and fields not independently verified. NHM record flags: NON-TYPE. Age retained as reported by NHM.,Direct museum record,MAS-SRC-0010
MAS-SP-0081,MAS-TAX-0016,"Natural History Museum, London (NHMUK)",PV A 9038,,MAS-LOC-0002,"Papasula abbotti. NON-TYPE. Rodriguez (Rodrigues), Cavern, Rodriguez (Rodrigues). Presented, The Royal Society of London, 1876",B,,,,,,Raw NHMUK database extract supplied by NHM; identification and fields not independently verified. NHM record flags: NON-TYPE.,Direct museum record,MAS-SRC-0010
MAS-SP-0082,,"Natural History Museum, London (NHMUK)",PV M 55721,,MAS-LOC-0003,"Quaternary. Mare aux Songes, Mauritius. Presented, Person String; Rothschild, 1937",B,,,,,,Raw NHMUK database extract supplied by NHM; identification and fields not independently verified. Age retained as reported by NHM.,Direct museum record,MAS-SRC-0010
MAS-SP-0083,,"Natural History Museum, London (NHMUK)",PV M 55729,,MAS-LOC-0003,"Quaternary. Mare aux Songes, Mauritius. Presented, Person String; Rothschild, 1937",B,,,,,,Raw NHMUK database extract supplied by NHM; identification and fields not independently verified. Age retained as reported by NHM.,Direct museum record,MAS-SRC-0010
MAS-SP-0084,,"Natural History Museum, London (NHMUK)",PV M 55725,,MAS-LOC-0003,"Quaternary. Mare aux Songes, Mauritius. Presented, Person String; Rothschild, 1937",B,,,,,,Raw NHMUK database extract supplied by NHM; identification and fields not independently verified. Age retained as reported by NHM.,Direct museum record,MAS-SRC-0010
MAS-SP-0085,,"Natural History Museum, London (NHMUK)",PV M 55727,,MAS-LOC-0003,"Quaternary. Mare aux Songes, Mauritius. Presented, Person String; Rothschild, 1937",B,,,,,,Raw NHMUK database extract supplied by NHM; identification and fields not independently verified. Age retained as reported by NHM.,Direct museum record,MAS-SRC-0010
MAS-SP-0086,,"Natural History Museum, London (NHMUK)",PV M 55723,,MAS-LOC-0003,"Quaternary. Mare aux Songes, Mauritius. Presented, Person String; Rothschild, 1937",B,,,,,,Raw NHMUK database extract supplied by NHM; identification and fields not independently verified. Age retained as reported by NHM.,Direct museum record,MAS-SRC-0010
MAS-SP-0087,,"Natural History Museum, London (NHMUK)",PV M 55722,,MAS-LOC-0003,"Quaternary. Mare aux Songes, Mauritius. Presented, Person String; Rothschild, 1937",B,,,,,,Raw NHMUK database extract supplied by NHM; identification and fields not independently verified. Age retained as reported by NHM.,Direct museum record,MAS-SRC-0010
MAS-SP-0088,,"Natural History Museum, London (NHMUK)",PV M 55726,,MAS-LOC-0003,"Quaternary. Mare aux Songes, Mauritius. Presented, Person String; Rothschild, 1937",B,,,,,,Raw NHMUK database extract supplied by NHM; identification and fields not independently verified. Age retained as reported by NHM.,Direct museum record,MAS-SRC-0010
MAS-SP-0089,,"Natural History Museum, London (NHMUK)",PV M 55728,,MAS-LOC-0003,"Quaternary. Mare aux Songes, Mauritius. Presented, Person String; Rothschild, 1937",B,,,,,,Raw NHMUK database extract supplied by NHM; identification and fields not independently verified. Age retained as reported by NHM.,Direct museum record,MAS-SRC-0010
MAS-SP-0090,,"Natural History Museum, London (NHMUK)",PV M 55724,,MAS-LOC-0003,"Quaternary. Mare aux Songes, Mauritius. Presented, Person String; Rothschild, 1937",B,,,,,,Raw NHMUK database extract supplied by NHM; identification and fields not independently verified. Age retained as reported by NHM.,Direct museum record,MAS-SRC-0010
MAS-SP-0091,,"Natural History Museum, London (NHMUK)",PV M 55762,,MAS-LOC-0003,"Quaternary. Mare aux Songes, Mauritius. Presented, Person String; Rothschild, 1937",B,,,,,,Raw NHMUK database extract supplied by NHM; identification and fields not independently verified. Age retained as reported by NHM.,Direct museum record,MAS-SRC-0010
MAS-SP-0092,,"Natural History Museum, London (NHMUK)",PV M 55766,,MAS-LOC-0003,"Quaternary. Mare aux Songes, Mauritius. Presented, Person String; Rothschild, 1937",B,,,,,,Raw NHMUK database extract supplied by NHM; identification and fields not independently verified. Age retained as reported by NHM.,Direct museum record,MAS-SRC-0010
MAS-SP-0093,,"Natural History Museum, London (NHMUK)",PV M 55768,,MAS-LOC-0003,"Quaternary. Mare aux Songes, Mauritius. Presented, Person String; Rothschild, 1937",B,,,,,,Raw NHMUK database extract supplied by NHM; identification and fields not independently verified. Age retained as reported by NHM.,Direct museum record,MAS-SRC-0010
MAS-SP-0094,,"Natural History Museum, London (NHMUK)",PV M 55760,,MAS-LOC-0003,"Quaternary. Mare aux Songes, Mauritius. Presented, Person String; Rothschild, 1937",B,,,,,,Raw NHMUK database extract supplied by NHM; identification and fields not independently verified. Age retained as reported by NHM.,Direct museum record,MAS-SRC-0010
MAS-SP-0095,,"Natural History Museum, London (NHMUK)",PV M 55764,,MAS-LOC-0003,"Quaternary. Mare aux Songes, Mauritius. Presented, Person String; Rothschild, 1937",B,,,,,,Raw NHMUK database extract supplied by NHM; identification and fields not independently verified. Age retained as reported by NHM.,Direct museum record,MAS-SRC-0010
MAS-SP-0096,,"Natural History Museum, London (NHMUK)",PV M 55767,,MAS-LOC-0003,"Quaternary. Mare aux Songes, Mauritius. Presented, Person String; Rothschild, 1937",B,,,,,,Raw NHMUK database extract supplied by NHM; identification and fields not independently verified. Age retained as reported by NHM.,Direct museum record,MAS-SRC-0010
MAS-SP-0097,,"Natural History Museum, London (NHMUK)",PV M 55763,,MAS-LOC-0003,"Quaternary. Mare aux Songes, Mauritius. Presented, Person String; Rothschild, 1937",B,,,,,,Raw NHMUK database extract supplied by NHM; identification and fields not independently verified. Age retained as reported by NHM.,Direct museum record,MAS-SRC-0010
MAS-SP-0098,,"Natural History Museum, London (NHMUK)",PV M 55765,,MAS-LOC-0003,"Quaternary. Mare aux Songes, Mauritius. Presented, Person String; Rothschild, 1937",B,,,,,,Raw NHMUK database extract supplied by NHM; identification and fields not independently verified. Age retained as reported by NHM.,Direct museum record,MAS-SRC-0010
MAS-SP-0099,,"Natural History Museum, London (NHMUK)",PV M 55761,,MAS-LOC-0003,"Quaternary. Mare aux Songes, Mauritius. Presented, Person String; Rothschild, 1937",B,,,,,,Raw NHMUK database extract supplied by NHM; identification and fields not independently verified. Age retained as reported by NHM.,Direct museum record,MAS-SRC-0010
MAS-SP-0100,,"Natural History Museum, London (NHMUK)",PV M 55769,,MAS-LOC-0003,"Quaternary. Mare aux Songes, Mauritius. Presented, Person String; Rothschild, 1937",B,,,,,,Raw NHMUK database extract supplied by NHM; identification and fields not independently verified. Age retained as reported by NHM.,Direct museum record,MAS-SRC-0010
MAS-SP-0101,,"Natural History Museum, London (NHMUK)",PV M 55785,,MAS-LOC-0003,"Quaternary. Mare aux Songes, Mauritius. Presented, Person String; Rothschild, 1937",B,,,,,,Raw NHMUK database extract supplied by NHM; identification and fields not independently verified. Age retained as reported by NHM.,Direct museum record,MAS-SRC-0010
MAS-SP-0102,,"Natural History Museum, London (NHMUK)",PV M 55781,,MAS-LOC-0003,"Quaternary. Mare aux Songes, Mauritius. Presented, Person String; Rothschild, 1937",B,,,,,,Raw NHMUK database extract supplied by NHM; identification and fields not independently verified. Age retained as reported by NHM.,Direct museum record,MAS-SRC-0010
MAS-SP-0103,,"Natural History Museum, London (NHMUK)",PV M 55789,,MAS-LOC-0003,"Quaternary. Mare aux Songes, Mauritius. Presented, Person String; Rothschild, 1937",B,,,,,,Raw NHMUK database extract supplied by NHM; identification and fields not independently verified. Age retained as reported by NHM.,Direct museum record,MAS-SRC-0010
MAS-SP-0104,,"Natural History Museum, London (NHMUK)",PV M 55783,,MAS-LOC-0003,"Quaternary. Mare aux Songes, Mauritius. Presented, Person String; Rothschild, 1937",B,,,,,,Raw NHMUK database extract supplied by NHM; identification and fields not independently verified. Age retained as reported by NHM.,Direct museum record,MAS-SRC-0010
MAS-SP-0105,,"Natural History Museum, London (NHMUK)",PV M 55787,,MAS-LOC-0003,"Quaternary. Mare aux Songes, Mauritius. Presented, Person String; Rothschild, 1937",B,,,,,,Raw NHMUK database extract supplied by NHM; identification and fields not independently verified. Age retained as reported by NHM.,Direct museum record,MAS-SRC-0010
MAS-SP-0106,,"Natural History Museum, London (NHMUK)",PV M 55786,,MAS-LOC-0003,"Quaternary. Mare aux Songes, Mauritius. Presented, Person String; Rothschild, 1937",B,,,,,,Raw NHMUK database extract supplied by NHM; identification and fields not independently verified. Age retained as reported by NHM.,Direct museum record,MAS-SRC-0010
MAS-SP-0107,,"Natural History Museum, London (NHMUK)",PV M 55782,,MAS-LOC-0003,"Quaternary. Mare aux Songes, Mauritius. Presented, Person String; Rothschild, 1937",B,,,,,,Raw NHMUK database extract supplied by NHM; identification and fields not independently verified. Age retained as reported by NHM.,Direct museum record,MAS-SRC-0010
MAS-SP-0108,,"Natural History Museum, London (NHMUK)",PV M 55784,,MAS-LOC-0003,"Quaternary. Mare aux Songes, Mauritius. Presented, Person String; Rothschild, 1937",B,,,,,,Raw NHMUK database extract supplied by NHM; identification and fields not independently verified. Age retained as reported by NHM.,Direct museum record,MAS-SRC-0010
MAS-SP-0109,,"Natural History Museum, London (NHMUK)",PV M 55780,,MAS-LOC-0003,"Quaternary. Mare aux Songes, Mauritius. Presented, Person String; Rothschild, 1937",B,,,,,,Raw NHMUK database extract supplied by NHM; identification and fields not independently verified. Age retained as reported by NHM.,Direct museum record,MAS-SRC-0010
MAS-SP-0110,,"Natural History Museum, London (NHMUK)",PV M 55788,,MAS-LOC-0003,"Quaternary. Mare aux Songes, Mauritius. Presented, Person String; Rothschild, 1937",B,,,,,,Raw NHMUK database extract supplied by NHM; identification and fields not independently verified. Age retained as reported by NHM.,Direct museum record,MAS-SRC-0010
MAS-SP-0111,,"Natural History Museum, London (NHMUK)",PV M 55810,,MAS-LOC-0003,"Quaternary. Mare aux Songes, Mauritius. Presented, Person String; Rothschild, 1937",B,,,,,,Raw NHMUK database extract supplied by NHM; identification and fields not independently verified. Age retained as reported by NHM.,Direct museum record,MAS-SRC-0010
MAS-SP-0112,,"Natural History Museum, London (NHMUK)",PV M 55818,,MAS-LOC-0003,"Quaternary. Mare aux Songes, Mauritius. Presented, Person String; Rothschild, 1937",B,,,,,,Raw NHMUK database extract supplied by NHM; identification and fields not independently verified. Age retained as reported by NHM.,Direct museum record,MAS-SRC-0010
MAS-SP-0113,,"Natural History Museum, London (NHMUK)",PV M 55814,,MAS-LOC-0003,"Quaternary. Mare aux Songes, Mauritius. Presented, Person String; Rothschild, 1937",B,,,,,,Raw NHMUK database extract supplied by NHM; identification and fields not independently verified. Age retained as reported by NHM.,Direct museum record,MAS-SRC-0010
MAS-SP-0114,,"Natural History Museum, London (NHMUK)",PV M 55816,,MAS-LOC-0003,"Quaternary. Mare aux Songes, Mauritius. Presented, Person String; Rothschild, 1937",B,,,,,,Raw NHMUK database extract supplied by NHM; identification and fields not independently verified. Age retained as reported by NHM.,Direct museum record,MAS-SRC-0010
MAS-SP-0115,,"Natural History Museum, London (NHMUK)",PV M 55812,,MAS-LOC-0003,"Quaternary. Mare aux Songes, Mauritius. Presented, Person String; Rothschild, 1937",B,,,,,,Raw NHMUK database extract supplied by NHM; identification and fields not independently verified. Age retained as reported by NHM.,Direct museum record,MAS-SRC-0010
MAS-SP-0116,,"Natural History Museum, London (NHMUK)",PV M 55815,,MAS-LOC-0003,"Quaternary. Mare aux Songes, Mauritius. Presented, Person String; Rothschild, 1937",B,,,,,,Raw NHMUK database extract supplied by NHM; identification and fields not independently verified. Age retained as reported by NHM.,Direct museum record,MAS-SRC-0010
MAS-SP-0117,,"Natural History Museum, London (NHMUK)",PV M 55819,,MAS-LOC-0003,"Quaternary. Mare aux Songes, Mauritius. Presented, Person String; Rothschild, 1937",B,,,,,,Raw NHMUK database extract supplied by NHM; identification and fields not independently verified. Age retained as reported by NHM.,Direct museum record,MAS-SRC-0010
MAS-SP-0118,,"Natural History Museum, London (NHMUK)",PV M 55811,,MAS-LOC-0003,"Quaternary. Mare aux Songes, Mauritius. Presented, Person String; Rothschild, 1937",B,,,,,,Raw NHMUK database extract supplied by NHM; identification and fields not independently verified. Age retained as reported by NHM.,Direct museum record,MAS-SRC-0010
MAS-SP-0119,,"Natural History Museum, London (NHMUK)",PV M 55813,,MAS-LOC-0003,"Quaternary. Mare aux Songes, Mauritius. Presented, Person String; Rothschild, 1937",B,,,,,,Raw NHMUK database extract supplied by NHM; identification and fields not independently verified. Age retained as reported by NHM.,Direct museum record,MAS-SRC-0010
MAS-SP-0120,,"Natural History Museum, London (NHMUK)",PV M 55817,,MAS-LOC-0003,"Quaternary. Mare aux Songes, Mauritius. Presented, Person String; Rothschild, 1937",B,,,,,,Raw NHMUK database extract supplied by NHM; identification and fields not independently verified. Age retained as reported by NHM.,Direct museum record,MAS-SRC-0010
MAS-SP-0121,,"Natural History Museum, London (NHMUK)",PV M 55746,,MAS-LOC-0003,"Quaternary. Mare aux Songes, Mauritius. Presented, Person String; Rothschild, 1937",B,,,,,,Raw NHMUK database extract supplied by NHM; identification and fields not independently verified. Age retained as reported by NHM.,Direct museum record,MAS-SRC-0010
MAS-SP-0122,,"Natural History Museum, London (NHMUK)",PV M 55742,,MAS-LOC-0003,"Quaternary. Mare aux Songes, Mauritius. Presented, Person String; Rothschild, 1937",B,,,,,,Raw NHMUK database extract supplied by NHM; identification and fields not independently verified. Age retained as reported by NHM.,Direct museum record,MAS-SRC-0010
MAS-SP-0123,,"Natural History Museum, London (NHMUK)",PV M 55744,,MAS-LOC-0003,"Quaternary. Mare aux Songes, Mauritius. Presented, Person String; Rothschild, 1937",B,,,,,,Raw NHMUK database extract supplied by NHM; identification and fields not independently verified. Age retained as reported by NHM.,Direct museum record,MAS-SRC-0010
MAS-SP-0124,,"Natural History Museum, London (NHMUK)",PV M 55748,,MAS-LOC-0003,"Quaternary. Mare aux Songes, Mauritius. Presented, Person String; Rothschild, 1937",B,,,,,,Raw NHMUK database extract supplied by NHM; identification and fields not independently verified. Age retained as reported by NHM.,Direct museum record,MAS-SRC-0010
MAS-SP-0125,,"Natural History Museum, London (NHMUK)",PV M 55740,,MAS-LOC-0003,"Quaternary. Mare aux Songes, Mauritius. Presented, Person String; Rothschild, 1937",B,,,,,,Raw NHMUK database extract supplied by NHM; identification and fields not independently verified. Age retained as reported by NHM.,Direct museum record,MAS-SRC-0010
MAS-SP-0126,,"Natural History Museum, London (NHMUK)",PV M 55743,,MAS-LOC-0003,"Quaternary. Mare aux Songes, Mauritius. Presented, Person String; Rothschild, 1937",B,,,,,,Raw NHMUK database extract supplied by NHM; identification and fields not independently verified. Age retained as reported by NHM.,Direct museum record,MAS-SRC-0010
MAS-SP-0127,,"Natural History Museum, London (NHMUK)",PV M 55747,,MAS-LOC-0003,"Quaternary. Mare aux Songes, Mauritius. Presented, Person String; Rothschild, 1937",B,,,,,,Raw NHMUK database extract supplied by NHM; identification and fields not independently verified. Age retained as reported by NHM.,Direct museum record,MAS-SRC-0010
MAS-SP-0128,,"Natural History Museum, London (NHMUK)",PV M 55749,,MAS-LOC-0003,"Quaternary. Mare aux Songes, Mauritius. Presented, Person String; Rothschild, 1937",B,,,,,,Raw NHMUK database extract supplied by NHM; identification and fields not independently verified. Age retained as reported by NHM.,Direct museum record,MAS-SRC-0010
MAS-SP-0129,,"Natural History Museum, London (NHMUK)",PV M 55741,,MAS-LOC-0003,"Quaternary. Mare aux Songes, Mauritius. Presented, Person String; Rothschild, 1937",B,,,,,,Raw NHMUK database extract supplied by NHM; identification and fields not independently verified. Age retained as reported by NHM.,Direct museum record,MAS-SRC-0010
MAS-SP-0130,,"Natural History Museum, London (NHMUK)",PV M 55745,,MAS-LOC-0003,"Quaternary. Mare aux Songes, Mauritius. Presented, Person String; Rothschild, 1937",B,,,,,,Raw NHMUK database extract supplied by NHM; identification and fields not independently verified. Age retained as reported by NHM.,Direct museum record,MAS-SRC-0010
MAS-SP-0131,,"Natural History Museum, London (NHMUK)",PV M 55774,,MAS-LOC-0003,"Quaternary. Mare aux Songes, Mauritius. Presented, Person String; Rothschild, 1937",B,,,,,,Raw NHMUK database extract supplied by NHM; identification and fields not independently verified. Age retained as reported by NHM.,Direct museum record,MAS-SRC-0010
MAS-SP-0132,,"Natural History Museum, London (NHMUK)",PV M 55770,,MAS-LOC-0003,"Quaternary. Mare aux Songes, Mauritius. Presented, Person String; Rothschild, 1937",B,,,,,,Raw NHMUK database extract supplied by NHM; identification and fields not independently verified. Age retained as reported by NHM.,Direct museum record,MAS-SRC-0010
MAS-SP-0133,,"Natural History Museum, London (NHMUK)",PV M 55778,,MAS-LOC-0003,"Quaternary. Mare aux Songes, Mauritius. Presented, Person String; Rothschild, 1937",B,,,,,,Raw NHMUK database extract supplied by NHM; identification and fields not independently verified. Age retained as reported by NHM.,Direct museum record,MAS-SRC-0010
MAS-SP-0134,,"Natural History Museum, London (NHMUK)",PV M 55772,,MAS-LOC-0003,"Quaternary. Mare aux Songes, Mauritius. Presented, Person String; Rothschild, 1937",B,,,,,,Raw NHMUK database extract supplied by NHM; identification and fields not independently verified. Age retained as reported by NHM.,Direct museum record,MAS-SRC-0010
MAS-SP-0135,,"Natural History Museum, London (NHMUK)",PV M 55776,,MAS-LOC-0003,"Quaternary. Mare aux Songes, Mauritius. Presented, Person String; Rothschild, 1937",B,,,,,,Raw NHMUK database extract supplied by NHM; identification and fields not independently verified. Age retained as reported by NHM.,Direct museum record,MAS-SRC-0010
MAS-SP-0136,,"Natural History Museum, London (NHMUK)",PV M 55771,,MAS-LOC-0003,"Quaternary. Mare aux Songes, Mauritius. Presented, Person String; Rothschild, 1937",B,,,,,,Raw NHMUK database extract supplied by NHM; identification and fields not independently verified. Age retained as reported by NHM.,Direct museum record,MAS-SRC-0010
MAS-SP-0137,,"Natural History Museum, London (NHMUK)",PV M 55779,,MAS-LOC-0003,"Quaternary. Mare aux Songes, Mauritius. Presented, Person String; Rothschild, 1937",B,,,,,,Raw NHMUK database extract supplied by NHM; identification and fields not independently verified. Age retained as reported by NHM.,Direct museum record,MAS-SRC-0010
MAS-SP-0138,,"Natural History Museum, London (NHMUK)",PV M 55775,,MAS-LOC-0003,"Quaternary. Mare aux Songes, Mauritius. Presented, Person String; Rothschild, 1937",B,,,,,,Raw NHMUK database extract supplied by NHM; identification and fields not independently verified. Age retained as reported by NHM.,Direct museum record,MAS-SRC-0010
MAS-SP-0139,,"Natural History Museum, London (NHMUK)",PV M 55777,,MAS-LOC-0003,"Quaternary. Mare aux Songes, Mauritius. Presented, Person String; Rothschild, 1937",B,,,,,,Raw NHMUK database extract supplied by NHM; identification and fields not independently verified. Age retained as reported by NHM.,Direct museum record,MAS-SRC-0010
MAS-SP-0140,,"Natural History Museum, London (NHMUK)",PV M 55773,,MAS-LOC-0003,"Quaternary. Mare aux Songes, Mauritius. Presented, Person String; Rothschild, 1937",B,,,,,,Raw NHMUK database extract supplied by NHM; identification and fields not independently verified. Age retained as reported by NHM.,Direct museum record,MAS-SRC-0010
MAS-SP-0141,,"Natural History Museum, London (NHMUK)",PV M 55806,,MAS-LOC-0003,"Quaternary. Mare aux Songes, Mauritius. Presented, Person String; Rothschild, 1937",B,,,,,,Raw NHMUK database extract supplied by NHM; identification and fields not independently verified. Age retained as reported by NHM.,Direct museum record,MAS-SRC-0010
MAS-SP-0142,,"Natural History Museum, London (NHMUK)",PV M 55802,,MAS-LOC-0003,"Quaternary. Mare aux Songes, Mauritius. Presented, Person String; Rothschild, 1937",B,,,,,,Raw NHMUK database extract supplied by NHM; identification and fields not independently verified. Age retained as reported by NHM.,Direct museum record,MAS-SRC-0010
MAS-SP-0143,,"Natural History Museum, London (NHMUK)",PV M 55804,,MAS-LOC-0003,"Quaternary. Mare aux Songes, Mauritius. Presented, Person String; Rothschild, 1937",B,,,,,,Raw NHMUK database extract supplied by NHM; identification and fields not independently verified. Age retained as reported by NHM.,Direct museum record,MAS-SRC-0010
MAS-SP-0144,,"Natural History Museum, London (NHMUK)",PV M 55800,,MAS-LOC-0003,"Quaternary. Mare aux Songes, Mauritius. Presented, Person String; Rothschild, 1937",B,,,,,,Raw NHMUK database extract supplied by NHM; identification and fields not independently verified. Age retained as reported by NHM.,Direct museum record,MAS-SRC-0010
MAS-SP-0145,,"Natural History Museum, London (NHMUK)",PV M 55808,,MAS-LOC-0003,"Quaternary. Mare aux Songes, Mauritius. Presented, Person String; Rothschild, 1937",B,,,,,,Raw NHMUK database extract supplied by NHM; identification and fields not independently verified. Age retained as reported by NHM.,Direct museum record,MAS-SRC-0010
MAS-SP-0146,,"Natural History Museum, London (NHMUK)",PV M 55803,,MAS-LOC-0003,"Quaternary. Mare aux Songes, Mauritius. Presented, Person String; Rothschild, 1937",B,,,,,,Raw NHMUK database extract supplied by NHM; identification and fields not independently verified. Age retained as reported by NHM.,Direct museum record,MAS-SRC-0010
MAS-SP-0147,,"Natural History Museum, London (NHMUK)",PV M 55807,,MAS-LOC-0003,"Quaternary. Mare aux Songes, Mauritius. Presented, Person String; Rothschild, 1937",B,,,,,,Raw NHMUK database extract supplied by NHM; identification and fields not independently verified. Age retained as reported by NHM.,Direct museum record,MAS-SRC-0010
MAS-SP-0148,,"Natural History Museum, London (NHMUK)",PV M 55801,,MAS-LOC-0003,"Quaternary. Mare aux Songes, Mauritius. Presented, Person String; Rothschild, 1937",B,,,,,,Raw NHMUK database extract supplied by NHM; identification and fields not independently verified. Age retained as reported by NHM.,Direct museum record,MAS-SRC-0010
MAS-SP-0149,,"Natural History Museum, London (NHMUK)",PV M 55809,,MAS-LOC-0003,"Quaternary. Mare aux Songes, Mauritius. Presented, Person String; Rothschild, 1937",B,,,,,,Raw NHMUK database extract supplied by NHM; identification and fields not independently verified. Age retained as reported by NHM.,Direct museum record,MAS-SRC-0010
MAS-SP-0150,,"Natural History Museum, London (NHMUK)",PV M 55805,,MAS-LOC-0003,"Quaternary. Mare aux Songes, Mauritius. Presented, Person String; Rothschild, 1937",B,,,,,,Raw NHMUK database extract supplied by NHM; identification and fields not independently verified. Age retained as reported by NHM.,Direct museum record,MAS-SRC-0010
MAS-SP-0151,,"Natural History Museum, London (NHMUK)",PV M 55734,,MAS-LOC-0003,"Quaternary. Mare aux Songes, Mauritius. Presented, Person String; Rothschild, 1937",B,,,,,,Raw NHMUK database extract supplied by NHM; identification and fields not independently verified. Age retained as reported by NHM.,Direct museum record,MAS-SRC-0010
MAS-SP-0152,,"Natural History Museum, London (NHMUK)",PV M 55738,,MAS-LOC-0003,"Quaternary. Mare aux Songes, Mauritius. Presented, Person String; Rothschild, 1937",B,,,,,,Raw NHMUK database extract supplied by NHM; identification and fields not independently verified. Age retained as reported by NHM.,Direct museum record,MAS-SRC-0010
MAS-SP-0153,,"Natural History Museum, London (NHMUK)",PV M 55730,,MAS-LOC-0003,"Quaternary. Mare aux Songes, Mauritius. Presented, Person String; Rothschild, 1937",B,,,,,,Raw NHMUK database extract supplied by NHM; identification and fields not independently verified. Age retained as reported by NHM.,Direct museum record,MAS-SRC-0010
MAS-SP-0154,,"Natural History Museum, London (NHMUK)",PV M 55732,,MAS-LOC-0003,"Quaternary. Mare aux Songes, Mauritius. Presented, Person String; Rothschild, 1937",B,,,,,,Raw NHMUK database extract supplied by NHM; identification and fields not independently verified. Age retained as reported by NHM.,Direct museum record,MAS-SRC-0010
MAS-SP-0155,,"Natural History Museum, London (NHMUK)",PV M 55736,,MAS-LOC-0003,"Quaternary. Mare aux Songes, Mauritius. Presented, Person String; Rothschild, 1937",B,,,,,,Raw NHMUK database extract supplied by NHM; identification and fields not independently verified. Age retained as reported by NHM.,Direct museum record,MAS-SRC-0010
MAS-SP-0156,,"Natural History Museum, London (NHMUK)",PV M 55739,,MAS-LOC-0003,"Quaternary. Mare aux Songes, Mauritius. Presented, Person String; Rothschild, 1937",B,,,,,,Raw NHMUK database extract supplied by NHM; identification and fields not independently verified. Age retained as reported by NHM.,Direct museum record,MAS-SRC-0010
MAS-SP-0157,,"Natural History Museum, London (NHMUK)",PV M 55731,,MAS-LOC-0003,"Quaternary. Mare aux Songes, Mauritius. Presented, Person String; Rothschild, 1937",B,,,,,,Raw NHMUK database extract supplied by NHM; identification and fields not independently verified. Age retained as reported by NHM.,Direct museum record,MAS-SRC-0010
MAS-SP-0158,,"Natural History Museum, London (NHMUK)",PV M 55735,,MAS-LOC-0003,"Quaternary. Mare aux Songes, Mauritius. Presented, Person String; Rothschild, 1937",B,,,,,,Raw NHMUK database extract supplied by NHM; identification and fields not independently verified. Age retained as reported by NHM.,Direct museum record,MAS-SRC-0010
MAS-SP-0159,,"Natural History Museum, London (NHMUK)",PV M 55737,,MAS-LOC-0003,"Quaternary. Mare aux Songes, Mauritius. Presented, Person String; Rothschild, 1937",B,,,,,,Raw NHMUK database extract supplied by NHM; identification and fields not independently verified. Age retained as reported by NHM.,Direct museum record,MAS-SRC-0010
MAS-SP-0160,,"Natural History Museum, London (NHMUK)",PV M 55733,,MAS-LOC-0003,"Quaternary. Mare aux Songes, Mauritius. Presented, Person String; Rothschild, 1937",B,,,,,,Raw NHMUK database extract supplied by NHM; identification and fields not independently verified. Age retained as reported by NHM.,Direct museum record,MAS-SRC-0010
MAS-SP-0161,,"Natural History Museum, London (NHMUK)",PV M 55820,,MAS-LOC-0003,"Quaternary. Mare aux Songes, Mauritius. Presented, Person String; Rothschild, 1937",B,,,,,,Raw NHMUK database extract supplied by NHM; identification and fields not independently verified. Age retained as reported by NHM.,Direct museum record,MAS-SRC-0010
MAS-SP-0162,,"Natural History Museum, London (NHMUK)",PV M 55758,,MAS-LOC-0003,"Quaternary. Mare aux Songes, Mauritius. Presented, Person String; Rothschild, 1937",B,,,,,,Raw NHMUK database extract supplied by NHM; identification and fields not independently verified. Age retained as reported by NHM.,Direct museum record,MAS-SRC-0010
MAS-SP-0163,,"Natural History Museum, London (NHMUK)",PV M 55750,,MAS-LOC-0003,"Quaternary. Mare aux Songes, Mauritius. Presented, Person String; Rothschild, 1937",B,,,,,,Raw NHMUK database extract supplied by NHM; identification and fields not independently verified. Age retained as reported by NHM.,Direct museum record,MAS-SRC-0010
MAS-SP-0164,,"Natural History Museum, London (NHMUK)",PV M 55754,,MAS-LOC-0003,"Quaternary. Mare aux Songes, Mauritius. Presented, Person String; Rothschild, 1937",B,,,,,,Raw NHMUK database extract supplied by NHM; identification and fields not independently verified. Age retained as reported by NHM.,Direct museum record,MAS-SRC-0010
MAS-SP-0165,,"Natural History Museum, London (NHMUK)",PV M 55756,,MAS-LOC-0003,"Quaternary. Mare aux Songes, Mauritius. Presented, Person String; Rothschild, 1937",B,,,,,,Raw NHMUK database extract supplied by NHM; identification and fields not independently verified. Age retained as reported by NHM.,Direct museum record,MAS-SRC-0010
MAS-SP-0166,,"Natural History Museum, London (NHMUK)",PV M 55752,,MAS-LOC-0003,"Quaternary. Mare aux Songes, Mauritius. Presented, Person String; Rothschild, 1937",B,,,,,,Raw NHMUK database extract supplied by NHM; identification and fields not independently verified. Age retained as reported by NHM.,Direct museum record,MAS-SRC-0010
MAS-SP-0167,,"Natural History Museum, London (NHMUK)",PV M 55755,,MAS-LOC-0003,"Quaternary. Mare aux Songes, Mauritius. Presented, Person String; Rothschild, 1937",B,,,,,,Raw NHMUK database extract supplied by NHM; identification and fields not independently verified. Age retained as reported by NHM.,Direct museum record,MAS-SRC-0010
MAS-SP-0168,,"Natural History Museum, London (NHMUK)",PV M 55751,,MAS-LOC-0003,"Quaternary. Mare aux Songes, Mauritius. Presented, Person String; Rothschild, 1937",B,,,,,,Raw NHMUK database extract supplied by NHM; identification and fields not independently verified. Age retained as reported by NHM.,Direct museum record,MAS-SRC-0010
MAS-SP-0169,,"Natural History Museum, London (NHMUK)",PV M 55759,,MAS-LOC-0003,"Quaternary. Mare aux Songes, Mauritius. Presented, Person String; Rothschild, 1937",B,,,,,,Raw NHMUK database extract supplied by NHM; identification and fields not independently verified. Age retained as reported by NHM.,Direct museum record,MAS-SRC-0010
MAS-SP-0170,,"Natural History Museum, London (NHMUK)",PV M 55753,,MAS-LOC-0003,"Quaternary. Mare aux Songes, Mauritius. Presented, Person String; Rothschild, 1937",B,,,,,,Raw NHMUK database extract supplied by NHM; identification and fields not independently verified. Age retained as reported by NHM.,Direct museum record,MAS-SRC-0010
MAS-SP-0171,,"Natural History Museum, London (NHMUK)",PV M 55757,,MAS-LOC-0003,"Quaternary. Mare aux Songes, Mauritius. Presented, Person String; Rothschild, 1937",B,,,,,,Raw NHMUK database extract supplied by NHM; identification and fields not independently verified. Age retained as reported by NHM.,Direct museum record,MAS-SRC-0010
MAS-SP-0172,,"Natural History Museum, London (NHMUK)",PV M 55797,,MAS-LOC-0003,"Quaternary. Mare aux Songes, Mauritius. Presented, Person String; Rothschild, 1937",B,,,,,,Raw NHMUK database extract supplied by NHM; identification and fields not independently verified. Age retained as reported by NHM.,Direct museum record,MAS-SRC-0010
MAS-SP-0173,,"Natural History Museum, London (NHMUK)",PV M 55793,,MAS-LOC-0003,"Quaternary. Mare aux Songes, Mauritius. Presented, Person String; Rothschild, 1937",B,,,,,,Raw NHMUK database extract supplied by NHM; identification and fields not independently verified. Age retained as reported by NHM.,Direct museum record,MAS-SRC-0010
MAS-SP-0174,,"Natural History Museum, London (NHMUK)",PV M 55795,,MAS-LOC-0003,"Quaternary. Mare aux Songes, Mauritius. Presented, Person String; Rothschild, 1937",B,,,,,,Raw NHMUK database extract supplied by NHM; identification and fields not independently verified. Age retained as reported by NHM.,Direct museum record,MAS-SRC-0010
MAS-SP-0175,,"Natural History Museum, London (NHMUK)",PV M 55799,,MAS-LOC-0003,"Quaternary. Mare aux Songes, Mauritius. Presented, Person String; Rothschild, 1937",B,,,,,,Raw NHMUK database extract supplied by NHM; identification and fields not independently verified. Age retained as reported by NHM.,Direct museum record,MAS-SRC-0010
MAS-SP-0176,,"Natural History Museum, London (NHMUK)",PV M 55791,,MAS-LOC-0003,"Quaternary. Mare aux Songes, Mauritius. Presented, Person String; Rothschild, 1937",B,,,,,,Raw NHMUK database extract supplied by NHM; identification and fields not independently verified. Age retained as reported by NHM.,Direct museum record,MAS-SRC-0010
MAS-SP-0177,,"Natural History Museum, London (NHMUK)",PV M 55790,,MAS-LOC-0003,"Quaternary. Mare aux Songes, Mauritius. Presented, Person String; Rothschild, 1937",B,,,,,,Raw NHMUK database extract supplied by NHM; identification and fields not independently verified. Age retained as reported by NHM.,Direct museum record,MAS-SRC-0010
MAS-SP-0178,,"Natural History Museum, London (NHMUK)",PV M 55798,,MAS-LOC-0003,"Quaternary. Mare aux Songes, Mauritius. Presented, Person String; Rothschild, 1937",B,,,,,,Raw NHMUK database extract supplied by NHM; identification and fields not independently verified. Age retained as reported by NHM.,Direct museum record,MAS-SRC-0010
MAS-SP-0179,,"Natural History Museum, London (NHMUK)",PV M 55794,,MAS-LOC-0003,"Quaternary. Mare aux Songes, Mauritius. Presented, Person String; Rothschild, 1937",B,,,,,,Raw NHMUK database extract supplied by NHM; identification and fields not independently verified. Age retained as reported by NHM.,Direct museum record,MAS-SRC-0010
MAS-SP-0180,,"Natural History Museum, London (NHMUK)",PV M 55796,,MAS-LOC-0003,"Quaternary. Mare aux Songes, Mauritius. Presented, Person String; Rothschild, 1937",B,,,,,,Raw NHMUK database extract supplied by NHM; identification and fields not independently verified. Age retained as reported by NHM.,Direct museum record,MAS-SRC-0010
MAS-SP-0181,,"Natural History Museum, London (NHMUK)",PV M 55792,,MAS-LOC-0003,"Quaternary. Mare aux Songes, Mauritius. Presented, Person String; Rothschild, 1937",B,,,,,,Raw NHMUK database extract supplied by NHM; identification and fields not independently verified. Age retained as reported by NHM.,Direct museum record,MAS-SRC-0010
MAS-SP-0182,MAS-TAX-0018,"Natural History Museum, London (NHMUK)",PV OR 39927,,MAS-LOC-0003,"Testudo Linnaeus, 1758. NON-TYPE. Quaternary, Pleistocene. Mare-aux-Songes, Mare-aux-Songes, Mauritius. Presented, Person String; Colonel A. E. H. Anson, /08/1866",B,,,,,,Raw NHMUK database extract supplied by NHM; identification and fields not independently verified. NHM record flags: NON-TYPE. Age retained as reported by NHM.,Direct museum record,MAS-SRC-0010
MAS-SP-0183,MAS-TAX-0018,"Natural History Museum, London (NHMUK)",PV OR 39928,,MAS-LOC-0003,"Testudo Linnaeus, 1758. NON-TYPE. Quaternary, Pleistocene. Mare-aux-Songes, Mare-aux-Songes, Mauritius. Presented, Person String; Colonel A. E. H. Anson, /08/1866",B,,,,,,Raw NHMUK database extract supplied by NHM; identification and fields not independently verified. NHM record flags: NON-TYPE. Age retained as reported by NHM.,Direct museum record,MAS-SRC-0010
MAS-SP-0184,MAS-TAX-0019,"Natural History Museum, London (NHMUK)",PV R 4691,,MAS-LOC-0007,"Leiolopisma mauritianus (Günther, 1877). NON-TYPE. Quaternary, Pleistocene. Caves, La Pouce Mountain, Mauritius. Exchange, University Museum of Zoology, Cambridge, 1919",B,,,,,,Raw NHMUK database extract supplied by NHM; identification and fields not independently verified. NHM record flags: NON-TYPE. Age retained as reported by NHM.,Direct museum record,MAS-SRC-0010
MAS-SP-0185,MAS-TAX-0019,"Natural History Museum, London (NHMUK)",PV R 4692,,MAS-LOC-0007,"Leiolopisma mauritianus (Günther, 1877). NON-TYPE. Quaternary, Pleistocene. Caves, La Pouce Mountain, Mauritius. Exchange, University Museum of Zoology, Cambridge, 1919",B,,,,,,Raw NHMUK database extract supplied by NHM; identification and fields not independently verified. NHM record flags: NON-TYPE. Age retained as reported by NHM.,Direct museum record,MAS-SRC-0010
MAS-SP-0186,,"Natural History Museum, London (NHMUK)",PV R 8572,,MAS-LOC-0007,"Quaternary, Pleistocene. Caves, La Pouce Mountain, Mauritius. Exchange, University Museum of Zoology, Cambridge, 1919",B,,,,,,Raw NHMUK database extract supplied by NHM; identification and fields not independently verified. Age retained as reported by NHM.,Direct museum record,MAS-SRC-0010
MAS-SP-0187,MAS-TAX-0021,"Natural History Museum, London (NHMUK)",PV R 9307,,MAS-LOC-0007,"Phelsuma guentheri Boulenger, 1885. NON-TYPE. Quaternary, Pleistocene. Caves, La Pouce Mountain, Mauritius. Exchange, University Museum of Zoology, Cambridge, 1919",B,,,,,,Raw NHMUK database extract supplied by NHM; identification and fields not independently verified. NHM record flags: NON-TYPE. Age retained as reported by NHM.,Direct museum record,MAS-SRC-0010
MAS-SP-0188,MAS-TAX-0021,"Natural History Museum, London (NHMUK)",PV R 9308,,MAS-LOC-0007,"Phelsuma guentheri Boulenger, 1885. NON-TYPE. Quaternary, Pleistocene. Caves, La Pouce Mountain, Mauritius. Exchange, University Museum of Zoology, Cambridge, 1919",B,,,,,,Raw NHMUK database extract supplied by NHM; identification and fields not independently verified. NHM record flags: NON-TYPE. Age retained as reported by NHM.,Direct museum record,MAS-SRC-0010
MAS-SP-0189,MAS-TAX-0021,"Natural History Museum, London (NHMUK)",PV R 9309,,MAS-LOC-0007,"Phelsuma guentheri Boulenger, 1885. NON-TYPE. Quaternary, Pleistocene. Caves, La Pouce Mountain, Mauritius. Exchange, University Museum of Zoology, Cambridge, 1919",B,,,,,,Raw NHMUK database extract supplied by NHM; identification and fields not independently verified. NHM record flags: NON-TYPE. Age retained as reported by NHM.,Direct museum record,MAS-SRC-0010
MAS-SP-0190,MAS-TAX-0021,"Natural History Museum, London (NHMUK)",PV R 9310,,MAS-LOC-0007,"Phelsuma guentheri Boulenger, 1885. NON-TYPE. Quaternary, Pleistocene. Caves, La Pouce Mountain, Mauritius. Exchange, University Museum of Zoology, Cambridge, 1919",B,,,,,,Raw NHMUK database extract supplied by NHM; identification and fields not independently verified. NHM record flags: NON-TYPE. Age retained as reported by NHM.,Direct museum record,MAS-SRC-0010
MAS-SP-0191,MAS-TAX-0019,"Natural History Museum, London (NHMUK)",PV R 9311,,MAS-LOC-0007,"Leiolopisma mauritianus (Günther, 1877). NON-TYPE. Quaternary, Pleistocene. Caves, La Pouce Mountain, Mauritius. Exchange, University Museum of Zoology, Cambridge, 1919",B,,,,,,Raw NHMUK database extract supplied by NHM; identification and fields not independently verified. NHM record flags: NON-TYPE. Age retained as reported by NHM.,Direct museum record,MAS-SRC-0010
MAS-SP-0192,MAS-TAX-0021,"Natural History Museum, London (NHMUK)",PV R 9313,,MAS-LOC-0007,"Phelsuma guentheri Boulenger, 1885. NON-TYPE. Quaternary, Pleistocene. Caves, La Pouce Mountain, Mauritius. Exchange, University Museum of Zoology, Cambridge, 1919",B,,,,,,Raw NHMUK database extract supplied by NHM; identification and fields not independently verified. NHM record flags: NON-TYPE. Age retained as reported by NHM.,Direct museum record,MAS-SRC-0010
MAS-SP-0193,MAS-TAX-0021,"Natural History Museum, London (NHMUK)",PV R 9427,,MAS-LOC-0007,"Phelsuma guentheri Boulenger, 1885. NON-TYPE. Quaternary, Pleistocene. Caves, La Pouce Mountain, Mauritius. Exchange, University Museum of Zoology, Cambridge, 1919",B,,,,,,Raw NHMUK database extract supplied by NHM; identification and fields not independently verified. NHM record flags: NON-TYPE. Age retained as reported by NHM.,Direct museum record,MAS-SRC-0010
MAS-SP-0194,MAS-TAX-0019,"Natural History Museum, London (NHMUK)",PV R 9457,,MAS-LOC-0007,"Leiolopisma mauritianus (Günther, 1877). NON-TYPE. Quaternary, Pleistocene. Caves, La Pouce Mountain, Mauritius. Exchange, University Museum of Zoology, Cambridge, 1919",B,,,,,,Raw NHMUK database extract supplied by NHM; identification and fields not independently verified. NHM record flags: NON-TYPE. Age retained as reported by NHM.,Direct museum record,MAS-SRC-0010
MAS-SP-0195,MAS-TAX-0022,"Natural History Museum, London (NHMUK)",PV R 9433,,MAS-LOC-0007,"Casarea dussumieri (Schlegel, 1837). NON-TYPE. Quaternary, Pleistocene. Caves, La Pouce Mountain, Mauritius. Exchange, University Museum of Zoology, Cambridge, 1919",B,,,,,,Raw NHMUK database extract supplied by NHM; identification and fields not independently verified. NHM record flags: NON-TYPE. Age retained as reported by NHM.,Direct museum record,MAS-SRC-0010
MAS-SP-0196,MAS-TAX-0022,"Natural History Museum, London (NHMUK)",PV R 9438,,MAS-LOC-0007,"Casarea dussumieri (Schlegel, 1837). NON-TYPE. Quaternary, Pleistocene. Caves, La Pouce Mountain, Mauritius. Exchange, University Museum of Zoology, Cambridge, 1919",B,,,,,,Raw NHMUK database extract supplied by NHM; identification and fields not independently verified. NHM record flags: NON-TYPE. Age retained as reported by NHM.,Direct museum record,MAS-SRC-0010
MAS-SP-0197,MAS-TAX-0022,"Natural History Museum, London (NHMUK)",PV R 9434,,MAS-LOC-0007,"Casarea dussumieri (Schlegel, 1837). NON-TYPE. Quaternary, Pleistocene. Caves, La Pouce Mountain, Mauritius. Exchange, University Museum of Zoology, Cambridge, 1919",B,,,,,,Raw NHMUK database extract supplied by NHM; identification and fields not independently verified. NHM record flags: NON-TYPE. Age retained as reported by NHM.,Direct museum record,MAS-SRC-0010
MAS-SP-0198,MAS-TAX-0022,"Natural History Museum, London (NHMUK)",PV R 4691 a,,MAS-LOC-0007,"Casarea dussumieri (Schlegel, 1837). NON-TYPE. Quaternary, Pleistocene. Caves, La Pouce Mountain, Mauritius. Exchange, University Museum of Zoology, Cambridge, 1919",B,,,,,,Raw NHMUK database extract supplied by NHM; identification and fields not independently verified. NHM record flags: NON-TYPE. Age retained as reported by NHM.,Direct museum record,MAS-SRC-0010
MAS-SP-0199,,"Natural History Museum, London (NHMUK)",PV R 9396,,MAS-LOC-0007,"Quaternary, Pleistocene. Caves, La Pouce Mountain, Mauritius. Exchange, University Museum of Zoology, Cambridge, 1919",B,,,,,,Raw NHMUK database extract supplied by NHM; identification and fields not independently verified. Age retained as reported by NHM.,Direct museum record,MAS-SRC-0010
MAS-SP-0200,,"Natural History Museum, London (NHMUK)",PV R 9397,,MAS-LOC-0007,"Quaternary, Pleistocene. Caves, La Pouce Mountain, Mauritius. Exchange, University Museum of Zoology, Cambridge, 1919",B,,,,,,Raw NHMUK database extract supplied by NHM; identification and fields not independently verified. Age retained as reported by NHM.,Direct museum record,MAS-SRC-0010
MAS-SP-0201,,"Natural History Museum, London (NHMUK)",PV R 9398,,MAS-LOC-0007,"Quaternary, Pleistocene. Caves, La Pouce Mountain, Mauritius. Exchange, University Museum of Zoology, Cambridge, 1919",B,,,,,,Raw NHMUK database extract supplied by NHM; identification and fields not independently verified. Age retained as reported by NHM.,Direct museum record,MAS-SRC-0010
MAS-SP-0202,,"Natural History Museum, London (NHMUK)",PV R 9399,,MAS-LOC-0007,"Quaternary, Pleistocene. Caves, La Pouce Mountain, Mauritius. Exchange, University Museum of Zoology, Cambridge, 1919",B,,,,,,Raw NHMUK database extract supplied by NHM; identification and fields not independently verified. Age retained as reported by NHM.,Direct museum record,MAS-SRC-0010
MAS-SP-0203,,"Natural History Museum, London (NHMUK)",PV R 9400,,MAS-LOC-0007,"Quaternary, Pleistocene. Caves, La Pouce Mountain, Mauritius. Exchange, University Museum of Zoology, Cambridge, 1919",B,,,,,,Raw NHMUK database extract supplied by NHM; identification and fields not independently verified. Age retained as reported by NHM.,Direct museum record,MAS-SRC-0010
MAS-SP-0204,,"Natural History Museum, London (NHMUK)",PV R 9401,,MAS-LOC-0007,"Quaternary, Pleistocene. Caves, La Pouce Mountain, Mauritius. Exchange, University Museum of Zoology, Cambridge, 1919",B,,,,,,Raw NHMUK database extract supplied by NHM; identification and fields not independently verified. Age retained as reported by NHM.,Direct museum record,MAS-SRC-0010
MAS-SP-0205,,"Natural History Museum, London (NHMUK)",PV R 9402,,MAS-LOC-0007,"Quaternary, Pleistocene. Caves, La Pouce Mountain, Mauritius. Exchange, University Museum of Zoology, Cambridge, 1919",B,,,,,,Raw NHMUK database extract supplied by NHM; identification and fields not independently verified. Age retained as reported by NHM.,Direct museum record,MAS-SRC-0010
MAS-SP-0206,,"Natural History Museum, London (NHMUK)",PV R 9403,,MAS-LOC-0007,"Quaternary, Pleistocene. Caves, La Pouce Mountain, Mauritius. Exchange, University Museum of Zoology, Cambridge, 1919",B,,,,,,Raw NHMUK database extract supplied by NHM; identification and fields not independently verified. Age retained as reported by NHM.,Direct museum record,MAS-SRC-0010
MAS-SP-0207,,"Natural History Museum, London (NHMUK)",PV R 9404,,MAS-LOC-0007,"Quaternary, Pleistocene. Caves, La Pouce Mountain, Mauritius. Exchange, University Museum of Zoology, Cambridge, 1919",B,,,,,,Raw NHMUK database extract supplied by NHM; identification and fields not independently verified. Age retained as reported by NHM.,Direct museum record,MAS-SRC-0010
MAS-SP-0208,,"Natural History Museum, London (NHMUK)",PV R 9405,,MAS-LOC-0007,"Quaternary, Pleistocene. Caves, La Pouce Mountain, Mauritius. Exchange, University Museum of Zoology, Cambridge, 1919",B,,,,,,Raw NHMUK database extract supplied by NHM; identification and fields not independently verified. Age retained as reported by NHM.,Direct museum record,MAS-SRC-0010
MAS-SP-0209,,"Natural History Museum, London (NHMUK)",PV R 9406,,MAS-LOC-0007,"Quaternary, Pleistocene. Caves, La Pouce Mountain, Mauritius. Exchange, University Museum of Zoology, Cambridge, 1919",B,,,,,,Raw NHMUK database extract supplied by NHM; identification and fields not independently verified. Age retained as reported by NHM.,Direct museum record,MAS-SRC-0010
MAS-SP-0210,,"Natural History Museum, London (NHMUK)",PV R 9407,,MAS-LOC-0007,"Quaternary, Pleistocene. Caves, La Pouce Mountain, Mauritius. Exchange, University Museum of Zoology, Cambridge, 1919",B,,,,,,Raw NHMUK database extract supplied by NHM; identification and fields not independently verified. Age retained as reported by NHM.,Direct museum record,MAS-SRC-0010
MAS-SP-0211,,"Natural History Museum, London (NHMUK)",PV R 9408,,MAS-LOC-0007,"Quaternary, Pleistocene. Caves, La Pouce Mountain, Mauritius. Exchange, University Museum of Zoology, Cambridge, 1919",B,,,,,,Raw NHMUK database extract supplied by NHM; identification and fields not independently verified. Age retained as reported by NHM.,Direct museum record,MAS-SRC-0010
MAS-SP-0212,,"Natural History Museum, London (NHMUK)",PV R 9409,,MAS-LOC-0007,"Quaternary, Pleistocene. Caves, La Pouce Mountain, Mauritius. Exchange, University Museum of Zoology, Cambridge, 1919",B,,,,,,Raw NHMUK database extract supplied by NHM; identification and fields not independently verified. Age retained as reported by NHM.,Direct museum record,MAS-SRC-0010
MAS-SP-0213,,"Natural History Museum, London (NHMUK)",PV R 9410,,MAS-LOC-0007,"Quaternary, Pleistocene. Caves, La Pouce Mountain, Mauritius. Exchange, University Museum of Zoology, Cambridge, 1919",B,,,,,,Raw NHMUK database extract supplied by NHM; identification and fields not independently verified. Age retained as reported by NHM.,Direct museum record,MAS-SRC-0010
MAS-SP-0214,,"Natural History Museum, London (NHMUK)",PV R 9411,,MAS-LOC-0007,"Quaternary, Pleistocene. Caves, La Pouce Mountain, Mauritius. Exchange, University Museum of Zoology, Cambridge, 1919",B,,,,,,Raw NHMUK database extract supplied by NHM; identification and fields not independently verified. Age retained as reported by NHM.,Direct museum record,MAS-SRC-0010
MAS-SP-0215,,"Natural History Museum, London (NHMUK)",PV R 9412,,MAS-LOC-0007,"Quaternary, Pleistocene. Caves, La Pouce Mountain, Mauritius. Exchange, University Museum of Zoology, Cambridge, 1919",B,,,,,,Raw NHMUK database extract supplied by NHM; identification and fields not independently verified. Age retained as reported by NHM.,Direct museum record,MAS-SRC-0010
MAS-SP-0216,,"Natural History Museum, London (NHMUK)",PV R 9413,,MAS-LOC-0007,"Quaternary, Pleistocene. Caves, La Pouce Mountain, Mauritius. Exchange, University Museum of Zoology, Cambridge, 1919",B,,,,,,Raw NHMUK database extract supplied by NHM; identification and fields not independently verified. Age retained as reported by NHM.,Direct museum record,MAS-SRC-0010
MAS-SP-0217,,"Natural History Museum, London (NHMUK)",PV R 9414,,MAS-LOC-0007,"Quaternary, Pleistocene. Caves, La Pouce Mountain, Mauritius. Exchange, University Museum of Zoology, Cambridge, 1919",B,,,,,,Raw NHMUK database extract supplied by NHM; identification and fields not independently verified. Age retained as reported by NHM.,Direct museum record,MAS-SRC-0010
MAS-SP-0218,,"Natural History Museum, London (NHMUK)",PV R 9415,,MAS-LOC-0007,"Quaternary, Pleistocene. Caves, La Pouce Mountain, Mauritius. Exchange, University Museum of Zoology, Cambridge, 1919",B,,,,,,Raw NHMUK database extract supplied by NHM; identification and fields not independently verified. Age retained as reported by NHM.,Direct museum record,MAS-SRC-0010
MAS-SP-0219,,"Natural History Museum, London (NHMUK)",PV R 9416,,MAS-LOC-0007,"Quaternary, Pleistocene. Caves, La Pouce Mountain, Mauritius. Exchange, University Museum of Zoology, Cambridge, 1919",B,,,,,,Raw NHMUK database extract supplied by NHM; identification and fields not independently verified. Age retained as reported by NHM.,Direct museum record,MAS-SRC-0010
MAS-SP-0220,,"Natural History Museum, London (NHMUK)",PV R 9417,,MAS-LOC-0007,"Quaternary, Pleistocene. Caves, La Pouce Mountain, Mauritius. Exchange, University Museum of Zoology, Cambridge, 1919",B,,,,,,Raw NHMUK database extract supplied by NHM; identification and fields not independently verified. Age retained as reported by NHM.,Direct museum record,MAS-SRC-0010
MAS-SP-0221,,"Natural History Museum, London (NHMUK)",PV R 9418,,MAS-LOC-0007,"Quaternary, Pleistocene. Caves, La Pouce Mountain, Mauritius. Exchange, University Museum of Zoology, Cambridge, 1919",B,,,,,,Raw NHMUK database extract supplied by NHM; identification and fields not independently verified. Age retained as reported by NHM.,Direct museum record,MAS-SRC-0010
MAS-SP-0222,,"Natural History Museum, London (NHMUK)",PV R 9419,,MAS-LOC-0007,"Quaternary, Pleistocene. Caves, La Pouce Mountain, Mauritius. Exchange, University Museum of Zoology, Cambridge, 1919",B,,,,,,Raw NHMUK database extract supplied by NHM; identification and fields not independently verified. Age retained as reported by NHM.,Direct museum record,MAS-SRC-0010
MAS-SP-0223,,"Natural History Museum, London (NHMUK)",PV R 9420,,MAS-LOC-0007,"Quaternary, Pleistocene. Caves, La Pouce Mountain, Mauritius. Exchange, University Museum of Zoology, Cambridge, 1919",B,,,,,,Raw NHMUK database extract supplied by NHM; identification and fields not independently verified. Age retained as reported by NHM.,Direct museum record,MAS-SRC-0010
MAS-SP-0224,,"Natural History Museum, London (NHMUK)",PV R 9421,,MAS-LOC-0007,"Quaternary, Pleistocene. Caves, La Pouce Mountain, Mauritius. Exchange, University Museum of Zoology, Cambridge, 1919",B,,,,,,Raw NHMUK database extract supplied by NHM; identification and fields not independently verified. Age retained as reported by NHM.,Direct museum record,MAS-SRC-0010
MAS-SP-0225,,"Natural History Museum, London (NHMUK)",PV R 9422,,MAS-LOC-0007,"Quaternary, Pleistocene. Caves, La Pouce Mountain, Mauritius. Exchange, University Museum of Zoology, Cambridge, 1919",B,,,,,,Raw NHMUK database extract supplied by NHM; identification and fields not independently verified. Age retained as reported by NHM.,Direct museum record,MAS-SRC-0010
MAS-SP-0226,,"Natural History Museum, London (NHMUK)",PV R 9423,,MAS-LOC-0007,"Quaternary, Pleistocene. Caves, La Pouce Mountain, Mauritius. Exchange, University Museum of Zoology, Cambridge, 1919",B,,,,,,Raw NHMUK database extract supplied by NHM; identification and fields not independently verified. Age retained as reported by NHM.,Direct museum record,MAS-SRC-0010
MAS-SP-0227,,"Natural History Museum, London (NHMUK)",PV R 9424,,MAS-LOC-0007,"Quaternary, Pleistocene. Caves, La Pouce Mountain, Mauritius. Exchange, University Museum of Zoology, Cambridge, 1919",B,,,,,,Raw NHMUK database extract supplied by NHM; identification and fields not independently verified. Age retained as reported by NHM.,Direct museum record,MAS-SRC-0010
MAS-SP-0228,,"Natural History Museum, London (NHMUK)",PV R 9425,,MAS-LOC-0007,"Quaternary, Pleistocene. Caves, La Pouce Mountain, Mauritius. Exchange, University Museum of Zoology, Cambridge, 1919",B,,,,,,Raw NHMUK database extract supplied by NHM; identification and fields not independently verified. Age retained as reported by NHM.,Direct museum record,MAS-SRC-0010
MAS-SP-0229,,"Natural History Museum, London (NHMUK)",PV R 9426,,MAS-LOC-0007,"Quaternary, Pleistocene. Caves, La Pouce Mountain, Mauritius. Exchange, University Museum of Zoology, Cambridge, 1919",B,,,,,,Raw NHMUK database extract supplied by NHM; identification and fields not independently verified. Age retained as reported by NHM.,Direct museum record,MAS-SRC-0010
MAS-SP-0230,,"Natural History Museum, London (NHMUK)",PV R 9428,,MAS-LOC-0007,"Quaternary, Pleistocene. Caves, La Pouce Mountain, Mauritius. Exchange, University Museum of Zoology, Cambridge, 1919",B,,,,,,Raw NHMUK database extract supplied by NHM; identification and fields not independently verified. Age retained as reported by NHM.,Direct museum record,MAS-SRC-0010
MAS-SP-0231,,"Natural History Museum, London (NHMUK)",PV R 9429,,MAS-LOC-0007,"Quaternary, Pleistocene. Caves, La Pouce Mountain, Mauritius. Exchange, University Museum of Zoology, Cambridge, 1919",B,,,,,,Raw NHMUK database extract supplied by NHM; identification and fields not independently verified. Age retained as reported by NHM.,Direct museum record,MAS-SRC-0010
MAS-SP-0232,,"Natural History Museum, London (NHMUK)",PV R 9430,,MAS-LOC-0007,"Quaternary, Pleistocene. Caves, La Pouce Mountain, Mauritius. Exchange, University Museum of Zoology, Cambridge, 1919",B,,,,,,Raw NHMUK database extract supplied by NHM; identification and fields not independently verified. Age retained as reported by NHM.,Direct museum record,MAS-SRC-0010
MAS-SP-0233,,"Natural History Museum, London (NHMUK)",PV R 9431,,MAS-LOC-0007,"Quaternary, Pleistocene. Caves, La Pouce Mountain, Mauritius. Exchange, University Museum of Zoology, Cambridge, 1919",B,,,,,,Raw NHMUK database extract supplied by NHM; identification and fields not independently verified. Age retained as reported by NHM.,Direct museum record,MAS-SRC-0010
MAS-SP-0234,MAS-TAX-0023,"Natural History Museum, London (NHMUK)",PV R 9432,,MAS-LOC-0007,"Nactus serpensinsula (Loveridge, 1951). NON-TYPE. Quaternary, Pleistocene. Caves, La Pouce Mountain, Mauritius. Exchange, University Museum of Zoology, Cambridge, 1919",B,,,,,,Raw NHMUK database extract supplied by NHM; identification and fields not independently verified. NHM record flags: NON-TYPE. Age retained as reported by NHM.,Direct museum record,MAS-SRC-0010
MAS-SP-0235,,"Natural History Museum, London (NHMUK)",PV R 9435,,MAS-LOC-0007,"Quaternary, Pleistocene. Caves, La Pouce Mountain, Mauritius. Exchange, University Museum of Zoology, Cambridge, 1919",B,,,,,,Raw NHMUK database extract supplied by NHM; identification and fields not independently verified. Age retained as reported by NHM.,Direct museum record,MAS-SRC-0010
MAS-SP-0236,,"Natural History Museum, London (NHMUK)",PV R 9436,,MAS-LOC-0007,"Quaternary, Pleistocene. Caves, La Pouce Mountain, Mauritius. Exchange, University Museum of Zoology, Cambridge, 1919",B,,,,,,Raw NHMUK database extract supplied by NHM; identification and fields not independently verified. Age retained as reported by NHM.,Direct museum record,MAS-SRC-0010
MAS-SP-0237,,"Natural History Museum, London (NHMUK)",PV R 9437,,MAS-LOC-0007,"Quaternary, Pleistocene. Caves, La Pouce Mountain, Mauritius. Exchange, University Museum of Zoology, Cambridge, 1919",B,,,,,,Raw NHMUK database extract supplied by NHM; identification and fields not independently verified. Age retained as reported by NHM.,Direct museum record,MAS-SRC-0010
MAS-SP-0238,,"Natural History Museum, London (NHMUK)",PV R 9439,,MAS-LOC-0007,"Quaternary, Pleistocene. Caves, La Pouce Mountain, Mauritius. Exchange, University Museum of Zoology, Cambridge, 1919",B,,,,,,Raw NHMUK database extract supplied by NHM; identification and fields not independently verified. Age retained as reported by NHM.,Direct museum record,MAS-SRC-0010
MAS-SP-0239,,"Natural History Museum, London (NHMUK)",PV R 9440,,MAS-LOC-0007,"Quaternary, Pleistocene. Caves, La Pouce Mountain, Mauritius. Exchange, University Museum of Zoology, Cambridge, 1919",B,,,,,,Raw NHMUK database extract supplied by NHM; identification and fields not independently verified. Age retained as reported by NHM.,Direct museum record,MAS-SRC-0010
MAS-SP-0240,,"Natural History Museum, London (NHMUK)",PV R 9441,,MAS-LOC-0007,"Quaternary, Pleistocene. Caves, La Pouce Mountain, Mauritius. Exchange, University Museum of Zoology, Cambridge, 1919",B,,,,,,Raw NHMUK database extract supplied by NHM; identification and fields not independently verified. Age retained as reported by NHM.,Direct museum record,MAS-SRC-0010
MAS-SP-0241,,"Natural History Museum, London (NHMUK)",PV R 9442,,MAS-LOC-0007,"Quaternary, Pleistocene. Caves, La Pouce Mountain, Mauritius. Exchange, University Museum of Zoology, Cambridge, 1919",B,,,,,,Raw NHMUK database extract supplied by NHM; identification and fields not independently verified. Age retained as reported by NHM.,Direct museum record,MAS-SRC-0010
MAS-SP-0242,,"Natural History Museum, London (NHMUK)",PV R 9443,,MAS-LOC-0007,"Quaternary, Pleistocene. Caves, La Pouce Mountain, Mauritius. Exchange, University Museum of Zoology, Cambridge, 1919",B,,,,,,Raw NHMUK database extract supplied by NHM; identification and fields not independently verified. Age retained as reported by NHM.,Direct museum record,MAS-SRC-0010
MAS-SP-0243,MAS-TAX-0019,"Natural History Museum, London (NHMUK)",PV R 9444,,MAS-LOC-0007,"Leiolopisma mauritianus (Günther, 1877). NON-TYPE. Quaternary, Pleistocene. Caves, La Pouce Mountain, Mauritius. Exchange, University Museum of Zoology, Cambridge, 1919",B,,,,,,Raw NHMUK database extract supplied by NHM; identification and fields not independently verified. NHM record flags: NON-TYPE. Age retained as reported by NHM.,Direct museum record,MAS-SRC-0010
MAS-SP-0244,MAS-TAX-0019,"Natural History Museum, London (NHMUK)",PV R 9445,,MAS-LOC-0007,"Leiolopisma mauritianus (Günther, 1877). NON-TYPE. Quaternary, Pleistocene. Caves, La Pouce Mountain, Mauritius. Exchange, University Museum of Zoology, Cambridge, 1919",B,,,,,,Raw NHMUK database extract supplied by NHM; identification and fields not independently verified. NHM record flags: NON-TYPE. Age retained as reported by NHM.,Direct museum record,MAS-SRC-0010
MAS-SP-0245,MAS-TAX-0019,"Natural History Museum, London (NHMUK)",PV R 9446,,MAS-LOC-0007,"Leiolopisma mauritianus (Günther, 1877). NON-TYPE. Quaternary, Pleistocene. Caves, La Pouce Mountain, Mauritius. Exchange, University Museum of Zoology, Cambridge, 1919",B,,,,,,Raw NHMUK database extract supplied by NHM; identification and fields not independently verified. NHM record flags: NON-TYPE. Age retained as reported by NHM.,Direct museum record,MAS-SRC-0010
MAS-SP-0246,MAS-TAX-0019,"Natural History Museum, London (NHMUK)",PV R 9447,,MAS-LOC-0007,"Leiolopisma mauritianus (Günther, 1877). NON-TYPE. Quaternary, Pleistocene. Caves, La Pouce Mountain, Mauritius. Exchange, University Museum of Zoology, Cambridge, 1919",B,,,,,,Raw NHMUK database extract supplied by NHM; identification and fields not independently verified. NHM record flags: NON-TYPE. Age retained as reported by NHM.,Direct museum record,MAS-SRC-0010
MAS-SP-0247,MAS-TAX-0019,"Natural History Museum, London (NHMUK)",PV R 9448,,MAS-LOC-0007,"Leiolopisma mauritianus (Günther, 1877). NON-TYPE. Quaternary, Pleistocene. Caves, La Pouce Mountain, Mauritius. Exchange, University Museum of Zoology, Cambridge, 1919",B,,,,,,Raw NHMUK database extract supplied by NHM; identification and fields not independently verified. NHM record flags: NON-TYPE. Age retained as reported by NHM.,Direct museum record,MAS-SRC-0010
MAS-SP-0248,MAS-TAX-0019,"Natural History Museum, London (NHMUK)",PV R 9449,,MAS-LOC-0007,"Leiolopisma mauritianus (Günther, 1877). NON-TYPE. Quaternary, Pleistocene. Caves, La Pouce Mountain, Mauritius. Exchange, University Museum of Zoology, Cambridge, 1919",B,,,,,,Raw NHMUK database extract supplied by NHM; identification and fields not independently verified. NHM record flags: NON-TYPE. Age retained as reported by NHM.,Direct museum record,MAS-SRC-0010
MAS-SP-0249,MAS-TAX-0019,"Natural History Museum, London (NHMUK)",PV R 9450,,MAS-LOC-0007,"Leiolopisma mauritianus (Günther, 1877). NON-TYPE. Quaternary, Pleistocene. Caves, La Pouce Mountain, Mauritius. Exchange, University Museum of Zoology, Cambridge, 1919",B,,,,,,Raw NHMUK database extract supplied by NHM; identification and fields not independently verified. NHM record flags: NON-TYPE. Age retained as reported by NHM.,Direct museum record,MAS-SRC-0010
MAS-SP-0250,MAS-TAX-0019,"Natural History Museum, London (NHMUK)",PV R 9451,,MAS-LOC-0007,"Leiolopisma mauritianus (Günther, 1877). NON-TYPE. Quaternary, Pleistocene. Caves, La Pouce Mountain, Mauritius. Exchange, University Museum of Zoology, Cambridge, 1919",B,,,,,,Raw NHMUK database extract supplied by NHM; identification and fields not independently verified. NHM record flags: NON-TYPE. Age retained as reported by NHM.,Direct museum record,MAS-SRC-0010
MAS-SP-0251,MAS-TAX-0019,"Natural History Museum, London (NHMUK)",PV R 9452,,MAS-LOC-0007,"Leiolopisma mauritianus (Günther, 1877). NON-TYPE. Quaternary, Pleistocene. Caves, La Pouce Mountain, Mauritius. Exchange, University Museum of Zoology, Cambridge, 1919",B,,,,,,Raw NHMUK database extract supplied by NHM; identification and fields not independently verified. NHM record flags: NON-TYPE. Age retained as reported by NHM.,Direct museum record,MAS-SRC-0010
MAS-SP-0252,MAS-TAX-0019,"Natural History Museum, London (NHMUK)",PV R 9453,,MAS-LOC-0007,"Leiolopisma mauritianus (Günther, 1877). NON-TYPE. Quaternary, Pleistocene. Caves, La Pouce Mountain, Mauritius. Exchange, University Museum of Zoology, Cambridge, 1919",B,,,,,,Raw NHMUK database extract supplied by NHM; identification and fields not independently verified. NHM record flags: NON-TYPE. Age retained as reported by NHM.,Direct museum record,MAS-SRC-0010
MAS-SP-0253,MAS-TAX-0019,"Natural History Museum, London (NHMUK)",PV R 9454,,MAS-LOC-0007,"Leiolopisma mauritianus (Günther, 1877). NON-TYPE. Quaternary, Pleistocene. Caves, La Pouce Mountain, Mauritius. Exchange, University Museum of Zoology, Cambridge, 1919",B,,,,,,Raw NHMUK database extract supplied by NHM; identification and fields not independently verified. NHM record flags: NON-TYPE. Age retained as reported by NHM.,Direct museum record,MAS-SRC-0010
MAS-SP-0254,MAS-TAX-0019,"Natural History Museum, London (NHMUK)",PV R 9455,,MAS-LOC-0007,"Leiolopisma mauritianus (Günther, 1877). NON-TYPE. Quaternary, Pleistocene. Caves, La Pouce Mountain, Mauritius. Exchange, University Museum of Zoology, Cambridge, 1919",B,,,,,,Raw NHMUK database extract supplied by NHM; identification and fields not independently verified. NHM record flags: NON-TYPE. Age retained as reported by NHM.,Direct museum record,MAS-SRC-0010
MAS-SP-0255,MAS-TAX-0019,"Natural History Museum, London (NHMUK)",PV R 9456,,MAS-LOC-0007,"Leiolopisma mauritianus (Günther, 1877). NON-TYPE. Quaternary, Pleistocene. Caves, La Pouce Mountain, Mauritius. Exchange, University Museum of Zoology, Cambridge, 1919",B,,,,,,Raw NHMUK database extract supplied by NHM; identification and fields not independently verified. NHM record flags: NON-TYPE. Age retained as reported by NHM.,Direct museum record,MAS-SRC-0010
MAS-SP-0256,,"Natural History Museum, London (NHMUK)",PV R 9393,,MAS-LOC-0007,"Quaternary, Pleistocene. Caves, La Pouce Mountain, Mauritius. Exchange, University Museum of Zoology, Cambridge, 1919",B,,,,,,Raw NHMUK database extract supplied by NHM; identification and fields not independently verified. Age retained as reported by NHM.,Direct museum record,MAS-SRC-0010
MAS-SP-0257,,"Natural History Museum, London (NHMUK)",PV R 9394,,MAS-LOC-0007,"Quaternary, Pleistocene. Caves, La Pouce Mountain, Mauritius. Exchange, University Museum of Zoology, Cambridge, 1919",B,,,,,,Raw NHMUK database extract supplied by NHM; identification and fields not independently verified. Age retained as reported by NHM.,Direct museum record,MAS-SRC-0010
MAS-SP-0258,,"Natural History Museum, London (NHMUK)",PV R 9395,,MAS-LOC-0007,"Quaternary, Pleistocene. Caves, La Pouce Mountain, Mauritius. Exchange, University Museum of Zoology, Cambridge, 1919",B,,,,,,Raw NHMUK database extract supplied by NHM; identification and fields not independently verified. Age retained as reported by NHM.,Direct museum record,MAS-SRC-0010
MAS-SP-0259,MAS-TAX-0024,"Natural History Museum, London (NHMUK)",PV R 9312,,MAS-LOC-0007,"Leiolopisma telfairii (Desjardins, 1831). NON-TYPE. Quaternary, Pleistocene. Caves, La Pouce Mountain, Mauritius. Exchange, University Museum of Zoology, Cambridge, 1919",B,,,,,,Raw NHMUK database extract supplied by NHM; identification and fields not independently verified. NHM record flags: NON-TYPE. Age retained as reported by NHM.,Direct museum record,MAS-SRC-0010
MAS-SP-0260,MAS-TAX-0018,"Natural History Museum, London (NHMUK)",PV R 4623,,MAS-LOC-0003,"Testudo Linnaeus, 1758. NON-TYPE. Quaternary, Pleistocene. Mare-aux-Songes, Mare-aux-Songes, Mauritius. Exchange, University Museum of Zoology, Cambridge, 1919",B,,,,,,Raw NHMUK database extract supplied by NHM; identification and fields not independently verified. NHM record flags: NON-TYPE. Age retained as reported by NHM.,Direct museum record,MAS-SRC-0010
MAS-SP-0261,MAS-TAX-0018,"Natural History Museum, London (NHMUK)",PV R 4622,,MAS-LOC-0003,"Testudo Linnaeus, 1758. NON-TYPE. Quaternary, Pleistocene. Mare-aux-Songes, Mare-aux-Songes, Mauritius. Exchange, University Museum of Zoology, Cambridge, 1919",B,,,,,,Raw NHMUK database extract supplied by NHM; identification and fields not independently verified. NHM record flags: NON-TYPE. Age retained as reported by NHM.,Direct museum record,MAS-SRC-0010
MAS-SP-0262,MAS-TAX-0025,"Natural History Museum, London (NHMUK)",PV R 4658,,MAS-LOC-0003,"Cylindraspis inepta (Gunther, 1873). NON-TYPE. Quaternary, Pleistocene. Mare-aux-Songes, Mare-aux-Songes, Mauritius. Exchange, University Museum of Zoology, Cambridge, 1919",B,,,,,,Raw NHMUK database extract supplied by NHM; identification and fields not independently verified. NHM record flags: NON-TYPE. Age retained as reported by NHM.,Direct museum record,MAS-SRC-0010
MAS-SP-0263,MAS-TAX-0026,"Natural History Museum, London (NHMUK)",PV R 4630,,MAS-LOC-0003,"Testudo aff. triserrata aff. sauzieri Gadow, 1895. NON-TYPE. Quaternary, Pleistocene. Mare-aux-Songes, Mare-aux-Songes, Mauritius. Exchange, University Museum of Zoology, Cambridge, 1919",B,,,,,,Raw NHMUK database extract supplied by NHM; identification and fields not independently verified. NHM record flags: NON-TYPE. Age retained as reported by NHM.,Direct museum record,MAS-SRC-0010
MAS-SP-0264,MAS-TAX-0027,"Natural History Museum, London (NHMUK)",PV R 4625,,MAS-LOC-0003,"Testudo triserrata Gunther, 1873. NON-TYPE. Quaternary, Pleistocene. Mare-aux-Songes, Mare-aux-Songes, Mauritius. Exchange, University Museum of Zoology, Cambridge, 1919",B,,,,,,Raw NHMUK database extract supplied by NHM; identification and fields not independently verified. NHM record flags: NON-TYPE. Age retained as reported by NHM.,Direct museum record,MAS-SRC-0010
MAS-SP-0265,MAS-TAX-0027,"Natural History Museum, London (NHMUK)",PV R 4667,,MAS-LOC-0003,"Testudo triserrata. NON-TYPE. Quaternary, Pleistocene. Mare-aux-Songes, Mare-aux-Songes, Mauritius. Exchange, University Museum of Zoology, Cambridge, 1919",B,,,,,,Raw NHMUK database extract supplied by NHM; identification and fields not independently verified. NHM record flags: NON-TYPE. Age retained as reported by NHM.,Direct museum record,MAS-SRC-0010
MAS-SP-0266,MAS-TAX-0025,"Natural History Museum, London (NHMUK)",PV R 4659,,MAS-LOC-0003,"Cylindraspis inepta (Gunther, 1873). NON-TYPE. Quaternary, Pleistocene. Mare-aux-Songes, Mare-aux-Songes, Mauritius. Exchange, University Museum of Zoology, Cambridge, 1919",B,,,,,,Raw NHMUK database extract supplied by NHM; identification and fields not independently verified. NHM record flags: NON-TYPE. Age retained as reported by NHM.,Direct museum record,MAS-SRC-0010
MAS-SP-0267,MAS-TAX-0025,"Natural History Museum, London (NHMUK)",PV R 4684,,MAS-LOC-0003,"Cylindraspis inepta (Gunther, 1873). NON-TYPE. Quaternary, Pleistocene. Mare-aux-Songes, Mare-aux-Songes, Mauritius. Exchange, University Museum of Zoology, Cambridge, 1919",B,,,,,,Raw NHMUK database extract supplied by NHM; identification and fields not independently verified. NHM record flags: NON-TYPE. Age retained as reported by NHM.,Direct museum record,MAS-SRC-0010
MAS-SP-0268,MAS-TAX-0029,"Natural History Museum, London (NHMUK)",PV R 4654,,MAS-LOC-0002,"Testudo vosmaeri Fitzinger, 1826. Quaternary, Pleistocene. Rodriguez (Rodrigues), Cavern, Rodriguez (Rodrigues). Exchange, University Museum of Zoology, Cambridge, 1919",B,,,,,,Raw NHMUK database extract supplied by NHM; identification and fields not independently verified. Age retained as reported by NHM.,Direct museum record,MAS-SRC-0010
MAS-SP-0269,MAS-TAX-0030,"Natural History Museum, London (NHMUK)",PV R 4632,,MAS-LOC-0003,"Testudo sumeirei Sauzier, 1892. Quaternary, Pleistocene. Mare-aux-Songes, Mare-aux-Songes, Mauritius. Exchange, University Museum of Zoology, Cambridge, 1919",B,,,,,,Raw NHMUK database extract supplied by NHM; identification and fields not independently verified. Age retained as reported by NHM.,Direct museum record,MAS-SRC-0010
MAS-SP-0270,MAS-TAX-0031,"Natural History Museum, London (NHMUK)",PV R 4643,,MAS-LOC-0003,"Testudo inepta Gunther, 1873. Quaternary, Pleistocene. Mare-aux-Songes, Mare-aux-Songes, Mauritius. Exchange, University Museum of Zoology, Cambridge, 1919",B,,,,,,Raw NHMUK database extract supplied by NHM; identification and fields not independently verified. Age retained as reported by NHM.,Direct museum record,MAS-SRC-0010
MAS-SP-0271,MAS-TAX-0032,"Natural History Museum, London (NHMUK)",PV R 4676,,MAS-LOC-0003,"Testudo sauzieri Gadow, 1895. HOLOTYPE. Quaternary, Pleistocene. Mare-aux-Songes, Mare-aux-Songes, Mauritius. Exchange, University Museum of Zoology, Cambridge, 1919",B,,,,,,Raw NHMUK database extract supplied by NHM; identification and fields not independently verified. NHM record flags: HOLOTYPE. Age retained as reported by NHM.,Direct museum record,MAS-SRC-0010
MAS-SP-0272,MAS-TAX-0031,"Natural History Museum, London (NHMUK)",PV R 4644,,MAS-LOC-0003,"Testudo inepta Gunther, 1873. Quaternary, Pleistocene. Mare-aux-Songes, Mare-aux-Songes, Mauritius. Exchange, University Museum of Zoology, Cambridge, 1919",B,,,,,,Raw NHMUK database extract supplied by NHM; identification and fields not independently verified. Age retained as reported by NHM.,Direct museum record,MAS-SRC-0010
MAS-SP-0273,MAS-TAX-0030,"Natural History Museum, London (NHMUK)",PV R 4634,,MAS-LOC-0003,"Testudo sumeirei Sauzier, 1892. Quaternary, Pleistocene. Mare-aux-Songes, Mare-aux-Songes, Mauritius. Exchange, University Museum of Zoology, Cambridge, 1919",B,,,,,,Raw NHMUK database extract supplied by NHM; identification and fields not independently verified. Age retained as reported by NHM.,Direct museum record,MAS-SRC-0010
MAS-SP-0274,MAS-TAX-0027,"Natural History Museum, London (NHMUK)",PV R 4638,,MAS-LOC-0003,"Testudo triserrata Gunther, 1873. Quaternary, Pleistocene. Mare-aux-Songes, Mare-aux-Songes, Mauritius. Exchange, University Museum of Zoology, Cambridge, 1919",B,,,,,,Raw NHMUK database extract supplied by NHM; identification and fields not independently verified. Age retained as reported by NHM.,Direct museum record,MAS-SRC-0010
MAS-SP-0275,MAS-TAX-0027,"Natural History Museum, London (NHMUK)",PV R 4639,,MAS-LOC-0003,"Testudo triserrata Gunther, 1873. Quaternary, Pleistocene. Mare-aux-Songes, Mare-aux-Songes, Mauritius. Exchange, University Museum of Zoology, Cambridge, 1919",B,,,,,,Raw NHMUK database extract supplied by NHM; identification and fields not independently verified. Age retained as reported by NHM.,Direct museum record,MAS-SRC-0010
MAS-SP-0276,MAS-TAX-0027,"Natural History Museum, London (NHMUK)",PV R 4641,,MAS-LOC-0003,"Testudo triserrata Gunther, 1873. Quaternary, Pleistocene. Mare-aux-Songes, Mare-aux-Songes, Mauritius. Exchange, University Museum of Zoology, Cambridge, 1919",B,,,,,,Raw NHMUK database extract supplied by NHM; identification and fields not independently verified. Age retained as reported by NHM.,Direct museum record,MAS-SRC-0010
MAS-SP-0277,MAS-TAX-0027,"Natural History Museum, London (NHMUK)",PV R 4640,,MAS-LOC-0003,"Testudo triserrata Gunther, 1873. Quaternary, Pleistocene. Mare-aux-Songes, Mare-aux-Songes, Mauritius. Exchange, University Museum of Zoology, Cambridge, 1919",B,,,,,,Raw NHMUK database extract supplied by NHM; identification and fields not independently verified. Age retained as reported by NHM.,Direct museum record,MAS-SRC-0010
MAS-SP-0278,MAS-TAX-0027,"Natural History Museum, London (NHMUK)",PV R 4642,,MAS-LOC-0003,"Testudo triserrata Gunther, 1873. Quaternary, Pleistocene. Mare-aux-Songes, Mare-aux-Songes, Mauritius. Exchange, University Museum of Zoology, Cambridge, 1919",B,,,,,,Raw NHMUK database extract supplied by NHM; identification and fields not independently verified. Age retained as reported by NHM.,Direct museum record,MAS-SRC-0010
MAS-SP-0279,MAS-TAX-0030,"Natural History Museum, London (NHMUK)",PV R 4628,,MAS-LOC-0003,"Testudo sumeirei Sauzier, 1892. Quaternary, Pleistocene. Mare-aux-Songes, Mare-aux-Songes, Mauritius. Exchange, University Museum of Zoology, Cambridge, 1919",B,,,,,,Raw NHMUK database extract supplied by NHM; identification and fields not independently verified. Age retained as reported by NHM.,Direct museum record,MAS-SRC-0010
MAS-SP-0280,MAS-TAX-0030,"Natural History Museum, London (NHMUK)",PV R 4629,,MAS-LOC-0003,"Testudo sumeirei Sauzier, 1892. Quaternary, Pleistocene. Mare-aux-Songes, Mare-aux-Songes, Mauritius. Exchange, University Museum of Zoology, Cambridge, 1919",B,,,,,,Raw NHMUK database extract supplied by NHM; identification and fields not independently verified. Age retained as reported by NHM.,Direct museum record,MAS-SRC-0010
MAS-SP-0281,MAS-TAX-0025,"Natural History Museum, London (NHMUK)",PV R 4627,,MAS-LOC-0003,"Cylindraspis inepta (Gunther, 1873). NON-TYPE. Quaternary, Pleistocene. Mare-aux-Songes, Mare-aux-Songes, Mauritius. Exchange, University Museum of Zoology, Cambridge, 1919",B,,,,,,Raw NHMUK database extract supplied by NHM; identification and fields not independently verified. NHM record flags: NON-TYPE. Age retained as reported by NHM.,Direct museum record,MAS-SRC-0010
MAS-SP-0282,MAS-TAX-0027,"Natural History Museum, London (NHMUK)",PV R 4624,,MAS-LOC-0003,"Testudo triserrata Gunther, 1873. NON-TYPE. Quaternary, Pleistocene. Mare-aux-Songes, Mare-aux-Songes, Mauritius. Exchange, University Museum of Zoology, Cambridge, 1919",B,,,,,,Raw NHMUK database extract supplied by NHM; identification and fields not independently verified. NHM record flags: NON-TYPE. Age retained as reported by NHM.,Direct museum record,MAS-SRC-0010
MAS-SP-0283,MAS-TAX-0027,"Natural History Museum, London (NHMUK)",PV R 4633,,MAS-LOC-0003,"Testudo triserrata. Quaternary, Pleistocene. Mare-aux-Songes, Mare-aux-Songes, Mauritius. Exchange, University Museum of Zoology, Cambridge, 1919",B,,,,,,Raw NHMUK database extract supplied by NHM; identification and fields not independently verified. Age retained as reported by NHM.,Direct museum record,MAS-SRC-0010
MAS-SP-0284,MAS-TAX-0025,"Natural History Museum, London (NHMUK)",PV R 4675,,MAS-LOC-0003,"Cylindraspis inepta (Gunther, 1873). NON-TYPE. Quaternary, Pleistocene. Mare-aux-Songes, Mare-aux-Songes, Mauritius. Exchange, University Museum of Zoology, Cambridge, 1919",B,,,,,,Raw NHMUK database extract supplied by NHM; identification and fields not independently verified. NHM record flags: NON-TYPE. Age retained as reported by NHM.,Direct museum record,MAS-SRC-0010
MAS-SP-0285,MAS-TAX-0025,"Natural History Museum, London (NHMUK)",PV R 4626,,MAS-LOC-0003,"Cylindraspis inepta (Gunther, 1873). NON-TYPE. Quaternary, Pleistocene. Mare-aux-Songes, Mare-aux-Songes, Mauritius. Exchange, University Museum of Zoology, Cambridge, 1919",B,,,,,,Raw NHMUK database extract supplied by NHM; identification and fields not independently verified. NHM record flags: NON-TYPE. Age retained as reported by NHM.,Direct museum record,MAS-SRC-0010
MAS-SP-0286,MAS-TAX-0002,"University Museum of Zoology, Cambridge (UMZC)",415.R,skull; CT/endocast specimen,MAS-LOC-0004,Rodrigues; used in Citron et al. (2026) CT dataset.,B,Unknown,,Unknown,,,Published specimen identifier. Exact collecting locality and public availability of CT/3D files not yet verified in the live UMZC catalogue.,Literature-derived,MAS-SRC-0006
MAS-SP-0287,MAS-TAX-0002,"University Museum of Zoology, Cambridge (UMZC)",643,skull; CT/endocast specimen,MAS-LOC-0004,Rodrigues; used in Citron et al. (2026) CT dataset.,B,Unknown,,Unknown,,,Published specimen identifier. Exact collecting locality and public availability of CT/3D files not yet verified in the live UMZC catalogue.,Literature-derived,MAS-SRC-0006
MAS-SP-0288,MAS-TAX-0002,"University Museum of Zoology, Cambridge (UMZC)",647,skull; CT/endocast specimen,MAS-LOC-0004,Rodrigues; used in Citron et al. (2026) CT dataset.,B,Unknown,,Unknown,,,Published specimen identifier. Exact collecting locality and public availability of CT/3D files not yet verified in the live UMZC catalogue.,Literature-derived,MAS-SRC-0006
MAS-SP-0289,MAS-TAX-0002,"University Museum of Zoology, Cambridge (UMZC)",640,right radius (male),MAS-LOC-0004,Rodrigues; subfossil skeletal material.,B,Unknown,,Unknown,,,Listed by Hume & Steel (2013) in the comparative Solitaire wing-material table.,Literature-derived,MAS-SRC-0003
MAS-SP-0290,MAS-TAX-0002,"University Museum of Zoology, Cambridge (UMZC)",636,left carpometacarpus (male),MAS-LOC-0004,Rodrigues; subfossil skeletal material.,B,Unknown,,Unknown,,,Listed by Hume & Steel (2013).,Literature-derived,MAS-SRC-0003
MAS-SP-0291,MAS-TAX-0002,"University Museum of Zoology, Cambridge (UMZC)",639,right coracoid (female),MAS-LOC-0004,Rodrigues; subfossil skeletal material.,B,Unknown,,Unknown,,,Listed by Hume & Steel (2013).,Literature-derived,MAS-SRC-0003
MAS-SP-0292,MAS-TAX-0002,"University Museum of Zoology, Cambridge (UMZC)",635,sternum; left and right carpometacarpus (female),MAS-LOC-0004,Rodrigues; subfossil skeletal material.,B,Unknown,,Unknown,,,Hume & Steel (2013) cite the same catalogue number for a sternum and both carpometacarpi; verify whether this is an associated specimen/lot in the current catalogue.,Literature-derived,MAS-SRC-0003
MAS-SP-0293,MAS-TAX-0002,"University Museum of Zoology, Cambridge (UMZC)",638,right ulna (female),MAS-LOC-0004,Rodrigues; subfossil skeletal material.,B,Unknown,,Unknown,,,Listed by Hume & Steel (2013).,Literature-derived,MAS-SRC-0003
MAS-SP-0294,MAS-TAX-0033,"University Museum of Zoology, Cambridge (UMZC)",562,cranium; rostrum; mandible,MAS-LOC-0008,"Plaine Corail, Rodrigues; subfossil material.",B,Unknown,,Unknown,,,Referred material in Hume (2007).,Literature-derived,MAS-SRC-0002
MAS-SP-0295,MAS-TAX-0033,"University Museum of Zoology, Cambridge (UMZC)",575,rostrum / anterior beak material; possible type,MAS-LOC-0008,"Plaine Corail, Rodrigues; specimen sent by Milne-Edwards to Alfred Newton after 1880.",B,Unknown,,Unknown,,,"Hume (2007) notes that UMZC 575 matches the original holotype description/drawing and may be the missing holotype, but confirming data are lacking.",Literature-derived,MAS-SRC-0002
MAS-SP-0296,MAS-TAX-0004,"University Museum of Zoology, Cambridge (UMZC)",566,incomplete mandible,MAS-LOC-0004,Rodrigues; part of material used historically for Necropsar rodericanus.,B,Unknown,,Unknown,,,Hume (2014) identifies UMZC 566 as the incomplete mandible figured/described by Günther & Newton (1879).,Literature-derived,MAS-SRC-0004
MAS-SP-0297,MAS-TAX-0003,"University Museum of Zoology, Cambridge (UMZC)",578,cranium,MAS-LOC-0005,Mauritius; exact collecting locality not established from the source checked.,B,Unknown,,Unknown,,,Figured by Hume (2007); previously misidentified as Necropsittacus rodericanus.,Literature-derived,MAS-SRC-0002
MAS-SP-0298,MAS-TAX-0003,"University Museum of Zoology, Cambridge (UMZC)",1551,cranium,MAS-LOC-0005,Mauritius; exact collecting locality not established from the source checked.,B,Unknown,,Unknown,,,Figured by Hume (2007).,Literature-derived,MAS-SRC-0002
MAS-SP-0299,MAS-TAX-0034,"University Museum of Zoology, Cambridge (UMZC)",577a,mandibular symphysis; holotype,MAS-LOC-0007,"Le Pouce, Mauritius; Thirioux collection.",B,Unknown,,Unknown,,,Hume (2007) states that the specimen now catalogued as UMZC 577a is the holotype of the taxon originally described as Lophopsittacus bensoni.,Literature-derived,MAS-SRC-0002
MAS-SP-0300,MAS-TAX-0034,"University Museum of Zoology, Cambridge (UMZC)",577b,lower mandibular symphysis; paratype,MAS-LOC-0007,"Le Pouce, Mauritius; Thirioux collection.",B,Unknown,,Unknown,,,Hume (2007) includes UMZC 577b among the paratypes.,Literature-derived,MAS-SRC-0002
MAS-SP-0301,MAS-TAX-0012,"University Museum of Zoology, Cambridge (UMZC)",579,scapula / humerus material,MAS-LOC-0005,Mauritius; exact collecting locality not established from the source checked.,B,Unknown,,Unknown,,,UMZC 579 is figured by Hume (2019) as Aphanapteryx bonasia skeletal material; figure captions identify scapular and humeral material.,Literature-derived,MAS-SRC-0005
MAS-SP-0302,MAS-TAX-0012,"University Museum of Zoology, Cambridge (UMZC)",303BB,sternum,MAS-LOC-0005,Mauritius; exact collecting locality not established from the source checked.,B,Unknown,,Unknown,,,Figured by Hume (2019) as Aphanapteryx bonasia.,Literature-derived,MAS-SRC-0005
MAS-SP-0303,MAS-TAX-0035,"University Museum of Zoology, Cambridge (UMZC)",300AA5,right tarsometatarsus; holotype,MAS-LOC-0003,"Mare aux Songes, Mauritius; collected by Théodore Sauzier, 1889–1891.",B,Unknown,,Unknown,,,Holotype of Dryolimnas chekei according to Hume (2019).,Literature-derived,MAS-SRC-0005